#
# There is insufficient memory for the Java Runtime Environment to continue.
# Native memory allocation (malloc) failed to allocate 32784 bytes for Chunk::new
# Possible reasons:
#   The system is out of physical RAM or swap space
#   The process is running with CompressedOops enabled, and the Java Heap may be blocking the growth of the native heap
# Possible solutions:
#   Reduce memory load on the system
#   Increase physical memory or swap space
#   Check if swap backing store is full
#   Decrease Java heap size (-Xmx/-Xms)
#   Decrease number of Java threads
#   Decrease Java thread stack sizes (-Xss)
#   Set larger code cache with -XX:ReservedCodeCacheSize=
#   JVM is running with Unscaled Compressed Oops mode in which the Java heap is
#     placed in the first 4GB address space. The Java Heap base address is the
#     maximum limit for the native heap growth. Please use -XX:HeapBaseMinAddress
#     to set the Java Heap base and to place the Java Heap above 4GB virtual address.
# This output file may be truncated or incomplete.
#
#  Out of Memory Error (arena.cpp:191), pid=7756, tid=17196
#
# JRE version: OpenJDK Runtime Environment Microsoft-8902769 (17.0.10+7) (build 17.0.10+7-LTS)
# Java VM: OpenJDK 64-Bit Server VM Microsoft-8902769 (17.0.10+7-LTS, mixed mode, sharing, tiered, compressed oops, compressed class ptrs, g1 gc, windows-amd64)
# No core dump will be written. Minidumps are not enabled by default on client versions of Windows
#

---------------  S U M M A R Y ------------

Command Line: --add-opens=java.base/java.lang=ALL-UNNAMED --add-opens=java.base/java.lang.invoke=ALL-UNNAMED --add-opens=java.base/java.util=ALL-UNNAMED --add-opens=java.prefs/java.util.prefs=ALL-UNNAMED --add-exports=jdk.compiler/com.sun.tools.javac.api=ALL-UNNAMED --add-exports=jdk.compiler/com.sun.tools.javac.util=ALL-UNNAMED --add-opens=java.base/java.util=ALL-UNNAMED --add-opens=java.prefs/java.util.prefs=ALL-UNNAMED --add-opens=java.base/java.nio.charset=ALL-UNNAMED --add-opens=java.base/java.net=ALL-UNNAMED --add-opens=java.base/java.util.concurrent.atomic=ALL-UNNAMED --add-opens=java.xml/javax.xml.namespace=ALL-UNNAMED -XX:MaxMetaspaceSize=512m -Xmx2048m -Dfile.encoding=windows-1252 -Duser.country=US -Duser.language=en -Duser.variant -javaagent:C:\Users\PAVILION\.gradle\wrapper\dists\gradle-8.13-bin\5xuhj0ry160q40clulazy9h7d\gradle-8.13\lib\agents\gradle-instrumentation-agent-8.13.jar org.gradle.launcher.daemon.bootstrap.GradleDaemon 8.13

Host: Intel(R) Core(TM) i7-7500U CPU @ 2.70GHz, 4 cores, 7G,  Windows 11 , 64 bit Build 22000 (10.0.22000.2124)
Time: Tue Jul 29 15:33:07 2025 Egypt Daylight Time elapsed time: 207.581227 seconds (0d 0h 3m 27s)

---------------  T H R E A D  ---------------

Current thread (0x00000183bc6c8530):  JavaThread "C2 CompilerThread0" daemon [_thread_in_native, id=17196, stack(0x0000005110300000,0x0000005110400000)]


Current CompileTask:
C2: 207581 17316       4       org.gradle.internal.file.FileHierarchySet$PrefixFileSet::contains (10 bytes)

Stack: [0x0000005110300000,0x0000005110400000]
Native frames: (J=compiled Java code, j=interpreted, Vv=VM code, C=native code)
V  [jvm.dll+0x67f829]
V  [jvm.dll+0x83750a]
V  [jvm.dll+0x838fce]
V  [jvm.dll+0x839633]
V  [jvm.dll+0x247cbf]
V  [jvm.dll+0xac524]
V  [jvm.dll+0xacb6c]
V  [jvm.dll+0xac62b]
V  [jvm.dll+0x65d08c]
V  [jvm.dll+0x59372b]
V  [jvm.dll+0x57d6ce]
V  [jvm.dll+0x57de7a]
V  [jvm.dll+0x5801df]
V  [jvm.dll+0x57fd1d]
V  [jvm.dll+0x57fc00]
V  [jvm.dll+0x587954]
V  [jvm.dll+0x222d32]
V  [jvm.dll+0x22311f]
V  [jvm.dll+0x21c1dc]
V  [jvm.dll+0x219711]
V  [jvm.dll+0x1a5176]
V  [jvm.dll+0x22957e]
V  [jvm.dll+0x22774c]
V  [jvm.dll+0x7ec5d7]
V  [jvm.dll+0x7e69da]
V  [jvm.dll+0x67e715]
C  [ucrtbase.dll+0x26c0c]
C  [KERNEL32.DLL+0x155a0]
C  [ntdll.dll+0x485b]


---------------  P R O C E S S  ---------------

Threads class SMR info:
_java_thread_list=0x00000183deb73f80, length=101, elements={
0x000001839cb76d30, 0x00000183bc6a9230, 0x00000183bc6a9df0, 0x00000183bc6c3be0,
0x00000183bc6c44b0, 0x00000183bc6c6e80, 0x00000183bc6c7840, 0x00000183bc6c8530,
0x00000183bc726250, 0x00000183bc848090, 0x00000183bc895680, 0x00000183bca8bab0,
0x00000183dda97f30, 0x00000183dc646b40, 0x00000183dc3434d0, 0x00000183dd830e10,
0x00000183dc86d7b0, 0x00000183dc86f100, 0x00000183dc870f60, 0x00000183dc86e6e0,
0x00000183dc870a50, 0x00000183dc86f610, 0x00000183dc86dcc0, 0x00000183dc86fb20,
0x00000183dc870540, 0x00000183dc86e1d0, 0x00000183dc86ebf0, 0x00000183e00435a0,
0x00000183e003fdf0, 0x00000183e003e4a0, 0x00000183e0041c50, 0x00000183e0043ab0,
0x00000183e003cb50, 0x00000183e00444d0, 0x00000183e003d060, 0x00000183e003f3d0,
0x00000183e003f8e0, 0x00000183deb42c50, 0x00000183deb454d0, 0x00000183deb3ea80,
0x00000183deb3e060, 0x00000183deb42230, 0x00000183deb459e0, 0x00000183deb40df0,
0x00000183deb43160, 0x00000183deb42740, 0x00000183deb41d20, 0x00000183deb43670,
0x00000183deb43b80, 0x00000183deb41810, 0x00000183deb3ef90, 0x00000183deb403d0,
0x00000183df82bef0, 0x00000183df829b80, 0x00000183df82d840, 0x00000183df8305d0,
0x00000183df82f190, 0x00000183df82dd50, 0x00000183df82f6a0, 0x00000183df82c910,
0x00000183df82ce20, 0x00000183df829160, 0x00000183df82d330, 0x00000183df82ec80,
0x00000183df829670, 0x00000183df82fbb0, 0x00000183df8300c0, 0x00000183df830ae0,
0x00000183df82a090, 0x00000183df82c400, 0x00000183df82a5a0, 0x00000183df82afc0,
0x00000183df82aab0, 0x00000183df82b4d0, 0x00000183e1616060, 0x00000183e16179b0,
0x00000183e1612dc0, 0x00000183e1615130, 0x00000183e1616a80, 0x00000183e16174a0,
0x00000183e1617ec0, 0x00000183e16183d0, 0x00000183e16188e0, 0x00000183e1615640,
0x00000183e1619810, 0x00000183e3571f80, 0x00000183e356fc10, 0x00000183e0040d20,
0x00000183e003df90, 0x00000183e0043fc0, 0x00000183df0e07a0, 0x00000183df0e0cb0,
0x00000183df0de940, 0x00000183df0de430, 0x00000183df0e3020, 0x00000183df0dbbb0,
0x00000183df0e20f0, 0x00000183df0dc0c0, 0x00000183df0dee50, 0x00000183df0e2600,
0x00000183de48a760
}

Java Threads: ( => current thread )
  0x000001839cb76d30 JavaThread "main" [_thread_blocked, id=1220, stack(0x000000510f600000,0x000000510f700000)]
  0x00000183bc6a9230 JavaThread "Reference Handler" daemon [_thread_blocked, id=16832, stack(0x000000510fd00000,0x000000510fe00000)]
  0x00000183bc6a9df0 JavaThread "Finalizer" daemon [_thread_blocked, id=9840, stack(0x000000510fe00000,0x000000510ff00000)]
  0x00000183bc6c3be0 JavaThread "Signal Dispatcher" daemon [_thread_blocked, id=17108, stack(0x000000510ff00000,0x0000005110000000)]
  0x00000183bc6c44b0 JavaThread "Attach Listener" daemon [_thread_blocked, id=4012, stack(0x0000005110000000,0x0000005110100000)]
  0x00000183bc6c6e80 JavaThread "Service Thread" daemon [_thread_blocked, id=2796, stack(0x0000005110100000,0x0000005110200000)]
  0x00000183bc6c7840 JavaThread "Monitor Deflation Thread" daemon [_thread_blocked, id=2924, stack(0x0000005110200000,0x0000005110300000)]
=>0x00000183bc6c8530 JavaThread "C2 CompilerThread0" daemon [_thread_in_native, id=17196, stack(0x0000005110300000,0x0000005110400000)]
  0x00000183bc726250 JavaThread "C1 CompilerThread0" daemon [_thread_blocked, id=4744, stack(0x0000005110400000,0x0000005110500000)]
  0x00000183bc848090 JavaThread "Sweeper thread" daemon [_thread_blocked, id=10008, stack(0x0000005110500000,0x0000005110600000)]
  0x00000183bc895680 JavaThread "Common-Cleaner" daemon [_thread_blocked, id=16232, stack(0x0000005110600000,0x0000005110700000)]
  0x00000183bca8bab0 JavaThread "Notification Thread" daemon [_thread_blocked, id=15804, stack(0x0000005110700000,0x0000005110800000)]
  0x00000183dda97f30 JavaThread "Daemon health stats" [_thread_blocked, id=8736, stack(0x0000005110d00000,0x0000005110e00000)]
  0x00000183dc646b40 JavaThread "Incoming local TCP Connector on port 56995" [_thread_in_native, id=4348, stack(0x0000005110e00000,0x0000005110f00000)]
  0x00000183dc3434d0 JavaThread "Daemon periodic checks" [_thread_blocked, id=13868, stack(0x0000005110f00000,0x0000005111000000)]
  0x00000183dd830e10 JavaThread "Daemon" [_thread_blocked, id=16800, stack(0x0000005111000000,0x0000005111100000)]
  0x00000183dc86d7b0 JavaThread "Handler for socket connection from /127.0.0.1:56995 to /127.0.0.1:56996" [_thread_in_native, id=12528, stack(0x0000005111100000,0x0000005111200000)]
  0x00000183dc86f100 JavaThread "Cancel handler" [_thread_blocked, id=12084, stack(0x0000005111200000,0x0000005111300000)]
  0x00000183dc870f60 JavaThread "Daemon worker" [_thread_in_native, id=10204, stack(0x0000005111300000,0x0000005111400000)]
  0x00000183dc86e6e0 JavaThread "Asynchronous log dispatcher for DefaultDaemonConnection: socket connection from /127.0.0.1:56995 to /127.0.0.1:56996" [_thread_blocked, id=16900, stack(0x0000005111400000,0x0000005111500000)]
  0x00000183dc870a50 JavaThread "Stdin handler" [_thread_blocked, id=15300, stack(0x0000005111500000,0x0000005111600000)]
  0x00000183dc86f610 JavaThread "Daemon client event forwarder" [_thread_blocked, id=17032, stack(0x0000005111600000,0x0000005111700000)]
  0x00000183dc86dcc0 JavaThread "Cache worker for journal cache (C:\Users\PAVILION\.gradle\caches\journal-1)" [_thread_blocked, id=11356, stack(0x0000005111700000,0x0000005111800000)]
  0x00000183dc86fb20 JavaThread "File lock request listener" [_thread_in_native, id=12640, stack(0x0000005111800000,0x0000005111900000)]
  0x00000183dc870540 JavaThread "Cache worker for file hash cache (C:\Users\PAVILION\.gradle\caches\8.13\fileHashes)" [_thread_blocked, id=4332, stack(0x0000005111900000,0x0000005111a00000)]
  0x00000183dc86e1d0 JavaThread "Cache worker for file hash cache (D:\Dev space\Gemma showcase\SmartMoney\android\.gradle\8.13\fileHashes)" [_thread_blocked, id=2884, stack(0x0000005111a00000,0x0000005111b00000)]
  0x00000183dc86ebf0 Thread [stack: 0x0000005111b00000,0x0000005111c00000] [id=11944]
  0x00000183e00435a0 JavaThread "File watcher server" daemon [_thread_in_native, id=13808, stack(0x0000005111d00000,0x0000005111e00000)]
  0x00000183e003fdf0 JavaThread "File watcher consumer" daemon [_thread_blocked, id=16404, stack(0x0000005111e00000,0x0000005111f00000)]
  0x00000183e003e4a0 JavaThread "jar transforms" [_thread_blocked, id=16424, stack(0x0000005111f00000,0x0000005112000000)]
  0x00000183e0041c50 JavaThread "Cache worker for checksums cache (D:\Dev space\Gemma showcase\SmartMoney\android\.gradle\8.13\checksums)" [_thread_blocked, id=2476, stack(0x0000005112000000,0x0000005112100000)]
  0x00000183e0043ab0 JavaThread "Cache worker for file content cache (C:\Users\PAVILION\.gradle\caches\8.13\fileContent)" [_thread_blocked, id=12816, stack(0x0000005112100000,0x0000005112200000)]
  0x00000183e003cb50 JavaThread "Cache worker for cache directory md-supplier (C:\Users\PAVILION\.gradle\caches\8.13\md-supplier)" [_thread_blocked, id=9696, stack(0x0000005112200000,0x0000005112300000)]
  0x00000183e00444d0 JavaThread "Cache worker for cache directory md-rule (C:\Users\PAVILION\.gradle\caches\8.13\md-rule)" [_thread_blocked, id=9276, stack(0x0000005112300000,0x0000005112400000)]
  0x00000183e003d060 JavaThread "Cache worker for Build Output Cleanup Cache (D:\Dev space\Gemma showcase\SmartMoney\node_modules\@react-native\gradle-plugin\.gradle\buildOutputCleanup)" [_thread_blocked, id=4664, stack(0x0000005112400000,0x0000005112500000)]
  0x00000183e003f3d0 JavaThread "Unconstrained build operations" [_thread_blocked, id=6736, stack(0x0000005112500000,0x0000005112600000)]
  0x00000183e003f8e0 JavaThread "Unconstrained build operations Thread 2" [_thread_blocked, id=2460, stack(0x0000005112600000,0x0000005112700000)]
  0x00000183deb42c50 JavaThread "Unconstrained build operations Thread 3" [_thread_blocked, id=3196, stack(0x0000005112700000,0x0000005112800000)]
  0x00000183deb454d0 JavaThread "Unconstrained build operations Thread 4" [_thread_blocked, id=12808, stack(0x0000005112800000,0x0000005112900000)]
  0x00000183deb3ea80 JavaThread "Unconstrained build operations Thread 5" [_thread_blocked, id=4940, stack(0x0000005112900000,0x0000005112a00000)]
  0x00000183deb3e060 JavaThread "Unconstrained build operations Thread 6" [_thread_blocked, id=12360, stack(0x0000005112a00000,0x0000005112b00000)]
  0x00000183deb42230 JavaThread "Unconstrained build operations Thread 7" [_thread_blocked, id=3976, stack(0x0000005112b00000,0x0000005112c00000)]
  0x00000183deb459e0 JavaThread "Unconstrained build operations Thread 8" [_thread_blocked, id=2964, stack(0x0000005112c00000,0x0000005112d00000)]
  0x00000183deb40df0 JavaThread "Unconstrained build operations Thread 9" [_thread_blocked, id=12788, stack(0x0000005112d00000,0x0000005112e00000)]
  0x00000183deb43160 JavaThread "Unconstrained build operations Thread 10" [_thread_blocked, id=15840, stack(0x0000005112e00000,0x0000005112f00000)]
  0x00000183deb42740 JavaThread "Unconstrained build operations Thread 11" [_thread_blocked, id=16972, stack(0x0000005112f00000,0x0000005113000000)]
  0x00000183deb41d20 JavaThread "Unconstrained build operations Thread 12" [_thread_blocked, id=6760, stack(0x0000005113000000,0x0000005113100000)]
  0x00000183deb43670 JavaThread "Unconstrained build operations Thread 13" [_thread_blocked, id=944, stack(0x0000005113100000,0x0000005113200000)]
  0x00000183deb43b80 JavaThread "Unconstrained build operations Thread 14" [_thread_blocked, id=16660, stack(0x0000005113200000,0x0000005113300000)]
  0x00000183deb41810 JavaThread "Unconstrained build operations Thread 15" [_thread_blocked, id=6976, stack(0x0000005113300000,0x0000005113400000)]
  0x00000183deb3ef90 JavaThread "Memory manager" [_thread_blocked, id=7888, stack(0x0000005113500000,0x0000005113600000)]
  0x00000183deb403d0 JavaThread "ForkJoinPool.commonPool-worker-2" daemon [_thread_blocked, id=15704, stack(0x0000005113700000,0x0000005113800000)]
  0x00000183df82bef0 JavaThread "included builds" [_thread_blocked, id=8752, stack(0x0000005113c00000,0x0000005113d00000)]
  0x00000183df829b80 JavaThread "Execution worker" [_thread_blocked, id=8316, stack(0x0000005113d00000,0x0000005113e00000)]
  0x00000183df82d840 JavaThread "Execution worker Thread 2" [_thread_blocked, id=456, stack(0x0000005113e00000,0x0000005113f00000)]
  0x00000183df8305d0 JavaThread "Execution worker Thread 3" [_thread_blocked, id=15732, stack(0x0000005113f00000,0x0000005114000000)]
  0x00000183df82f190 JavaThread "Cache worker for execution history cache (D:\Dev space\Gemma showcase\SmartMoney\node_modules\@react-native\gradle-plugin\.gradle\8.13\executionHistory)" [_thread_blocked, id=8248, stack(0x0000005114000000,0x0000005114100000)]
  0x00000183df82dd50 JavaThread "Unconstrained build operations Thread 16" [_thread_blocked, id=9776, stack(0x0000005114100000,0x0000005114200000)]
  0x00000183df82f6a0 JavaThread "Unconstrained build operations Thread 17" [_thread_blocked, id=16572, stack(0x0000005114200000,0x0000005114300000)]
  0x00000183df82c910 JavaThread "Unconstrained build operations Thread 18" [_thread_blocked, id=16244, stack(0x0000005114300000,0x0000005114400000)]
  0x00000183df82ce20 JavaThread "Unconstrained build operations Thread 19" [_thread_blocked, id=4240, stack(0x0000005114400000,0x0000005114500000)]
  0x00000183df829160 JavaThread "Unconstrained build operations Thread 20" [_thread_blocked, id=15628, stack(0x0000005114500000,0x0000005114600000)]
  0x00000183df82d330 JavaThread "Unconstrained build operations Thread 21" [_thread_blocked, id=5616, stack(0x0000005114600000,0x0000005114700000)]
  0x00000183df82ec80 JavaThread "Unconstrained build operations Thread 22" [_thread_blocked, id=13488, stack(0x0000005114700000,0x0000005114800000)]
  0x00000183df829670 JavaThread "Unconstrained build operations Thread 23" [_thread_blocked, id=2292, stack(0x0000005114800000,0x0000005114900000)]
  0x00000183df82fbb0 JavaThread "Unconstrained build operations Thread 24" [_thread_blocked, id=13676, stack(0x0000005114900000,0x0000005114a00000)]
  0x00000183df8300c0 JavaThread "Unconstrained build operations Thread 25" [_thread_blocked, id=16792, stack(0x0000005114a00000,0x0000005114b00000)]
  0x00000183df830ae0 JavaThread "Unconstrained build operations Thread 26" [_thread_blocked, id=14548, stack(0x0000005114b00000,0x0000005114c00000)]
  0x00000183df82a090 JavaThread "Unconstrained build operations Thread 27" [_thread_blocked, id=4180, stack(0x0000005114c00000,0x0000005114d00000)]
  0x00000183df82c400 JavaThread "Unconstrained build operations Thread 28" [_thread_blocked, id=13828, stack(0x0000005114d00000,0x0000005114e00000)]
  0x00000183df82a5a0 JavaThread "Unconstrained build operations Thread 29" [_thread_blocked, id=3060, stack(0x0000005114e00000,0x0000005114f00000)]
  0x00000183df82afc0 JavaThread "Unconstrained build operations Thread 30" [_thread_blocked, id=3488, stack(0x0000005114f00000,0x0000005115000000)]
  0x00000183df82aab0 JavaThread "Unconstrained build operations Thread 31" [_thread_blocked, id=14632, stack(0x0000005115000000,0x0000005115100000)]
  0x00000183df82b4d0 JavaThread "Unconstrained build operations Thread 32" [_thread_blocked, id=7844, stack(0x0000005115100000,0x0000005115200000)]
  0x00000183e1616060 JavaThread "Unconstrained build operations Thread 33" [_thread_blocked, id=12756, stack(0x0000005115200000,0x0000005115300000)]
  0x00000183e16179b0 JavaThread "Unconstrained build operations Thread 34" [_thread_blocked, id=8968, stack(0x0000005115300000,0x0000005115400000)]
  0x00000183e1612dc0 JavaThread "Unconstrained build operations Thread 35" [_thread_blocked, id=9204, stack(0x0000005115400000,0x0000005115500000)]
  0x00000183e1615130 JavaThread "Unconstrained build operations Thread 36" [_thread_blocked, id=15880, stack(0x0000005115500000,0x0000005115600000)]
  0x00000183e1616a80 JavaThread "Unconstrained build operations Thread 37" [_thread_blocked, id=10052, stack(0x0000005115600000,0x0000005115700000)]
  0x00000183e16174a0 JavaThread "jar transforms Thread 2" [_thread_blocked, id=3712, stack(0x0000005115700000,0x0000005115800000)]
  0x00000183e1617ec0 JavaThread "jar transforms Thread 3" [_thread_blocked, id=2860, stack(0x0000005110b00000,0x0000005110c00000)]
  0x00000183e16183d0 JavaThread "Unconstrained build operations Thread 38" [_thread_blocked, id=6432, stack(0x0000005115900000,0x0000005115a00000)]
  0x00000183e16188e0 JavaThread "Unconstrained build operations Thread 39" [_thread_blocked, id=1520, stack(0x0000005115a00000,0x0000005115b00000)]
  0x00000183e1615640 JavaThread "Unconstrained build operations Thread 40" [_thread_blocked, id=6676, stack(0x0000005115b00000,0x0000005115c00000)]
  0x00000183e1619810 JavaThread "jar transforms Thread 4" [_thread_blocked, id=16780, stack(0x0000005115c00000,0x0000005115d00000)]
  0x00000183e3571f80 JavaThread "pool-3-thread-1" [_thread_blocked, id=15556, stack(0x0000005115f00000,0x0000005116000000)]
  0x00000183e356fc10 JavaThread "Cache worker for execution history cache (D:\Dev space\Gemma showcase\SmartMoney\android\.gradle\8.13\executionHistory)" [_thread_blocked, id=3220, stack(0x0000005116100000,0x0000005116200000)]
  0x00000183e0040d20 JavaThread "WorkerExecutor Queue" [_thread_blocked, id=12240, stack(0x0000005116300000,0x0000005116400000)]
  0x00000183e003df90 JavaThread "RMI Scheduler(0)" daemon [_thread_blocked, id=3052, stack(0x0000005116400000,0x0000005116500000)]
  0x00000183e0043fc0 JavaThread "RMI GC Daemon" daemon [_thread_blocked, id=17300, stack(0x0000005116700000,0x0000005116800000)]
  0x00000183df0e07a0 JavaThread "RMI TCP Accept-0" daemon [_thread_in_native, id=4416, stack(0x0000005116800000,0x0000005116900000)]
  0x00000183df0e0cb0 JavaThread "RMI Reaper" [_thread_blocked, id=4972, stack(0x0000005116900000,0x0000005116a00000)]
  0x00000183df0de940 JavaThread "Cache worker for Java compile cache (C:\Users\PAVILION\.gradle\caches\8.13\javaCompile)" [_thread_blocked, id=14360, stack(0x000000510f400000,0x000000510f500000)]
  0x00000183df0de430 JavaThread "Build operations" [_thread_blocked, id=15140, stack(0x000000510f500000,0x000000510f600000)]
  0x00000183df0e3020 JavaThread "Build operations Thread 2" [_thread_blocked, id=15400, stack(0x0000005116d00000,0x0000005116e00000)]
  0x00000183df0dbbb0 JavaThread "Build operations Thread 3" [_thread_blocked, id=13592, stack(0x0000005116e00000,0x0000005116f00000)]
  0x00000183df0e20f0 JavaThread "WorkerExecutor Queue Thread 2" [_thread_blocked, id=1468, stack(0x0000005116600000,0x0000005116700000)]
  0x00000183df0dc0c0 JavaThread "WorkerExecutor Queue Thread 3" [_thread_blocked, id=1136, stack(0x0000005116f00000,0x0000005117000000)]
  0x00000183df0dee50 JavaThread "WorkerExecutor Queue Thread 5" [_thread_blocked, id=1864, stack(0x0000005117100000,0x0000005117200000)]
  0x00000183df0e2600 JavaThread "pool-2-thread-1" [_thread_in_native, id=2352, stack(0x000000510f300000,0x000000510f400000)]
  0x00000183de48a760 JavaThread "C2 CompilerThread1" daemon [_thread_in_native, id=11880, stack(0x0000005113600000,0x0000005113700000)]

Other Threads:
  0x00000183bc6a3bc0 VMThread "VM Thread" [stack: 0x000000510fc00000,0x000000510fd00000] [id=16252]
  0x000001839cb77ac0 WatcherThread [stack: 0x0000005110800000,0x0000005110900000] [id=14452]
  0x000001839ca6e7c0 GCTaskThread "GC Thread#0" [stack: 0x000000510f700000,0x000000510f800000] [id=14456]
  0x00000183bcace440 GCTaskThread "GC Thread#1" [stack: 0x0000005110900000,0x0000005110a00000] [id=428]
  0x00000183bcace700 GCTaskThread "GC Thread#2" [stack: 0x0000005110a00000,0x0000005110b00000] [id=7876]
  0x00000183dc77b150 GCTaskThread "GC Thread#3" [stack: 0x0000005110c00000,0x0000005110d00000] [id=10428]
  0x000001839cbdfa90 ConcurrentGCThread "G1 Main Marker" [stack: 0x000000510f800000,0x000000510f900000] [id=14688]
  0x000001839cbe0c50 ConcurrentGCThread "G1 Conc#0" [stack: 0x000000510f900000,0x000000510fa00000] [id=13344]
  0x000001839cc28710 ConcurrentGCThread "G1 Refine#0" [stack: 0x000000510fa00000,0x000000510fb00000] [id=5496]
  0x00000183dde099c0 ConcurrentGCThread "G1 Refine#1" [stack: 0x0000005111c00000,0x0000005111d00000] [id=8672]
  0x000001839cc29140 ConcurrentGCThread "G1 Service" [stack: 0x000000510fb00000,0x000000510fc00000] [id=2084]

Threads with active compile tasks:
C2 CompilerThread0   207701 17316       4       org.gradle.internal.file.FileHierarchySet$PrefixFileSet::contains (10 bytes)
C2 CompilerThread1   207701 17322       4       org.gradle.internal.snapshot.DirectorySnapshot$$Lambda$1725/0x00000183bea28b78::accept (12 bytes)

VM state: not at safepoint (normal execution)

VM Mutex/Monitor currently owned by a thread: None

Heap address: 0x0000000080000000, size: 2048 MB, Compressed Oops mode: 32-bit

CDS archive(s) mapped at: [0x00000183bd000000-0x00000183bdbb0000-0x00000183bdbb0000), size 12255232, SharedBaseAddress: 0x00000183bd000000, ArchiveRelocationMode: 1.
Compressed class space mapped at: 0x00000183be000000-0x00000183d8000000, reserved size: 436207616
Narrow klass base: 0x00000183bd000000, Narrow klass shift: 0, Narrow klass range: 0x100000000

GC Precious Log:
 CPUs: 4 total, 4 available
 Memory: 8077M
 Large Page Support: Disabled
 NUMA Support: Disabled
 Compressed Oops: Enabled (32-bit)
 Heap Region Size: 1M
 Heap Min Capacity: 8M
 Heap Initial Capacity: 128M
 Heap Max Capacity: 2G
 Pre-touch: Disabled
 Parallel Workers: 4
 Concurrent Workers: 1
 Concurrent Refinement Workers: 4
 Periodic GC: Disabled

Heap:
 garbage-first heap   total 376832K, used 200578K [0x0000000080000000, 0x0000000100000000)
  region size 1024K, 34 young (34816K), 4 survivors (4096K)
 Metaspace       used 138917K, committed 140288K, reserved 557056K
  class space    used 19316K, committed 19968K, reserved 425984K

Heap Regions: E=young(eden), S=young(survivor), O=old, HS=humongous(starts), HC=humongous(continues), CS=collection set, F=free, OA=open archive, CA=closed archive, TAMS=top-at-mark-start (previous, next)
|   0|0x0000000080000000, 0x0000000080100000, 0x0000000080100000|100%|HS|  |TAMS 0x0000000080100000, 0x0000000080100000| Complete 
|   1|0x0000000080100000, 0x0000000080200000, 0x0000000080200000|100%|HC|  |TAMS 0x0000000080200000, 0x0000000080200000| Complete 
|   2|0x0000000080200000, 0x0000000080300000, 0x0000000080300000|100%|HC|  |TAMS 0x0000000080300000, 0x0000000080300000| Complete 
|   3|0x0000000080300000, 0x0000000080400000, 0x0000000080400000|100%| O|  |TAMS 0x0000000080400000, 0x0000000080400000| Untracked 
|   4|0x0000000080400000, 0x0000000080500000, 0x0000000080500000|100%| O|  |TAMS 0x0000000080500000, 0x0000000080500000| Untracked 
|   5|0x0000000080500000, 0x0000000080600000, 0x0000000080600000|100%| O|  |TAMS 0x0000000080600000, 0x0000000080600000| Untracked 
|   6|0x0000000080600000, 0x0000000080700000, 0x0000000080700000|100%| O|  |TAMS 0x0000000080700000, 0x0000000080700000| Untracked 
|   7|0x0000000080700000, 0x0000000080800000, 0x0000000080800000|100%|HS|  |TAMS 0x0000000080800000, 0x0000000080800000| Complete 
|   8|0x0000000080800000, 0x0000000080900000, 0x0000000080900000|100%| O|  |TAMS 0x0000000080900000, 0x0000000080900000| Untracked 
|   9|0x0000000080900000, 0x0000000080a00000, 0x0000000080a00000|100%| O|  |TAMS 0x0000000080a00000, 0x0000000080a00000| Untracked 
|  10|0x0000000080a00000, 0x0000000080b00000, 0x0000000080b00000|100%| O|  |TAMS 0x0000000080b00000, 0x0000000080b00000| Untracked 
|  11|0x0000000080b00000, 0x0000000080c00000, 0x0000000080c00000|100%| O|  |TAMS 0x0000000080c00000, 0x0000000080c00000| Untracked 
|  12|0x0000000080c00000, 0x0000000080d00000, 0x0000000080d00000|100%| O|  |TAMS 0x0000000080d00000, 0x0000000080d00000| Untracked 
|  13|0x0000000080d00000, 0x0000000080e00000, 0x0000000080e00000|100%| O|  |TAMS 0x0000000080e00000, 0x0000000080e00000| Untracked 
|  14|0x0000000080e00000, 0x0000000080f00000, 0x0000000080f00000|100%| O|  |TAMS 0x0000000080f00000, 0x0000000080f00000| Untracked 
|  15|0x0000000080f00000, 0x0000000081000000, 0x0000000081000000|100%| O|  |TAMS 0x0000000081000000, 0x0000000081000000| Untracked 
|  16|0x0000000081000000, 0x0000000081100000, 0x0000000081100000|100%| O|  |TAMS 0x0000000081100000, 0x0000000081100000| Untracked 
|  17|0x0000000081100000, 0x0000000081200000, 0x0000000081200000|100%| O|  |TAMS 0x0000000081200000, 0x0000000081200000| Untracked 
|  18|0x0000000081200000, 0x0000000081300000, 0x0000000081300000|100%| O|  |TAMS 0x0000000081300000, 0x0000000081300000| Untracked 
|  19|0x0000000081300000, 0x0000000081400000, 0x0000000081400000|100%| O|  |TAMS 0x0000000081400000, 0x0000000081400000| Untracked 
|  20|0x0000000081400000, 0x0000000081500000, 0x0000000081500000|100%| O|  |TAMS 0x0000000081500000, 0x0000000081500000| Untracked 
|  21|0x0000000081500000, 0x0000000081600000, 0x0000000081600000|100%| O|  |TAMS 0x0000000081600000, 0x0000000081600000| Untracked 
|  22|0x0000000081600000, 0x0000000081700000, 0x0000000081700000|100%| O|  |TAMS 0x0000000081700000, 0x0000000081700000| Untracked 
|  23|0x0000000081700000, 0x0000000081800000, 0x0000000081800000|100%| O|  |TAMS 0x0000000081800000, 0x0000000081800000| Untracked 
|  24|0x0000000081800000, 0x0000000081900000, 0x0000000081900000|100%| O|  |TAMS 0x0000000081900000, 0x0000000081900000| Untracked 
|  25|0x0000000081900000, 0x0000000081a00000, 0x0000000081a00000|100%| O|  |TAMS 0x0000000081a00000, 0x0000000081a00000| Untracked 
|  26|0x0000000081a00000, 0x0000000081b00000, 0x0000000081b00000|100%| O|  |TAMS 0x0000000081b00000, 0x0000000081b00000| Untracked 
|  27|0x0000000081b00000, 0x0000000081c00000, 0x0000000081c00000|100%| O|  |TAMS 0x0000000081c00000, 0x0000000081c00000| Untracked 
|  28|0x0000000081c00000, 0x0000000081d00000, 0x0000000081d00000|100%| O|  |TAMS 0x0000000081d00000, 0x0000000081d00000| Untracked 
|  29|0x0000000081d00000, 0x0000000081e00000, 0x0000000081e00000|100%| O|  |TAMS 0x0000000081e00000, 0x0000000081e00000| Untracked 
|  30|0x0000000081e00000, 0x0000000081f00000, 0x0000000081f00000|100%| O|  |TAMS 0x0000000081f00000, 0x0000000081f00000| Untracked 
|  31|0x0000000081f00000, 0x0000000082000000, 0x0000000082000000|100%| O|  |TAMS 0x0000000082000000, 0x0000000082000000| Untracked 
|  32|0x0000000082000000, 0x0000000082100000, 0x0000000082100000|100%| O|  |TAMS 0x0000000082100000, 0x0000000082100000| Untracked 
|  33|0x0000000082100000, 0x0000000082200000, 0x0000000082200000|100%| O|  |TAMS 0x0000000082200000, 0x0000000082200000| Untracked 
|  34|0x0000000082200000, 0x0000000082300000, 0x0000000082300000|100%| O|  |TAMS 0x0000000082300000, 0x0000000082300000| Untracked 
|  35|0x0000000082300000, 0x0000000082400000, 0x0000000082400000|100%| O|  |TAMS 0x0000000082400000, 0x0000000082400000| Untracked 
|  36|0x0000000082400000, 0x0000000082500000, 0x0000000082500000|100%|HS|  |TAMS 0x0000000082500000, 0x0000000082500000| Complete 
|  37|0x0000000082500000, 0x0000000082600000, 0x0000000082600000|100%|HC|  |TAMS 0x0000000082600000, 0x0000000082600000| Complete 
|  38|0x0000000082600000, 0x0000000082700000, 0x0000000082700000|100%|HS|  |TAMS 0x0000000082700000, 0x0000000082700000| Complete 
|  39|0x0000000082700000, 0x0000000082800000, 0x0000000082800000|100%|HC|  |TAMS 0x0000000082800000, 0x0000000082800000| Complete 
|  40|0x0000000082800000, 0x0000000082900000, 0x0000000082900000|100%|HC|  |TAMS 0x0000000082900000, 0x0000000082900000| Complete 
|  41|0x0000000082900000, 0x0000000082a00000, 0x0000000082a00000|100%|HS|  |TAMS 0x0000000082a00000, 0x0000000082a00000| Complete 
|  42|0x0000000082a00000, 0x0000000082b00000, 0x0000000082b00000|100%|HC|  |TAMS 0x0000000082b00000, 0x0000000082b00000| Complete 
|  43|0x0000000082b00000, 0x0000000082c00000, 0x0000000082c00000|100%|HS|  |TAMS 0x0000000082c00000, 0x0000000082c00000| Complete 
|  44|0x0000000082c00000, 0x0000000082d00000, 0x0000000082d00000|100%|HC|  |TAMS 0x0000000082d00000, 0x0000000082d00000| Complete 
|  45|0x0000000082d00000, 0x0000000082e00000, 0x0000000082e00000|100%|HC|  |TAMS 0x0000000082e00000, 0x0000000082e00000| Complete 
|  46|0x0000000082e00000, 0x0000000082f00000, 0x0000000082f00000|100%| O|  |TAMS 0x0000000082f00000, 0x0000000082f00000| Untracked 
|  47|0x0000000082f00000, 0x0000000083000000, 0x0000000083000000|100%| O|  |TAMS 0x0000000083000000, 0x0000000083000000| Untracked 
|  48|0x0000000083000000, 0x0000000083100000, 0x0000000083100000|100%| O|  |TAMS 0x0000000083100000, 0x0000000083100000| Untracked 
|  49|0x0000000083100000, 0x0000000083200000, 0x0000000083200000|100%| O|  |TAMS 0x0000000083200000, 0x0000000083200000| Untracked 
|  50|0x0000000083200000, 0x0000000083300000, 0x0000000083300000|100%| O|  |TAMS 0x0000000083300000, 0x0000000083300000| Untracked 
|  51|0x0000000083300000, 0x0000000083400000, 0x0000000083400000|100%| O|  |TAMS 0x0000000083400000, 0x0000000083400000| Untracked 
|  52|0x0000000083400000, 0x0000000083500000, 0x0000000083500000|100%|HS|  |TAMS 0x0000000083500000, 0x0000000083500000| Complete 
|  53|0x0000000083500000, 0x0000000083600000, 0x0000000083600000|100%| O|  |TAMS 0x0000000083600000, 0x0000000083600000| Untracked 
|  54|0x0000000083600000, 0x0000000083700000, 0x0000000083700000|100%| O|  |TAMS 0x0000000083700000, 0x0000000083700000| Untracked 
|  55|0x0000000083700000, 0x0000000083800000, 0x0000000083800000|100%| O|  |TAMS 0x0000000083800000, 0x0000000083800000| Untracked 
|  56|0x0000000083800000, 0x0000000083900000, 0x0000000083900000|100%| O|  |TAMS 0x0000000083900000, 0x0000000083900000| Untracked 
|  57|0x0000000083900000, 0x0000000083a00000, 0x0000000083a00000|100%| O|  |TAMS 0x0000000083a00000, 0x0000000083a00000| Untracked 
|  58|0x0000000083a00000, 0x0000000083b00000, 0x0000000083b00000|100%| O|  |TAMS 0x0000000083b00000, 0x0000000083b00000| Untracked 
|  59|0x0000000083b00000, 0x0000000083c00000, 0x0000000083c00000|100%| O|  |TAMS 0x0000000083c00000, 0x0000000083c00000| Untracked 
|  60|0x0000000083c00000, 0x0000000083d00000, 0x0000000083d00000|100%| O|  |TAMS 0x0000000083d00000, 0x0000000083d00000| Untracked 
|  61|0x0000000083d00000, 0x0000000083e00000, 0x0000000083e00000|100%| O|  |TAMS 0x0000000083e00000, 0x0000000083e00000| Untracked 
|  62|0x0000000083e00000, 0x0000000083f00000, 0x0000000083f00000|100%| O|  |TAMS 0x0000000083f00000, 0x0000000083f00000| Untracked 
|  63|0x0000000083f00000, 0x0000000084000000, 0x0000000084000000|100%| O|  |TAMS 0x0000000084000000, 0x0000000084000000| Untracked 
|  64|0x0000000084000000, 0x0000000084100000, 0x0000000084100000|100%| O|  |TAMS 0x0000000084100000, 0x0000000084100000| Untracked 
|  65|0x0000000084100000, 0x0000000084200000, 0x0000000084200000|100%| O|  |TAMS 0x0000000084200000, 0x0000000084200000| Untracked 
|  66|0x0000000084200000, 0x0000000084300000, 0x0000000084300000|100%| O|  |TAMS 0x0000000084300000, 0x0000000084300000| Untracked 
|  67|0x0000000084300000, 0x0000000084400000, 0x0000000084400000|100%| O|  |TAMS 0x0000000084400000, 0x0000000084400000| Untracked 
|  68|0x0000000084400000, 0x0000000084500000, 0x0000000084500000|100%| O|  |TAMS 0x0000000084500000, 0x0000000084500000| Untracked 
|  69|0x0000000084500000, 0x0000000084600000, 0x0000000084600000|100%| O|  |TAMS 0x0000000084600000, 0x0000000084600000| Untracked 
|  70|0x0000000084600000, 0x0000000084700000, 0x0000000084700000|100%| O|  |TAMS 0x0000000084700000, 0x0000000084700000| Untracked 
|  71|0x0000000084700000, 0x0000000084800000, 0x0000000084800000|100%| O|  |TAMS 0x0000000084800000, 0x0000000084800000| Untracked 
|  72|0x0000000084800000, 0x0000000084900000, 0x0000000084900000|100%|HS|  |TAMS 0x0000000084900000, 0x0000000084900000| Complete 
|  73|0x0000000084900000, 0x0000000084a00000, 0x0000000084a00000|100%|HS|  |TAMS 0x0000000084a00000, 0x0000000084a00000| Complete 
|  74|0x0000000084a00000, 0x0000000084b00000, 0x0000000084b00000|100%|HS|  |TAMS 0x0000000084b00000, 0x0000000084b00000| Complete 
|  75|0x0000000084b00000, 0x0000000084c00000, 0x0000000084c00000|100%| O|  |TAMS 0x0000000084c00000, 0x0000000084c00000| Untracked 
|  76|0x0000000084c00000, 0x0000000084d00000, 0x0000000084d00000|100%|HS|  |TAMS 0x0000000084d00000, 0x0000000084d00000| Complete 
|  77|0x0000000084d00000, 0x0000000084e00000, 0x0000000084e00000|100%|HS|  |TAMS 0x0000000084e00000, 0x0000000084e00000| Complete 
|  78|0x0000000084e00000, 0x0000000084f00000, 0x0000000084f00000|100%|HS|  |TAMS 0x0000000084f00000, 0x0000000084f00000| Complete 
|  79|0x0000000084f00000, 0x0000000085000000, 0x0000000085000000|100%|HC|  |TAMS 0x0000000085000000, 0x0000000085000000| Complete 
|  80|0x0000000085000000, 0x0000000085100000, 0x0000000085100000|100%| O|  |TAMS 0x0000000085100000, 0x0000000085100000| Untracked 
|  81|0x0000000085100000, 0x0000000085200000, 0x0000000085200000|100%|HS|  |TAMS 0x0000000085200000, 0x0000000085200000| Complete 
|  82|0x0000000085200000, 0x0000000085300000, 0x0000000085300000|100%| O|  |TAMS 0x0000000085300000, 0x0000000085300000| Untracked 
|  83|0x0000000085300000, 0x0000000085400000, 0x0000000085400000|100%| O|  |TAMS 0x0000000085400000, 0x0000000085400000| Untracked 
|  84|0x0000000085400000, 0x0000000085500000, 0x0000000085500000|100%| O|  |TAMS 0x0000000085500000, 0x0000000085500000| Untracked 
|  85|0x0000000085500000, 0x0000000085600000, 0x0000000085600000|100%| O|  |TAMS 0x0000000085600000, 0x0000000085600000| Untracked 
|  86|0x0000000085600000, 0x0000000085700000, 0x0000000085700000|100%| O|  |TAMS 0x0000000085700000, 0x0000000085700000| Untracked 
|  87|0x0000000085700000, 0x0000000085800000, 0x0000000085800000|100%| O|  |TAMS 0x0000000085800000, 0x0000000085800000| Untracked 
|  88|0x0000000085800000, 0x0000000085900000, 0x0000000085900000|100%| O|  |TAMS 0x0000000085900000, 0x0000000085900000| Untracked 
|  89|0x0000000085900000, 0x0000000085a00000, 0x0000000085a00000|100%| O|  |TAMS 0x0000000085a00000, 0x0000000085a00000| Untracked 
|  90|0x0000000085a00000, 0x0000000085b00000, 0x0000000085b00000|100%| O|  |TAMS 0x0000000085b00000, 0x0000000085b00000| Untracked 
|  91|0x0000000085b00000, 0x0000000085c00000, 0x0000000085c00000|100%| O|  |TAMS 0x0000000085c00000, 0x0000000085c00000| Untracked 
|  92|0x0000000085c00000, 0x0000000085d00000, 0x0000000085d00000|100%| O|  |TAMS 0x0000000085d00000, 0x0000000085d00000| Untracked 
|  93|0x0000000085d00000, 0x0000000085e00000, 0x0000000085e00000|100%| O|  |TAMS 0x0000000085e00000, 0x0000000085e00000| Untracked 
|  94|0x0000000085e00000, 0x0000000085f00000, 0x0000000085f00000|100%| O|  |TAMS 0x0000000085f00000, 0x0000000085f00000| Untracked 
|  95|0x0000000085f00000, 0x0000000086000000, 0x0000000086000000|100%| O|  |TAMS 0x0000000086000000, 0x0000000086000000| Untracked 
|  96|0x0000000086000000, 0x0000000086100000, 0x0000000086100000|100%| O|  |TAMS 0x0000000086100000, 0x0000000086100000| Untracked 
|  97|0x0000000086100000, 0x0000000086200000, 0x0000000086200000|100%| O|  |TAMS 0x0000000086200000, 0x0000000086200000| Untracked 
|  98|0x0000000086200000, 0x0000000086300000, 0x0000000086300000|100%| O|  |TAMS 0x0000000086300000, 0x0000000086300000| Untracked 
|  99|0x0000000086300000, 0x0000000086400000, 0x0000000086400000|100%| O|  |TAMS 0x0000000086400000, 0x0000000086400000| Untracked 
| 100|0x0000000086400000, 0x0000000086500000, 0x0000000086500000|100%| O|  |TAMS 0x0000000086500000, 0x0000000086500000| Untracked 
| 101|0x0000000086500000, 0x0000000086600000, 0x0000000086600000|100%| O|  |TAMS 0x0000000086600000, 0x0000000086600000| Untracked 
| 102|0x0000000086600000, 0x0000000086700000, 0x0000000086700000|100%| O|  |TAMS 0x0000000086700000, 0x0000000086700000| Untracked 
| 103|0x0000000086700000, 0x0000000086800000, 0x0000000086800000|100%| O|  |TAMS 0x0000000086800000, 0x0000000086800000| Untracked 
| 104|0x0000000086800000, 0x0000000086900000, 0x0000000086900000|100%| O|  |TAMS 0x0000000086900000, 0x0000000086900000| Untracked 
| 105|0x0000000086900000, 0x0000000086a00000, 0x0000000086a00000|100%| O|  |TAMS 0x0000000086a00000, 0x0000000086a00000| Untracked 
| 106|0x0000000086a00000, 0x0000000086b00000, 0x0000000086b00000|100%| O|  |TAMS 0x0000000086b00000, 0x0000000086b00000| Untracked 
| 107|0x0000000086b00000, 0x0000000086c00000, 0x0000000086c00000|100%| O|  |TAMS 0x0000000086c00000, 0x0000000086c00000| Untracked 
| 108|0x0000000086c00000, 0x0000000086d00000, 0x0000000086d00000|100%| O|  |TAMS 0x0000000086d00000, 0x0000000086d00000| Untracked 
| 109|0x0000000086d00000, 0x0000000086e00000, 0x0000000086e00000|100%| O|  |TAMS 0x0000000086e00000, 0x0000000086e00000| Untracked 
| 110|0x0000000086e00000, 0x0000000086f00000, 0x0000000086f00000|100%| O|  |TAMS 0x0000000086f00000, 0x0000000086f00000| Untracked 
| 111|0x0000000086f00000, 0x0000000087000000, 0x0000000087000000|100%| O|  |TAMS 0x0000000087000000, 0x0000000087000000| Untracked 
| 112|0x0000000087000000, 0x0000000087100000, 0x0000000087100000|100%| O|  |TAMS 0x0000000087100000, 0x0000000087100000| Untracked 
| 113|0x0000000087100000, 0x0000000087200000, 0x0000000087200000|100%| O|  |TAMS 0x0000000087200000, 0x0000000087200000| Untracked 
| 114|0x0000000087200000, 0x0000000087300000, 0x0000000087300000|100%| O|  |TAMS 0x0000000087300000, 0x0000000087300000| Untracked 
| 115|0x0000000087300000, 0x0000000087400000, 0x0000000087400000|100%| O|  |TAMS 0x0000000087400000, 0x0000000087400000| Untracked 
| 116|0x0000000087400000, 0x0000000087500000, 0x0000000087500000|100%| O|  |TAMS 0x0000000087500000, 0x0000000087500000| Untracked 
| 117|0x0000000087500000, 0x0000000087600000, 0x0000000087600000|100%| O|  |TAMS 0x0000000087600000, 0x0000000087600000| Untracked 
| 118|0x0000000087600000, 0x0000000087700000, 0x0000000087700000|100%| O|  |TAMS 0x0000000087700000, 0x0000000087700000| Untracked 
| 119|0x0000000087700000, 0x0000000087800000, 0x0000000087800000|100%| O|  |TAMS 0x0000000087800000, 0x0000000087800000| Untracked 
| 120|0x0000000087800000, 0x0000000087900000, 0x0000000087900000|100%| O|  |TAMS 0x0000000087900000, 0x0000000087900000| Untracked 
| 121|0x0000000087900000, 0x0000000087a00000, 0x0000000087a00000|100%| O|  |TAMS 0x0000000087a00000, 0x0000000087a00000| Untracked 
| 122|0x0000000087a00000, 0x0000000087b00000, 0x0000000087b00000|100%| O|  |TAMS 0x0000000087a00000, 0x0000000087b00000| Untracked 
| 123|0x0000000087b00000, 0x0000000087c00000, 0x0000000087c00000|100%| O|  |TAMS 0x0000000087b69c00, 0x0000000087c00000| Untracked 
| 124|0x0000000087c00000, 0x0000000087d00000, 0x0000000087d00000|100%| O|  |TAMS 0x0000000087c00000, 0x0000000087d00000| Untracked 
| 125|0x0000000087d00000, 0x0000000087e00000, 0x0000000087e00000|100%| O|  |TAMS 0x0000000087d00000, 0x0000000087e00000| Untracked 
| 126|0x0000000087e00000, 0x0000000087f00000, 0x0000000087f00000|100%| O|  |TAMS 0x0000000087e00000, 0x0000000087f00000| Untracked 
| 127|0x0000000087f00000, 0x0000000088000000, 0x0000000088000000|100%| O|  |TAMS 0x0000000087f00000, 0x0000000088000000| Untracked 
| 128|0x0000000088000000, 0x0000000088100000, 0x0000000088100000|100%| O|  |TAMS 0x0000000088000000, 0x0000000088100000| Untracked 
| 129|0x0000000088100000, 0x0000000088200000, 0x0000000088200000|100%| O|  |TAMS 0x0000000088100000, 0x0000000088200000| Untracked 
| 130|0x0000000088200000, 0x0000000088300000, 0x0000000088300000|100%| O|  |TAMS 0x0000000088200000, 0x0000000088300000| Untracked 
| 131|0x0000000088300000, 0x0000000088400000, 0x0000000088400000|100%| O|  |TAMS 0x0000000088300000, 0x0000000088400000| Untracked 
| 132|0x0000000088400000, 0x0000000088500000, 0x0000000088500000|100%| O|  |TAMS 0x0000000088400000, 0x0000000088500000| Untracked 
| 133|0x0000000088500000, 0x0000000088600000, 0x0000000088600000|100%| O|  |TAMS 0x0000000088500000, 0x0000000088600000| Untracked 
| 134|0x0000000088600000, 0x0000000088700000, 0x0000000088700000|100%| O|  |TAMS 0x0000000088600000, 0x0000000088700000| Untracked 
| 135|0x0000000088700000, 0x0000000088800000, 0x0000000088800000|100%| O|  |TAMS 0x0000000088700000, 0x0000000088800000| Untracked 
| 136|0x0000000088800000, 0x0000000088900000, 0x0000000088900000|100%| O|  |TAMS 0x0000000088800000, 0x0000000088900000| Untracked 
| 137|0x0000000088900000, 0x0000000088a00000, 0x0000000088a00000|100%| O|  |TAMS 0x0000000088900000, 0x0000000088a00000| Untracked 
| 138|0x0000000088a00000, 0x0000000088b00000, 0x0000000088b00000|100%| O|  |TAMS 0x0000000088a00000, 0x0000000088b00000| Untracked 
| 139|0x0000000088b00000, 0x0000000088c00000, 0x0000000088c00000|100%| O|  |TAMS 0x0000000088b00000, 0x0000000088c00000| Untracked 
| 140|0x0000000088c00000, 0x0000000088d00000, 0x0000000088d00000|100%| O|  |TAMS 0x0000000088c00000, 0x0000000088d00000| Untracked 
| 141|0x0000000088d00000, 0x0000000088e00000, 0x0000000088e00000|100%|HS|  |TAMS 0x0000000088d00000, 0x0000000088d00000| Complete 
| 142|0x0000000088e00000, 0x0000000088f00000, 0x0000000088f00000|100%|HC|  |TAMS 0x0000000088e00000, 0x0000000088e00000| Complete 
| 143|0x0000000088f00000, 0x0000000089000000, 0x0000000089000000|100%|HS|  |TAMS 0x0000000088f00000, 0x0000000088f00000| Complete 
| 144|0x0000000089000000, 0x0000000089100000, 0x0000000089100000|100%|HC|  |TAMS 0x0000000089000000, 0x0000000089000000| Complete 
| 145|0x0000000089100000, 0x0000000089200000, 0x0000000089200000|100%|HS|  |TAMS 0x0000000089100000, 0x0000000089100000| Complete 
| 146|0x0000000089200000, 0x0000000089300000, 0x0000000089300000|100%|HC|  |TAMS 0x0000000089200000, 0x0000000089200000| Complete 
| 147|0x0000000089300000, 0x0000000089400000, 0x0000000089400000|100%|HS|  |TAMS 0x0000000089300000, 0x0000000089300000| Complete 
| 148|0x0000000089400000, 0x0000000089500000, 0x0000000089500000|100%|HC|  |TAMS 0x0000000089400000, 0x0000000089400000| Complete 
| 149|0x0000000089500000, 0x0000000089600000, 0x0000000089600000|100%|HS|  |TAMS 0x0000000089500000, 0x0000000089600000| Complete 
| 150|0x0000000089600000, 0x0000000089700000, 0x0000000089700000|100%|HC|  |TAMS 0x0000000089600000, 0x0000000089700000| Complete 
| 151|0x0000000089700000, 0x0000000089800000, 0x0000000089800000|100%|HS|  |TAMS 0x0000000089700000, 0x0000000089700000| Complete 
| 152|0x0000000089800000, 0x0000000089900000, 0x0000000089900000|100%|HC|  |TAMS 0x0000000089800000, 0x0000000089800000| Complete 
| 153|0x0000000089900000, 0x0000000089a00000, 0x0000000089a00000|100%|HS|  |TAMS 0x0000000089900000, 0x0000000089900000| Complete 
| 154|0x0000000089a00000, 0x0000000089a00000, 0x0000000089b00000|  0%| F|  |TAMS 0x0000000089a00000, 0x0000000089a00000| Untracked 
| 155|0x0000000089b00000, 0x0000000089c00000, 0x0000000089c00000|100%|HS|  |TAMS 0x0000000089b00000, 0x0000000089c00000| Complete 
| 156|0x0000000089c00000, 0x0000000089d00000, 0x0000000089d00000|100%|HC|  |TAMS 0x0000000089c00000, 0x0000000089d00000| Complete 
| 157|0x0000000089d00000, 0x0000000089e00000, 0x0000000089e00000|100%|HS|  |TAMS 0x0000000089d00000, 0x0000000089e00000| Complete 
| 158|0x0000000089e00000, 0x0000000089f00000, 0x0000000089f00000|100%|HC|  |TAMS 0x0000000089e00000, 0x0000000089f00000| Complete 
| 159|0x0000000089f00000, 0x000000008a000000, 0x000000008a000000|100%|HS|  |TAMS 0x0000000089f00000, 0x000000008a000000| Complete 
| 160|0x000000008a000000, 0x000000008a100000, 0x000000008a100000|100%|HC|  |TAMS 0x000000008a000000, 0x000000008a100000| Complete 
| 161|0x000000008a100000, 0x000000008a200000, 0x000000008a200000|100%|HS|  |TAMS 0x000000008a100000, 0x000000008a200000| Complete 
| 162|0x000000008a200000, 0x000000008a300000, 0x000000008a300000|100%|HC|  |TAMS 0x000000008a200000, 0x000000008a300000| Complete 
| 163|0x000000008a300000, 0x000000008a300000, 0x000000008a400000|  0%| F|  |TAMS 0x000000008a300000, 0x000000008a300000| Untracked 
| 164|0x000000008a400000, 0x000000008a400000, 0x000000008a500000|  0%| F|  |TAMS 0x000000008a400000, 0x000000008a400000| Untracked 
| 165|0x000000008a500000, 0x000000008a500000, 0x000000008a600000|  0%| F|  |TAMS 0x000000008a500000, 0x000000008a500000| Untracked 
| 166|0x000000008a600000, 0x000000008a600000, 0x000000008a700000|  0%| F|  |TAMS 0x000000008a600000, 0x000000008a600000| Untracked 
| 167|0x000000008a700000, 0x000000008a800000, 0x000000008a800000|100%| O|  |TAMS 0x000000008a700000, 0x000000008a800000| Untracked 
| 168|0x000000008a800000, 0x000000008a900000, 0x000000008a900000|100%| O|  |TAMS 0x000000008a800000, 0x000000008a900000| Untracked 
| 169|0x000000008a900000, 0x000000008a997000, 0x000000008aa00000| 58%| O|  |TAMS 0x000000008a900000, 0x000000008a997000| Untracked 
| 170|0x000000008aa00000, 0x000000008aa00000, 0x000000008ab00000|  0%| F|  |TAMS 0x000000008aa00000, 0x000000008aa00000| Untracked 
| 171|0x000000008ab00000, 0x000000008ab00000, 0x000000008ac00000|  0%| F|  |TAMS 0x000000008ab00000, 0x000000008ab00000| Untracked 
| 172|0x000000008ac00000, 0x000000008ac00000, 0x000000008ad00000|  0%| F|  |TAMS 0x000000008ac00000, 0x000000008ac00000| Untracked 
| 173|0x000000008ad00000, 0x000000008ad00000, 0x000000008ae00000|  0%| F|  |TAMS 0x000000008ad00000, 0x000000008ad00000| Untracked 
| 174|0x000000008ae00000, 0x000000008ae00000, 0x000000008af00000|  0%| F|  |TAMS 0x000000008ae00000, 0x000000008ae00000| Untracked 
| 175|0x000000008af00000, 0x000000008af00000, 0x000000008b000000|  0%| F|  |TAMS 0x000000008af00000, 0x000000008af00000| Untracked 
| 176|0x000000008b000000, 0x000000008b000000, 0x000000008b100000|  0%| F|  |TAMS 0x000000008b000000, 0x000000008b000000| Untracked 
| 177|0x000000008b100000, 0x000000008b100000, 0x000000008b200000|  0%| F|  |TAMS 0x000000008b100000, 0x000000008b100000| Untracked 
| 178|0x000000008b200000, 0x000000008b200000, 0x000000008b300000|  0%| F|  |TAMS 0x000000008b200000, 0x000000008b200000| Untracked 
| 179|0x000000008b300000, 0x000000008b300000, 0x000000008b400000|  0%| F|  |TAMS 0x000000008b300000, 0x000000008b300000| Untracked 
| 180|0x000000008b400000, 0x000000008b400000, 0x000000008b500000|  0%| F|  |TAMS 0x000000008b400000, 0x000000008b400000| Untracked 
| 181|0x000000008b500000, 0x000000008b500000, 0x000000008b600000|  0%| F|  |TAMS 0x000000008b500000, 0x000000008b500000| Untracked 
| 182|0x000000008b600000, 0x000000008b600000, 0x000000008b700000|  0%| F|  |TAMS 0x000000008b600000, 0x000000008b600000| Untracked 
| 183|0x000000008b700000, 0x000000008b700000, 0x000000008b800000|  0%| F|  |TAMS 0x000000008b700000, 0x000000008b700000| Untracked 
| 184|0x000000008b800000, 0x000000008b800000, 0x000000008b900000|  0%| F|  |TAMS 0x000000008b800000, 0x000000008b800000| Untracked 
| 185|0x000000008b900000, 0x000000008b900000, 0x000000008ba00000|  0%| F|  |TAMS 0x000000008b900000, 0x000000008b900000| Untracked 
| 186|0x000000008ba00000, 0x000000008ba00000, 0x000000008bb00000|  0%| F|  |TAMS 0x000000008ba00000, 0x000000008ba00000| Untracked 
| 187|0x000000008bb00000, 0x000000008bb00000, 0x000000008bc00000|  0%| F|  |TAMS 0x000000008bb00000, 0x000000008bb00000| Untracked 
| 188|0x000000008bc00000, 0x000000008bc00000, 0x000000008bd00000|  0%| F|  |TAMS 0x000000008bc00000, 0x000000008bc00000| Untracked 
| 189|0x000000008bd00000, 0x000000008bd00000, 0x000000008be00000|  0%| F|  |TAMS 0x000000008bd00000, 0x000000008bd00000| Untracked 
| 190|0x000000008be00000, 0x000000008be00000, 0x000000008bf00000|  0%| F|  |TAMS 0x000000008be00000, 0x000000008be00000| Untracked 
| 191|0x000000008bf00000, 0x000000008bf00000, 0x000000008c000000|  0%| F|  |TAMS 0x000000008bf00000, 0x000000008bf00000| Untracked 
| 192|0x000000008c000000, 0x000000008c000000, 0x000000008c100000|  0%| F|  |TAMS 0x000000008c000000, 0x000000008c000000| Untracked 
| 193|0x000000008c100000, 0x000000008c100000, 0x000000008c200000|  0%| F|  |TAMS 0x000000008c100000, 0x000000008c100000| Untracked 
| 194|0x000000008c200000, 0x000000008c200000, 0x000000008c300000|  0%| F|  |TAMS 0x000000008c200000, 0x000000008c200000| Untracked 
| 195|0x000000008c300000, 0x000000008c300000, 0x000000008c400000|  0%| F|  |TAMS 0x000000008c300000, 0x000000008c300000| Untracked 
| 196|0x000000008c400000, 0x000000008c400000, 0x000000008c500000|  0%| F|  |TAMS 0x000000008c400000, 0x000000008c400000| Untracked 
| 197|0x000000008c500000, 0x000000008c500000, 0x000000008c600000|  0%| F|  |TAMS 0x000000008c500000, 0x000000008c500000| Untracked 
| 198|0x000000008c600000, 0x000000008c600000, 0x000000008c700000|  0%| F|  |TAMS 0x000000008c600000, 0x000000008c600000| Untracked 
| 199|0x000000008c700000, 0x000000008c700000, 0x000000008c800000|  0%| F|  |TAMS 0x000000008c700000, 0x000000008c700000| Untracked 
| 200|0x000000008c800000, 0x000000008c800000, 0x000000008c900000|  0%| F|  |TAMS 0x000000008c800000, 0x000000008c800000| Untracked 
| 201|0x000000008c900000, 0x000000008c900000, 0x000000008ca00000|  0%| F|  |TAMS 0x000000008c900000, 0x000000008c900000| Untracked 
| 202|0x000000008ca00000, 0x000000008ca00000, 0x000000008cb00000|  0%| F|  |TAMS 0x000000008ca00000, 0x000000008ca00000| Untracked 
| 203|0x000000008cb00000, 0x000000008cb00000, 0x000000008cc00000|  0%| F|  |TAMS 0x000000008cb00000, 0x000000008cb00000| Untracked 
| 204|0x000000008cc00000, 0x000000008cc00000, 0x000000008cd00000|  0%| F|  |TAMS 0x000000008cc00000, 0x000000008cc00000| Untracked 
| 205|0x000000008cd00000, 0x000000008cd00000, 0x000000008ce00000|  0%| F|  |TAMS 0x000000008cd00000, 0x000000008cd00000| Untracked 
| 206|0x000000008ce00000, 0x000000008ce00000, 0x000000008cf00000|  0%| F|  |TAMS 0x000000008ce00000, 0x000000008ce00000| Untracked 
| 207|0x000000008cf00000, 0x000000008cf00000, 0x000000008d000000|  0%| F|  |TAMS 0x000000008cf00000, 0x000000008cf00000| Untracked 
| 208|0x000000008d000000, 0x000000008d000000, 0x000000008d100000|  0%| F|  |TAMS 0x000000008d000000, 0x000000008d000000| Untracked 
| 209|0x000000008d100000, 0x000000008d100000, 0x000000008d200000|  0%| F|  |TAMS 0x000000008d100000, 0x000000008d100000| Untracked 
| 210|0x000000008d200000, 0x000000008d200000, 0x000000008d300000|  0%| F|  |TAMS 0x000000008d200000, 0x000000008d200000| Untracked 
| 211|0x000000008d300000, 0x000000008d300000, 0x000000008d400000|  0%| F|  |TAMS 0x000000008d300000, 0x000000008d300000| Untracked 
| 212|0x000000008d400000, 0x000000008d400000, 0x000000008d500000|  0%| F|  |TAMS 0x000000008d400000, 0x000000008d400000| Untracked 
| 213|0x000000008d500000, 0x000000008d500000, 0x000000008d600000|  0%| F|  |TAMS 0x000000008d500000, 0x000000008d500000| Untracked 
| 214|0x000000008d600000, 0x000000008d600000, 0x000000008d700000|  0%| F|  |TAMS 0x000000008d600000, 0x000000008d600000| Untracked 
| 215|0x000000008d700000, 0x000000008d700000, 0x000000008d800000|  0%| F|  |TAMS 0x000000008d700000, 0x000000008d700000| Untracked 
| 216|0x000000008d800000, 0x000000008d800000, 0x000000008d900000|  0%| F|  |TAMS 0x000000008d800000, 0x000000008d800000| Untracked 
| 217|0x000000008d900000, 0x000000008d900000, 0x000000008da00000|  0%| F|  |TAMS 0x000000008d900000, 0x000000008d900000| Untracked 
| 218|0x000000008da00000, 0x000000008da00000, 0x000000008db00000|  0%| F|  |TAMS 0x000000008da00000, 0x000000008da00000| Untracked 
| 219|0x000000008db00000, 0x000000008db00000, 0x000000008dc00000|  0%| F|  |TAMS 0x000000008db00000, 0x000000008db00000| Untracked 
| 220|0x000000008dc00000, 0x000000008dc00000, 0x000000008dd00000|  0%| F|  |TAMS 0x000000008dc00000, 0x000000008dc00000| Untracked 
| 221|0x000000008dd00000, 0x000000008dd00000, 0x000000008de00000|  0%| F|  |TAMS 0x000000008dd00000, 0x000000008dd00000| Untracked 
| 222|0x000000008de00000, 0x000000008de00000, 0x000000008df00000|  0%| F|  |TAMS 0x000000008de00000, 0x000000008de00000| Untracked 
| 223|0x000000008df00000, 0x000000008df00000, 0x000000008e000000|  0%| F|  |TAMS 0x000000008df00000, 0x000000008df00000| Untracked 
| 224|0x000000008e000000, 0x000000008e000000, 0x000000008e100000|  0%| F|  |TAMS 0x000000008e000000, 0x000000008e000000| Untracked 
| 225|0x000000008e100000, 0x000000008e100000, 0x000000008e200000|  0%| F|  |TAMS 0x000000008e100000, 0x000000008e100000| Untracked 
| 226|0x000000008e200000, 0x000000008e200000, 0x000000008e300000|  0%| F|  |TAMS 0x000000008e200000, 0x000000008e200000| Untracked 
| 227|0x000000008e300000, 0x000000008e300000, 0x000000008e400000|  0%| F|  |TAMS 0x000000008e300000, 0x000000008e300000| Untracked 
| 228|0x000000008e400000, 0x000000008e400000, 0x000000008e500000|  0%| F|  |TAMS 0x000000008e400000, 0x000000008e400000| Untracked 
| 229|0x000000008e500000, 0x000000008e500000, 0x000000008e600000|  0%| F|  |TAMS 0x000000008e500000, 0x000000008e500000| Untracked 
| 230|0x000000008e600000, 0x000000008e600000, 0x000000008e700000|  0%| F|  |TAMS 0x000000008e600000, 0x000000008e600000| Untracked 
| 231|0x000000008e700000, 0x000000008e700000, 0x000000008e800000|  0%| F|  |TAMS 0x000000008e700000, 0x000000008e700000| Untracked 
| 232|0x000000008e800000, 0x000000008e800000, 0x000000008e900000|  0%| F|  |TAMS 0x000000008e800000, 0x000000008e800000| Untracked 
| 233|0x000000008e900000, 0x000000008e900000, 0x000000008ea00000|  0%| F|  |TAMS 0x000000008e900000, 0x000000008e900000| Untracked 
| 234|0x000000008ea00000, 0x000000008ea00000, 0x000000008eb00000|  0%| F|  |TAMS 0x000000008ea00000, 0x000000008ea00000| Untracked 
| 235|0x000000008eb00000, 0x000000008eb00000, 0x000000008ec00000|  0%| F|  |TAMS 0x000000008eb00000, 0x000000008eb00000| Untracked 
| 236|0x000000008ec00000, 0x000000008ec00000, 0x000000008ed00000|  0%| F|  |TAMS 0x000000008ec00000, 0x000000008ec00000| Untracked 
| 237|0x000000008ed00000, 0x000000008ed00000, 0x000000008ee00000|  0%| F|  |TAMS 0x000000008ed00000, 0x000000008ed00000| Untracked 
| 238|0x000000008ee00000, 0x000000008ee00000, 0x000000008ef00000|  0%| F|  |TAMS 0x000000008ee00000, 0x000000008ee00000| Untracked 
| 239|0x000000008ef00000, 0x000000008ef00000, 0x000000008f000000|  0%| F|  |TAMS 0x000000008ef00000, 0x000000008ef00000| Untracked 
| 240|0x000000008f000000, 0x000000008f000000, 0x000000008f100000|  0%| F|  |TAMS 0x000000008f000000, 0x000000008f000000| Untracked 
| 241|0x000000008f100000, 0x000000008f100000, 0x000000008f200000|  0%| F|  |TAMS 0x000000008f100000, 0x000000008f100000| Untracked 
| 242|0x000000008f200000, 0x000000008f200000, 0x000000008f300000|  0%| F|  |TAMS 0x000000008f200000, 0x000000008f200000| Untracked 
| 243|0x000000008f300000, 0x000000008f300000, 0x000000008f400000|  0%| F|  |TAMS 0x000000008f300000, 0x000000008f300000| Untracked 
| 244|0x000000008f400000, 0x000000008f400000, 0x000000008f500000|  0%| F|  |TAMS 0x000000008f400000, 0x000000008f400000| Untracked 
| 245|0x000000008f500000, 0x000000008f500000, 0x000000008f600000|  0%| F|  |TAMS 0x000000008f500000, 0x000000008f500000| Untracked 
| 246|0x000000008f600000, 0x000000008f600000, 0x000000008f700000|  0%| F|  |TAMS 0x000000008f600000, 0x000000008f600000| Untracked 
| 247|0x000000008f700000, 0x000000008f700000, 0x000000008f800000|  0%| F|  |TAMS 0x000000008f700000, 0x000000008f700000| Untracked 
| 248|0x000000008f800000, 0x000000008f800000, 0x000000008f900000|  0%| F|  |TAMS 0x000000008f800000, 0x000000008f800000| Untracked 
| 249|0x000000008f900000, 0x000000008f900000, 0x000000008fa00000|  0%| F|  |TAMS 0x000000008f900000, 0x000000008f900000| Untracked 
| 250|0x000000008fa00000, 0x000000008fa00000, 0x000000008fb00000|  0%| F|  |TAMS 0x000000008fa00000, 0x000000008fa00000| Untracked 
| 251|0x000000008fb00000, 0x000000008fb00000, 0x000000008fc00000|  0%| F|  |TAMS 0x000000008fb00000, 0x000000008fb00000| Untracked 
| 252|0x000000008fc00000, 0x000000008fc00000, 0x000000008fd00000|  0%| F|  |TAMS 0x000000008fc00000, 0x000000008fc00000| Untracked 
| 253|0x000000008fd00000, 0x000000008fd00000, 0x000000008fe00000|  0%| F|  |TAMS 0x000000008fd00000, 0x000000008fd00000| Untracked 
| 254|0x000000008fe00000, 0x000000008fe00000, 0x000000008ff00000|  0%| F|  |TAMS 0x000000008fe00000, 0x000000008fe00000| Untracked 
| 255|0x000000008ff00000, 0x000000008ff00000, 0x0000000090000000|  0%| F|  |TAMS 0x000000008ff00000, 0x000000008ff00000| Untracked 
| 256|0x0000000090000000, 0x0000000090000000, 0x0000000090100000|  0%| F|  |TAMS 0x0000000090000000, 0x0000000090000000| Untracked 
| 257|0x0000000090100000, 0x0000000090100000, 0x0000000090200000|  0%| F|  |TAMS 0x0000000090100000, 0x0000000090100000| Untracked 
| 258|0x0000000090200000, 0x0000000090200000, 0x0000000090300000|  0%| F|  |TAMS 0x0000000090200000, 0x0000000090200000| Untracked 
| 259|0x0000000090300000, 0x0000000090300000, 0x0000000090400000|  0%| F|  |TAMS 0x0000000090300000, 0x0000000090300000| Untracked 
| 260|0x0000000090400000, 0x0000000090400000, 0x0000000090500000|  0%| F|  |TAMS 0x0000000090400000, 0x0000000090400000| Untracked 
| 261|0x0000000090500000, 0x0000000090500000, 0x0000000090600000|  0%| F|  |TAMS 0x0000000090500000, 0x0000000090500000| Untracked 
| 262|0x0000000090600000, 0x0000000090600000, 0x0000000090700000|  0%| F|  |TAMS 0x0000000090600000, 0x0000000090600000| Untracked 
| 263|0x0000000090700000, 0x0000000090700000, 0x0000000090800000|  0%| F|  |TAMS 0x0000000090700000, 0x0000000090700000| Untracked 
| 264|0x0000000090800000, 0x0000000090800000, 0x0000000090900000|  0%| F|  |TAMS 0x0000000090800000, 0x0000000090800000| Untracked 
| 265|0x0000000090900000, 0x0000000090900000, 0x0000000090a00000|  0%| F|  |TAMS 0x0000000090900000, 0x0000000090900000| Untracked 
| 266|0x0000000090a00000, 0x0000000090a00000, 0x0000000090b00000|  0%| F|  |TAMS 0x0000000090a00000, 0x0000000090a00000| Untracked 
| 267|0x0000000090b00000, 0x0000000090b00000, 0x0000000090c00000|  0%| F|  |TAMS 0x0000000090b00000, 0x0000000090b00000| Untracked 
| 268|0x0000000090c00000, 0x0000000090c00000, 0x0000000090d00000|  0%| F|  |TAMS 0x0000000090c00000, 0x0000000090c00000| Untracked 
| 269|0x0000000090d00000, 0x0000000090d00000, 0x0000000090e00000|  0%| F|  |TAMS 0x0000000090d00000, 0x0000000090d00000| Untracked 
| 270|0x0000000090e00000, 0x0000000090e00000, 0x0000000090f00000|  0%| F|  |TAMS 0x0000000090e00000, 0x0000000090e00000| Untracked 
| 271|0x0000000090f00000, 0x0000000090f00000, 0x0000000091000000|  0%| F|  |TAMS 0x0000000090f00000, 0x0000000090f00000| Untracked 
| 272|0x0000000091000000, 0x0000000091000000, 0x0000000091100000|  0%| F|  |TAMS 0x0000000091000000, 0x0000000091000000| Untracked 
| 273|0x0000000091100000, 0x0000000091100000, 0x0000000091200000|  0%| F|  |TAMS 0x0000000091100000, 0x0000000091100000| Untracked 
| 274|0x0000000091200000, 0x0000000091200000, 0x0000000091300000|  0%| F|  |TAMS 0x0000000091200000, 0x0000000091200000| Untracked 
| 275|0x0000000091300000, 0x0000000091300000, 0x0000000091400000|  0%| F|  |TAMS 0x0000000091300000, 0x0000000091300000| Untracked 
| 276|0x0000000091400000, 0x0000000091400000, 0x0000000091500000|  0%| F|  |TAMS 0x0000000091400000, 0x0000000091400000| Untracked 
| 277|0x0000000091500000, 0x0000000091500000, 0x0000000091600000|  0%| F|  |TAMS 0x0000000091500000, 0x0000000091500000| Untracked 
| 278|0x0000000091600000, 0x0000000091600000, 0x0000000091700000|  0%| F|  |TAMS 0x0000000091600000, 0x0000000091600000| Untracked 
| 279|0x0000000091700000, 0x0000000091700000, 0x0000000091800000|  0%| F|  |TAMS 0x0000000091700000, 0x0000000091700000| Untracked 
| 280|0x0000000091800000, 0x0000000091800000, 0x0000000091900000|  0%| F|  |TAMS 0x0000000091800000, 0x0000000091800000| Untracked 
| 281|0x0000000091900000, 0x0000000091900000, 0x0000000091a00000|  0%| F|  |TAMS 0x0000000091900000, 0x0000000091900000| Untracked 
| 282|0x0000000091a00000, 0x0000000091a00000, 0x0000000091b00000|  0%| F|  |TAMS 0x0000000091a00000, 0x0000000091a00000| Untracked 
| 283|0x0000000091b00000, 0x0000000091b00000, 0x0000000091c00000|  0%| F|  |TAMS 0x0000000091b00000, 0x0000000091b00000| Untracked 
| 284|0x0000000091c00000, 0x0000000091c00000, 0x0000000091d00000|  0%| F|  |TAMS 0x0000000091c00000, 0x0000000091c00000| Untracked 
| 285|0x0000000091d00000, 0x0000000091d00000, 0x0000000091e00000|  0%| F|  |TAMS 0x0000000091d00000, 0x0000000091d00000| Untracked 
| 286|0x0000000091e00000, 0x0000000091e00000, 0x0000000091f00000|  0%| F|  |TAMS 0x0000000091e00000, 0x0000000091e00000| Untracked 
| 287|0x0000000091f00000, 0x0000000091f00000, 0x0000000092000000|  0%| F|  |TAMS 0x0000000091f00000, 0x0000000091f00000| Untracked 
| 288|0x0000000092000000, 0x0000000092000000, 0x0000000092100000|  0%| F|  |TAMS 0x0000000092000000, 0x0000000092000000| Untracked 
| 289|0x0000000092100000, 0x0000000092100000, 0x0000000092200000|  0%| F|  |TAMS 0x0000000092100000, 0x0000000092100000| Untracked 
| 290|0x0000000092200000, 0x0000000092200000, 0x0000000092300000|  0%| F|  |TAMS 0x0000000092200000, 0x0000000092200000| Untracked 
| 291|0x0000000092300000, 0x0000000092300000, 0x0000000092400000|  0%| F|  |TAMS 0x0000000092300000, 0x0000000092300000| Untracked 
| 292|0x0000000092400000, 0x0000000092400000, 0x0000000092500000|  0%| F|  |TAMS 0x0000000092400000, 0x0000000092400000| Untracked 
| 293|0x0000000092500000, 0x0000000092500000, 0x0000000092600000|  0%| F|  |TAMS 0x0000000092500000, 0x0000000092500000| Untracked 
| 294|0x0000000092600000, 0x0000000092600000, 0x0000000092700000|  0%| F|  |TAMS 0x0000000092600000, 0x0000000092600000| Untracked 
| 295|0x0000000092700000, 0x0000000092700000, 0x0000000092800000|  0%| F|  |TAMS 0x0000000092700000, 0x0000000092700000| Untracked 
| 296|0x0000000092800000, 0x0000000092800000, 0x0000000092900000|  0%| F|  |TAMS 0x0000000092800000, 0x0000000092800000| Untracked 
| 297|0x0000000092900000, 0x0000000092900000, 0x0000000092a00000|  0%| F|  |TAMS 0x0000000092900000, 0x0000000092900000| Untracked 
| 298|0x0000000092a00000, 0x0000000092a00000, 0x0000000092b00000|  0%| F|  |TAMS 0x0000000092a00000, 0x0000000092a00000| Untracked 
| 299|0x0000000092b00000, 0x0000000092b00000, 0x0000000092c00000|  0%| F|  |TAMS 0x0000000092b00000, 0x0000000092b00000| Untracked 
| 300|0x0000000092c00000, 0x0000000092c00000, 0x0000000092d00000|  0%| F|  |TAMS 0x0000000092c00000, 0x0000000092c00000| Untracked 
| 301|0x0000000092d00000, 0x0000000092d00000, 0x0000000092e00000|  0%| F|  |TAMS 0x0000000092d00000, 0x0000000092d00000| Untracked 
| 302|0x0000000092e00000, 0x0000000092e00000, 0x0000000092f00000|  0%| F|  |TAMS 0x0000000092e00000, 0x0000000092e00000| Untracked 
| 303|0x0000000092f00000, 0x0000000092f00000, 0x0000000093000000|  0%| F|  |TAMS 0x0000000092f00000, 0x0000000092f00000| Untracked 
| 304|0x0000000093000000, 0x0000000093000000, 0x0000000093100000|  0%| F|  |TAMS 0x0000000093000000, 0x0000000093000000| Untracked 
| 305|0x0000000093100000, 0x0000000093100000, 0x0000000093200000|  0%| F|  |TAMS 0x0000000093100000, 0x0000000093100000| Untracked 
| 306|0x0000000093200000, 0x0000000093200000, 0x0000000093300000|  0%| F|  |TAMS 0x0000000093200000, 0x0000000093200000| Untracked 
| 307|0x0000000093300000, 0x0000000093300000, 0x0000000093400000|  0%| F|  |TAMS 0x0000000093300000, 0x0000000093300000| Untracked 
| 308|0x0000000093400000, 0x0000000093400000, 0x0000000093500000|  0%| F|  |TAMS 0x0000000093400000, 0x0000000093400000| Untracked 
| 309|0x0000000093500000, 0x0000000093500000, 0x0000000093600000|  0%| F|  |TAMS 0x0000000093500000, 0x0000000093500000| Untracked 
| 310|0x0000000093600000, 0x0000000093600000, 0x0000000093700000|  0%| F|  |TAMS 0x0000000093600000, 0x0000000093600000| Untracked 
| 311|0x0000000093700000, 0x0000000093700000, 0x0000000093800000|  0%| F|  |TAMS 0x0000000093700000, 0x0000000093700000| Untracked 
| 312|0x0000000093800000, 0x0000000093800000, 0x0000000093900000|  0%| F|  |TAMS 0x0000000093800000, 0x0000000093800000| Untracked 
| 313|0x0000000093900000, 0x0000000093900000, 0x0000000093a00000|  0%| F|  |TAMS 0x0000000093900000, 0x0000000093900000| Untracked 
| 314|0x0000000093a00000, 0x0000000093a00000, 0x0000000093b00000|  0%| F|  |TAMS 0x0000000093a00000, 0x0000000093a00000| Untracked 
| 315|0x0000000093b00000, 0x0000000093b00000, 0x0000000093c00000|  0%| F|  |TAMS 0x0000000093b00000, 0x0000000093b00000| Untracked 
| 316|0x0000000093c00000, 0x0000000093c00000, 0x0000000093d00000|  0%| F|  |TAMS 0x0000000093c00000, 0x0000000093c00000| Untracked 
| 317|0x0000000093d00000, 0x0000000093d00000, 0x0000000093e00000|  0%| F|  |TAMS 0x0000000093d00000, 0x0000000093d00000| Untracked 
| 318|0x0000000093e00000, 0x0000000093e00000, 0x0000000093f00000|  0%| F|  |TAMS 0x0000000093e00000, 0x0000000093e00000| Untracked 
| 319|0x0000000093f00000, 0x0000000093f00000, 0x0000000094000000|  0%| F|  |TAMS 0x0000000093f00000, 0x0000000093f00000| Untracked 
| 320|0x0000000094000000, 0x0000000094000000, 0x0000000094100000|  0%| F|  |TAMS 0x0000000094000000, 0x0000000094000000| Untracked 
| 321|0x0000000094100000, 0x0000000094100000, 0x0000000094200000|  0%| F|  |TAMS 0x0000000094100000, 0x0000000094100000| Untracked 
| 322|0x0000000094200000, 0x0000000094200000, 0x0000000094300000|  0%| F|  |TAMS 0x0000000094200000, 0x0000000094200000| Untracked 
| 323|0x0000000094300000, 0x0000000094300000, 0x0000000094400000|  0%| F|  |TAMS 0x0000000094300000, 0x0000000094300000| Untracked 
| 324|0x0000000094400000, 0x0000000094400000, 0x0000000094500000|  0%| F|  |TAMS 0x0000000094400000, 0x0000000094400000| Untracked 
| 325|0x0000000094500000, 0x0000000094500000, 0x0000000094600000|  0%| F|  |TAMS 0x0000000094500000, 0x0000000094500000| Untracked 
| 326|0x0000000094600000, 0x0000000094600000, 0x0000000094700000|  0%| F|  |TAMS 0x0000000094600000, 0x0000000094600000| Untracked 
| 327|0x0000000094700000, 0x0000000094700000, 0x0000000094800000|  0%| F|  |TAMS 0x0000000094700000, 0x0000000094700000| Untracked 
| 328|0x0000000094800000, 0x0000000094800000, 0x0000000094900000|  0%| F|  |TAMS 0x0000000094800000, 0x0000000094800000| Untracked 
| 329|0x0000000094900000, 0x0000000094900000, 0x0000000094a00000|  0%| F|  |TAMS 0x0000000094900000, 0x0000000094900000| Untracked 
| 330|0x0000000094a00000, 0x0000000094a00000, 0x0000000094b00000|  0%| F|  |TAMS 0x0000000094a00000, 0x0000000094a00000| Untracked 
| 331|0x0000000094b00000, 0x0000000094b00000, 0x0000000094c00000|  0%| F|  |TAMS 0x0000000094b00000, 0x0000000094b00000| Untracked 
| 332|0x0000000094c00000, 0x0000000094c00000, 0x0000000094d00000|  0%| F|  |TAMS 0x0000000094c00000, 0x0000000094c00000| Untracked 
| 333|0x0000000094d00000, 0x0000000094d00000, 0x0000000094e00000|  0%| F|  |TAMS 0x0000000094d00000, 0x0000000094d00000| Untracked 
| 334|0x0000000094e00000, 0x0000000094f00000, 0x0000000094f00000|100%| E|  |TAMS 0x0000000094e00000, 0x0000000094e00000| Complete 
| 335|0x0000000094f00000, 0x0000000095000000, 0x0000000095000000|100%| E|CS|TAMS 0x0000000094f00000, 0x0000000094f00000| Complete 
| 336|0x0000000095000000, 0x0000000095100000, 0x0000000095100000|100%| E|CS|TAMS 0x0000000095000000, 0x0000000095000000| Complete 
| 337|0x0000000095100000, 0x0000000095200000, 0x0000000095200000|100%| E|CS|TAMS 0x0000000095100000, 0x0000000095100000| Complete 
| 338|0x0000000095200000, 0x0000000095300000, 0x0000000095300000|100%| E|CS|TAMS 0x0000000095200000, 0x0000000095200000| Complete 
| 339|0x0000000095300000, 0x0000000095400000, 0x0000000095400000|100%| E|CS|TAMS 0x0000000095300000, 0x0000000095300000| Complete 
| 340|0x0000000095400000, 0x0000000095500000, 0x0000000095500000|100%| E|CS|TAMS 0x0000000095400000, 0x0000000095400000| Complete 
| 341|0x0000000095500000, 0x0000000095600000, 0x0000000095600000|100%| E|CS|TAMS 0x0000000095500000, 0x0000000095500000| Complete 
| 342|0x0000000095600000, 0x0000000095700000, 0x0000000095700000|100%| E|  |TAMS 0x0000000095600000, 0x0000000095600000| Complete 
| 343|0x0000000095700000, 0x0000000095800000, 0x0000000095800000|100%| E|CS|TAMS 0x0000000095700000, 0x0000000095700000| Complete 
| 344|0x0000000095800000, 0x0000000095900000, 0x0000000095900000|100%| E|CS|TAMS 0x0000000095800000, 0x0000000095800000| Complete 
| 345|0x0000000095900000, 0x0000000095a00000, 0x0000000095a00000|100%| E|CS|TAMS 0x0000000095900000, 0x0000000095900000| Complete 
| 346|0x0000000095a00000, 0x0000000095b00000, 0x0000000095b00000|100%| E|CS|TAMS 0x0000000095a00000, 0x0000000095a00000| Complete 
| 347|0x0000000095b00000, 0x0000000095c00000, 0x0000000095c00000|100%| E|CS|TAMS 0x0000000095b00000, 0x0000000095b00000| Complete 
| 348|0x0000000095c00000, 0x0000000095d00000, 0x0000000095d00000|100%| E|CS|TAMS 0x0000000095c00000, 0x0000000095c00000| Complete 
| 349|0x0000000095d00000, 0x0000000095e00000, 0x0000000095e00000|100%| E|CS|TAMS 0x0000000095d00000, 0x0000000095d00000| Complete 
| 350|0x0000000095e00000, 0x0000000095f00000, 0x0000000095f00000|100%| E|CS|TAMS 0x0000000095e00000, 0x0000000095e00000| Complete 
| 351|0x0000000095f00000, 0x0000000096000000, 0x0000000096000000|100%| E|CS|TAMS 0x0000000095f00000, 0x0000000095f00000| Complete 
| 352|0x0000000096000000, 0x0000000096100000, 0x0000000096100000|100%| E|CS|TAMS 0x0000000096000000, 0x0000000096000000| Complete 
| 353|0x0000000096100000, 0x0000000096200000, 0x0000000096200000|100%| E|CS|TAMS 0x0000000096100000, 0x0000000096100000| Complete 
| 354|0x0000000096200000, 0x0000000096300000, 0x0000000096300000|100%| E|CS|TAMS 0x0000000096200000, 0x0000000096200000| Complete 
| 355|0x0000000096300000, 0x0000000096400000, 0x0000000096400000|100%| E|CS|TAMS 0x0000000096300000, 0x0000000096300000| Complete 
| 356|0x0000000096400000, 0x0000000096500000, 0x0000000096500000|100%| E|CS|TAMS 0x0000000096400000, 0x0000000096400000| Complete 
| 357|0x0000000096500000, 0x0000000096600000, 0x0000000096600000|100%| E|CS|TAMS 0x0000000096500000, 0x0000000096500000| Complete 
| 358|0x0000000096600000, 0x0000000096700000, 0x0000000096700000|100%| E|CS|TAMS 0x0000000096600000, 0x0000000096600000| Complete 
| 359|0x0000000096700000, 0x0000000096749b30, 0x0000000096800000| 28%| S|CS|TAMS 0x0000000096700000, 0x0000000096700000| Complete 
| 360|0x0000000096800000, 0x0000000096900000, 0x0000000096900000|100%| E|CS|TAMS 0x0000000096800000, 0x0000000096800000| Complete 
| 361|0x0000000096900000, 0x0000000096a00000, 0x0000000096a00000|100%| S|CS|TAMS 0x0000000096900000, 0x0000000096900000| Complete 
| 362|0x0000000096a00000, 0x0000000096b00000, 0x0000000096b00000|100%| S|CS|TAMS 0x0000000096a00000, 0x0000000096a00000| Complete 
| 363|0x0000000096b00000, 0x0000000096c00000, 0x0000000096c00000|100%| S|CS|TAMS 0x0000000096b00000, 0x0000000096b00000| Complete 
| 364|0x0000000096c00000, 0x0000000096d00000, 0x0000000096d00000|100%| E|CS|TAMS 0x0000000096c00000, 0x0000000096c00000| Complete 
| 365|0x0000000096d00000, 0x0000000096e00000, 0x0000000096e00000|100%| E|CS|TAMS 0x0000000096d00000, 0x0000000096d00000| Complete 
| 366|0x0000000096e00000, 0x0000000096f00000, 0x0000000096f00000|100%| E|CS|TAMS 0x0000000096e00000, 0x0000000096e00000| Complete 
| 367|0x0000000096f00000, 0x0000000097000000, 0x0000000097000000|100%| E|CS|TAMS 0x0000000096f00000, 0x0000000096f00000| Complete 

Card table byte_map: [0x00000183b5890000,0x00000183b5c90000] _byte_map_base: 0x00000183b5490000

Marking Bits (Prev, Next): (CMBitMap*) 0x000001839cbcf1a0, (CMBitMap*) 0x000001839cbcf160
 Prev Bits: [0x00000183b8090000, 0x00000183ba090000)
 Next Bits: [0x00000183b6090000, 0x00000183b8090000)

Polling page: 0x000001839cc30000

Metaspace:

Usage:
  Non-class:    116.82 MB used.
      Class:     18.87 MB used.
       Both:    135.68 MB used.

Virtual space:
  Non-class space:      128.00 MB reserved,     117.50 MB ( 92%) committed,  2 nodes.
      Class space:      416.00 MB reserved,      19.50 MB (  5%) committed,  1 nodes.
             Both:      544.00 MB reserved,     137.00 MB ( 25%) committed. 

Chunk freelists:
   Non-Class:  9.69 MB
       Class:  12.41 MB
        Both:  22.09 MB

MaxMetaspaceSize: 512.00 MB
CompressedClassSpaceSize: 416.00 MB
Initial GC threshold: 21.00 MB
Current GC threshold: 189.62 MB
CDS: on
MetaspaceReclaimPolicy: balanced
 - commit_granule_bytes: 65536.
 - commit_granule_words: 8192.
 - virtual_space_node_default_size: 8388608.
 - enlarge_chunks_in_place: 1.
 - new_chunks_are_fully_committed: 0.
 - uncommit_free_chunks: 1.
 - use_allocation_guard: 0.
 - handle_deallocations: 1.


Internal statistics:

num_allocs_failed_limit: 15.
num_arena_births: 1978.
num_arena_deaths: 0.
num_vsnodes_births: 3.
num_vsnodes_deaths: 0.
num_space_committed: 2191.
num_space_uncommitted: 0.
num_chunks_returned_to_freelist: 15.
num_chunks_taken_from_freelist: 8188.
num_chunk_merges: 15.
num_chunk_splits: 5347.
num_chunks_enlarged: 3420.
num_inconsistent_stats: 0.

CodeHeap 'non-profiled nmethods': size=120000Kb used=9340Kb max_used=9625Kb free=110659Kb
 bounds [0x00000183ad930000, 0x00000183ae2a0000, 0x00000183b4e60000]
CodeHeap 'profiled nmethods': size=120000Kb used=28691Kb max_used=28691Kb free=91308Kb
 bounds [0x00000183a5e60000, 0x00000183a7a70000, 0x00000183ad390000]
CodeHeap 'non-nmethods': size=5760Kb used=2537Kb max_used=2610Kb free=3222Kb
 bounds [0x00000183ad390000, 0x00000183ad630000, 0x00000183ad930000]
 total_blobs=15617 nmethods=14529 adapters=999
 compilation: enabled
              stopped_count=0, restarted_count=0
 full_count=0

Compilation events (20 events):
Event: 207.540 Thread 0x00000183bc726250 17309       3       org.gradle.internal.snapshot.FileSystemSnapshotHierarchyVisitor::leaveDirectory (1 bytes)
Event: 207.540 Thread 0x00000183bc726250 nmethod 17309 0x00000183a7a5c910 code [0x00000183a7a5caa0, 0x00000183a7a5cbb8]
Event: 207.542 Thread 0x00000183bc726250 17310       3       org.gradle.internal.snapshot.AbstractIncompleteFileSystemNode$$Lambda$484/0x00000183be447998::apply (8 bytes)
Event: 207.542 Thread 0x00000183bc726250 nmethod 17310 0x00000183a7a5cc90 code [0x00000183a7a5ce40, 0x00000183a7a5d078]
Event: 207.542 Thread 0x00000183bc726250 17311       3       org.gradle.internal.snapshot.AbstractIncompleteFileSystemNode$$Lambda$485/0x00000183be447bd0::apply (10 bytes)
Event: 207.542 Thread 0x00000183bc726250 nmethod 17311 0x00000183a7a5d190 code [0x00000183a7a5d340, 0x00000183a7a5d628]
Event: 207.542 Thread 0x00000183bc726250 17312       3       org.gradle.internal.watch.registry.impl.WatchableHierarchies$$Lambda$3545/0x00000183bf382910::accept (12 bytes)
Event: 207.542 Thread 0x00000183bc726250 nmethod 17312 0x00000183a7a5d710 code [0x00000183a7a5d8c0, 0x00000183a7a5dc08]
Event: 207.542 Thread 0x00000183bc726250 17313       3       org.gradle.internal.watch.registry.impl.WatchableHierarchies::lambda$retainOnlyMatchingSnapshots$10 (9 bytes)
Event: 207.542 Thread 0x00000183bc726250 nmethod 17313 0x00000183a7a5dd10 code [0x00000183a7a5dec0, 0x00000183a7a5e088]
Event: 207.545 Thread 0x00000183bc6c8530 nmethod 17298 0x00000183add76710 code [0x00000183add76980, 0x00000183add782c0]
Event: 207.545 Thread 0x00000183bc6c8530 17314       4       org.gradle.internal.snapshot.FileSystemSnapshotHierarchyVisitor::enterDirectory (1 bytes)
Event: 207.545 Thread 0x00000183bc6c8530 nmethod 17314 0x00000183add76410 code [0x00000183add76580, 0x00000183add765f8]
Event: 207.545 Thread 0x00000183bc6c8530 17315       4       org.gradle.internal.snapshot.FileSystemSnapshotHierarchyVisitor::leaveDirectory (1 bytes)
Event: 207.545 Thread 0x00000183bc6c8530 nmethod 17315 0x00000183add76110 code [0x00000183add76280, 0x00000183add762f8]
Event: 207.545 Thread 0x00000183bc6c8530 17301       4       org.gradle.internal.logging.text.AbstractLineChoppingStyledTextOutput$StateContext::hasChar (25 bytes)
Event: 207.546 Thread 0x00000183bc6c8530 nmethod 17301 0x00000183add75e10 code [0x00000183add75f80, 0x00000183add76038]
Event: 207.546 Thread 0x00000183bc6c8530 17316       4       org.gradle.internal.file.FileHierarchySet$PrefixFileSet::contains (10 bytes)
Event: 207.575 Thread 0x00000183bc726250 17323       3       java.util.stream.StreamSpliterators$AbstractWrappingSpliterator::fillBuffer (64 bytes)
Event: 207.576 Thread 0x00000183bc726250 nmethod 17323 0x00000183a7a5e190 code [0x00000183a7a5e380, 0x00000183a7a5ea88]

GC Heap History (20 events):
Event: 77.463 GC heap before
{Heap before GC invocations=44 (full 0):
 garbage-first heap   total 240640K, used 173026K [0x0000000080000000, 0x0000000100000000)
  region size 1024K, 5 young (5120K), 4 survivors (4096K)
 Metaspace       used 136186K, committed 137472K, reserved 557056K
  class space    used 19005K, committed 19648K, reserved 425984K
}
Event: 77.467 GC heap after
{Heap after GC invocations=45 (full 0):
 garbage-first heap   total 240640K, used 160500K [0x0000000080000000, 0x0000000100000000)
  region size 1024K, 4 young (4096K), 4 survivors (4096K)
 Metaspace       used 136186K, committed 137472K, reserved 557056K
  class space    used 19005K, committed 19648K, reserved 425984K
}
Event: 77.592 GC heap before
{Heap before GC invocations=45 (full 0):
 garbage-first heap   total 240640K, used 172788K [0x0000000080000000, 0x0000000100000000)
  region size 1024K, 5 young (5120K), 4 survivors (4096K)
 Metaspace       used 136186K, committed 137472K, reserved 557056K
  class space    used 19005K, committed 19648K, reserved 425984K
}
Event: 77.597 GC heap after
{Heap after GC invocations=46 (full 0):
 garbage-first heap   total 313344K, used 160542K [0x0000000080000000, 0x0000000100000000)
  region size 1024K, 4 young (4096K), 4 survivors (4096K)
 Metaspace       used 136186K, committed 137472K, reserved 557056K
  class space    used 19005K, committed 19648K, reserved 425984K
}
Event: 77.802 GC heap before
{Heap before GC invocations=46 (full 0):
 garbage-first heap   total 313344K, used 178974K [0x0000000080000000, 0x0000000100000000)
  region size 1024K, 5 young (5120K), 4 survivors (4096K)
 Metaspace       used 136186K, committed 137472K, reserved 557056K
  class space    used 19005K, committed 19648K, reserved 425984K
}
Event: 77.808 GC heap after
{Heap after GC invocations=47 (full 0):
 garbage-first heap   total 313344K, used 160686K [0x0000000080000000, 0x0000000100000000)
  region size 1024K, 4 young (4096K), 4 survivors (4096K)
 Metaspace       used 136186K, committed 137472K, reserved 557056K
  class space    used 19005K, committed 19648K, reserved 425984K
}
Event: 77.981 GC heap before
{Heap before GC invocations=47 (full 0):
 garbage-first heap   total 313344K, used 179118K [0x0000000080000000, 0x0000000100000000)
  region size 1024K, 5 young (5120K), 4 survivors (4096K)
 Metaspace       used 136187K, committed 137472K, reserved 557056K
  class space    used 19005K, committed 19648K, reserved 425984K
}
Event: 77.986 GC heap after
{Heap after GC invocations=48 (full 0):
 garbage-first heap   total 313344K, used 160493K [0x0000000080000000, 0x0000000100000000)
  region size 1024K, 4 young (4096K), 4 survivors (4096K)
 Metaspace       used 136187K, committed 137472K, reserved 557056K
  class space    used 19005K, committed 19648K, reserved 425984K
}
Event: 78.157 GC heap before
{Heap before GC invocations=48 (full 0):
 garbage-first heap   total 313344K, used 176877K [0x0000000080000000, 0x0000000100000000)
  region size 1024K, 5 young (5120K), 4 survivors (4096K)
 Metaspace       used 136187K, committed 137472K, reserved 557056K
  class space    used 19005K, committed 19648K, reserved 425984K
}
Event: 78.161 GC heap after
{Heap after GC invocations=49 (full 0):
 garbage-first heap   total 313344K, used 160642K [0x0000000080000000, 0x0000000100000000)
  region size 1024K, 4 young (4096K), 4 survivors (4096K)
 Metaspace       used 136187K, committed 137472K, reserved 557056K
  class space    used 19005K, committed 19648K, reserved 425984K
}
Event: 78.321 GC heap before
{Heap before GC invocations=49 (full 0):
 garbage-first heap   total 313344K, used 177026K [0x0000000080000000, 0x0000000100000000)
  region size 1024K, 5 young (5120K), 4 survivors (4096K)
 Metaspace       used 136187K, committed 137472K, reserved 557056K
  class space    used 19005K, committed 19648K, reserved 425984K
}
Event: 78.327 GC heap after
{Heap after GC invocations=50 (full 0):
 garbage-first heap   total 376832K, used 160495K [0x0000000080000000, 0x0000000100000000)
  region size 1024K, 4 young (4096K), 4 survivors (4096K)
 Metaspace       used 136187K, committed 137472K, reserved 557056K
  class space    used 19005K, committed 19648K, reserved 425984K
}
Event: 78.589 GC heap before
{Heap before GC invocations=50 (full 0):
 garbage-first heap   total 376832K, used 180975K [0x0000000080000000, 0x0000000100000000)
  region size 1024K, 5 young (5120K), 4 survivors (4096K)
 Metaspace       used 136187K, committed 137472K, reserved 557056K
  class space    used 19005K, committed 19648K, reserved 425984K
}
Event: 78.596 GC heap after
{Heap after GC invocations=51 (full 0):
 garbage-first heap   total 376832K, used 160348K [0x0000000080000000, 0x0000000100000000)
  region size 1024K, 3 young (3072K), 3 survivors (3072K)
 Metaspace       used 136187K, committed 137472K, reserved 557056K
  class space    used 19005K, committed 19648K, reserved 425984K
}
Event: 78.761 GC heap before
{Heap before GC invocations=51 (full 0):
 garbage-first heap   total 376832K, used 178780K [0x0000000080000000, 0x0000000100000000)
  region size 1024K, 4 young (4096K), 3 survivors (3072K)
 Metaspace       used 136187K, committed 137472K, reserved 557056K
  class space    used 19005K, committed 19648K, reserved 425984K
}
Event: 78.766 GC heap after
{Heap after GC invocations=52 (full 0):
 garbage-first heap   total 376832K, used 160348K [0x0000000080000000, 0x0000000100000000)
  region size 1024K, 3 young (3072K), 3 survivors (3072K)
 Metaspace       used 136187K, committed 137472K, reserved 557056K
  class space    used 19005K, committed 19648K, reserved 425984K
}
Event: 78.956 GC heap before
{Heap before GC invocations=52 (full 0):
 garbage-first heap   total 376832K, used 178780K [0x0000000080000000, 0x0000000100000000)
  region size 1024K, 4 young (4096K), 3 survivors (3072K)
 Metaspace       used 136187K, committed 137472K, reserved 557056K
  class space    used 19005K, committed 19648K, reserved 425984K
}
Event: 78.960 GC heap after
{Heap after GC invocations=53 (full 0):
 garbage-first heap   total 376832K, used 160640K [0x0000000080000000, 0x0000000100000000)
  region size 1024K, 4 young (4096K), 4 survivors (4096K)
 Metaspace       used 136187K, committed 137472K, reserved 557056K
  class space    used 19005K, committed 19648K, reserved 425984K
}
Event: 79.139 GC heap before
{Heap before GC invocations=53 (full 0):
 garbage-first heap   total 376832K, used 179072K [0x0000000080000000, 0x0000000100000000)
  region size 1024K, 5 young (5120K), 4 survivors (4096K)
 Metaspace       used 136187K, committed 137472K, reserved 557056K
  class space    used 19005K, committed 19648K, reserved 425984K
}
Event: 79.143 GC heap after
{Heap after GC invocations=54 (full 0):
 garbage-first heap   total 376832K, used 160642K [0x0000000080000000, 0x0000000100000000)
  region size 1024K, 4 young (4096K), 4 survivors (4096K)
 Metaspace       used 136187K, committed 137472K, reserved 557056K
  class space    used 19005K, committed 19648K, reserved 425984K
}

Dll operation events (16 events):
Event: 0.012 Loaded shared library C:\Program Files\Microsoft\jdk-17.0.10.7-hotspot\bin\java.dll
Event: 0.036 Loaded shared library C:\Program Files\Microsoft\jdk-17.0.10.7-hotspot\bin\jsvml.dll
Event: 0.133 Loaded shared library C:\Program Files\Microsoft\jdk-17.0.10.7-hotspot\bin\zip.dll
Event: 0.136 Loaded shared library C:\Program Files\Microsoft\jdk-17.0.10.7-hotspot\bin\instrument.dll
Event: 0.141 Loaded shared library C:\Program Files\Microsoft\jdk-17.0.10.7-hotspot\bin\net.dll
Event: 0.143 Loaded shared library C:\Program Files\Microsoft\jdk-17.0.10.7-hotspot\bin\nio.dll
Event: 0.152 Loaded shared library C:\Program Files\Microsoft\jdk-17.0.10.7-hotspot\bin\zip.dll
Event: 0.591 Loaded shared library C:\Program Files\Microsoft\jdk-17.0.10.7-hotspot\bin\jimage.dll
Event: 0.867 Loaded shared library C:\Program Files\Microsoft\jdk-17.0.10.7-hotspot\bin\verify.dll
Event: 0.989 Loaded shared library C:\Users\PAVILION\.gradle\native\1def1411415f61bf3af743bc5b6707747c0891f09f0c88961ee8f79bc544acac\windows-amd64\native-platform.dll
Event: 1.015 Loaded shared library C:\Users\PAVILION\.gradle\native\0.2.7\x86_64-windows-gnu\gradle-fileevents.dll
Event: 2.651 Loaded shared library C:\Program Files\Microsoft\jdk-17.0.10.7-hotspot\bin\management.dll
Event: 2.653 Loaded shared library C:\Program Files\Microsoft\jdk-17.0.10.7-hotspot\bin\management_ext.dll
Event: 2.913 Loaded shared library C:\Program Files\Microsoft\jdk-17.0.10.7-hotspot\bin\extnet.dll
Event: 3.231 Loaded shared library C:\Program Files\Microsoft\jdk-17.0.10.7-hotspot\bin\sunmscapi.dll
Event: 41.082 Loaded shared library C:\Program Files\Microsoft\jdk-17.0.10.7-hotspot\bin\rmi.dll

Deoptimization events (20 events):
Event: 207.480 Thread 0x00000183dc870f60 Uncommon trap: trap_request=0xffffff45 fr.pc=0x00000183ade25cb4 relative=0x0000000000000554
Event: 207.481 Thread 0x00000183dc870f60 Uncommon trap: reason=unstable_if action=reinterpret pc=0x00000183ade25cb4 method=org.gradle.internal.logging.text.AbstractLineChoppingStyledTextOutput$2.execute(Lorg/gradle/internal/logging/text/AbstractLineChoppingStyledTextOutput$StateContext;)V @ 34 c
Event: 207.481 Thread 0x00000183dc870f60 DEOPT PACKING pc=0x00000183ade25cb4 sp=0x00000051113fc2b0
Event: 207.481 Thread 0x00000183dc870f60 DEOPT UNPACKING pc=0x00000183ad3e69a3 sp=0x00000051113fc148 mode 2
Event: 207.535 Thread 0x00000183dc86e6e0 Uncommon trap: trap_request=0xffffffc6 fr.pc=0x00000183adce9bec relative=0x0000000000000ccc
Event: 207.535 Thread 0x00000183dc86e6e0 Uncommon trap: reason=bimorphic_or_optimized_type_check action=maybe_recompile pc=0x00000183adce9bec method=java.io.ObjectOutputStream$BlockDataOutputStream.drain()V @ 36 c2
Event: 207.535 Thread 0x00000183dc86e6e0 DEOPT PACKING pc=0x00000183adce9bec sp=0x00000051114feee0
Event: 207.535 Thread 0x00000183dc86e6e0 DEOPT UNPACKING pc=0x00000183ad3e69a3 sp=0x00000051114fee78 mode 2
Event: 207.536 Thread 0x00000183dc86e6e0 Uncommon trap: trap_request=0xffffffc6 fr.pc=0x00000183adce9bec relative=0x0000000000000ccc
Event: 207.536 Thread 0x00000183dc86e6e0 Uncommon trap: reason=bimorphic_or_optimized_type_check action=maybe_recompile pc=0x00000183adce9bec method=java.io.ObjectOutputStream$BlockDataOutputStream.drain()V @ 36 c2
Event: 207.536 Thread 0x00000183dc86e6e0 DEOPT PACKING pc=0x00000183adce9bec sp=0x00000051114feee0
Event: 207.536 Thread 0x00000183dc86e6e0 DEOPT UNPACKING pc=0x00000183ad3e69a3 sp=0x00000051114fee78 mode 2
Event: 207.575 Thread 0x00000183dc870f60 Uncommon trap: trap_request=0xffffffc6 fr.pc=0x00000183adbbecac relative=0x00000000000007cc
Event: 207.575 Thread 0x00000183dc870f60 Uncommon trap: reason=bimorphic_or_optimized_type_check action=maybe_recompile pc=0x00000183adbbecac method=java.util.stream.MatchOps$MatchOp.evaluateSequential(Ljava/util/stream/PipelineHelper;Ljava/util/Spliterator;)Ljava/lang/Boolean; @ 14 c2
Event: 207.575 Thread 0x00000183dc870f60 DEOPT PACKING pc=0x00000183adbbecac sp=0x00000051113fc190
Event: 207.575 Thread 0x00000183dc870f60 DEOPT UNPACKING pc=0x00000183ad3e69a3 sp=0x00000051113fc0c8 mode 2
Event: 207.575 Thread 0x00000183dc870f60 Uncommon trap: trap_request=0xffffffc6 fr.pc=0x00000183adbbecac relative=0x00000000000007cc
Event: 207.575 Thread 0x00000183dc870f60 Uncommon trap: reason=bimorphic_or_optimized_type_check action=maybe_recompile pc=0x00000183adbbecac method=java.util.stream.MatchOps$MatchOp.evaluateSequential(Ljava/util/stream/PipelineHelper;Ljava/util/Spliterator;)Ljava/lang/Boolean; @ 14 c2
Event: 207.575 Thread 0x00000183dc870f60 DEOPT PACKING pc=0x00000183adbbecac sp=0x00000051113fc190
Event: 207.575 Thread 0x00000183dc870f60 DEOPT UNPACKING pc=0x00000183ad3e69a3 sp=0x00000051113fc0c8 mode 2

Classes unloaded (0 events):
No events

Classes redefined (0 events):
No events

Internal exceptions (20 events):
Event: 64.855 Thread 0x00000183df0dc0c0 Exception <a 'sun/nio/fs/WindowsException'{0x000000008be02e28}> (0x000000008be02e28) 
thrown [s\src\hotspot\share\prims\jni.cpp, line 516]
Event: 75.426 Thread 0x00000183df82d840 Exception <a 'java/lang/NoSuchMethodError'{0x000000008afd3c20}: static Ljava/lang/Object;.<clinit>()V> (0x000000008afd3c20) 
thrown [s\src\hotspot\share\prims\jni.cpp, line 1107]
Event: 75.693 Thread 0x00000183df82d840 Exception <a 'java/lang/NoSuchMethodError'{0x000000008dbfb600}: static Lcom/android/build/api/variant/impl/SerializableApplicationMultiOutputHandler;.<clinit>()V> (0x000000008dbfb600) 
thrown [s\src\hotspot\share\prims\jni.cpp, line 1107]
Event: 75.694 Thread 0x00000183df82d840 Exception <a 'java/lang/NoSuchMethodError'{0x000000008da12610}: static Lcom/android/build/api/variant/impl/VariantOutputImpl$SerializedForm;.<clinit>()V> (0x000000008da12610) 
thrown [s\src\hotspot\share\prims\jni.cpp, line 1107]
Event: 75.696 Thread 0x00000183df82d840 Exception <a 'java/lang/NoSuchMethodError'{0x000000008da26e70}: static Lcom/android/build/api/variant/impl/VariantOutputConfigurationImpl;.<clinit>()V> (0x000000008da26e70) 
thrown [s\src\hotspot\share\prims\jni.cpp, line 1107]
Event: 79.764 Thread 0x00000183df82d840 Implicit null exception at 0x00000183adc29ad4 to 0x00000183adc29c88
Event: 79.764 Thread 0x00000183df82d840 Implicit null exception at 0x00000183ada3dd55 to 0x00000183ada3ec10
Event: 79.923 Thread 0x00000183df82d840 Exception <a 'java/lang/NoSuchMethodError'{0x00000000963d1ef0}: 'java.lang.Object java.lang.invoke.DirectMethodHandle$Holder.invokeInterface(java.lang.Object, java.lang.Object, java.lang.Object, java.lang.Object)'> (0x00000000963d1ef0) 
thrown [s\src\hotspot\share\interpreter\linkResolver.cpp, line 759]
Event: 80.025 Thread 0x00000183df0dcff0 Implicit null exception at 0x00000183ae21f971 to 0x00000183ae22010c
Event: 80.026 Thread 0x00000183df0dcff0 Exception <a 'java/lang/NoSuchMethodError'{0x00000000960dc170}: 'java.lang.Object java.lang.invoke.DirectMethodHandle$Holder.newInvokeSpecial(java.lang.Object, java.lang.Object, java.lang.Object, java.lang.Object, long, java.lang.Object)'> (0x00000000960dc170) 
thrown [s\src\hotspot\share\interpreter\linkResolver.cpp, line 759]
Event: 80.026 Thread 0x00000183df0dcff0 Exception <a 'java/lang/NoSuchMethodError'{0x00000000960e0160}: 'java.lang.Object java.lang.invoke.DirectMethodHandle$Holder.invokeSpecial(java.lang.Object, java.lang.Object, java.lang.Object, java.lang.Object, java.lang.Object, long, java.lang.Object)'> (0x00000000960e0160) 
thrown [s\src\hotspot\share\interpreter\linkResolver.cpp, line 759]
Event: 80.026 Thread 0x00000183df0dcff0 Exception <a 'java/lang/NoSuchMethodError'{0x00000000960e3a50}: 'java.lang.Object java.lang.invoke.Invokers$Holder.linkToTargetMethod(java.lang.Object, java.lang.Object, java.lang.Object, long, java.lang.Object, java.lang.Object)'> (0x00000000960e3a50) 
thrown [s\src\hotspot\share\interpreter\linkResolver.cpp, line 759]
Event: 81.011 Thread 0x00000183df0dcae0 Exception <a 'java/io/IOException'{0x00000000960aa3b8}> (0x00000000960aa3b8) 
thrown [s\src\hotspot\share\prims\jni.cpp, line 516]
Event: 81.552 Thread 0x00000183df82d840 Exception <a 'java/lang/NoSuchMethodError'{0x0000000095d6e228}: 'java.lang.Object java.lang.invoke.DirectMethodHandle$Holder.newInvokeSpecial(java.lang.Object, java.lang.Object, java.lang.Object, int, java.lang.Object)'> (0x0000000095d6e228) 
thrown [s\src\hotspot\share\interpreter\linkResolver.cpp, line 759]
Event: 81.553 Thread 0x00000183df82d840 Exception <a 'java/lang/NoSuchMethodError'{0x0000000095d72450}: 'java.lang.Object java.lang.invoke.Invokers$Holder.linkToTargetMethod(java.lang.Object, java.lang.Object, int, java.lang.Object, java.lang.Object)'> (0x0000000095d72450) 
thrown [s\src\hotspot\share\interpreter\linkResolver.cpp, line 759]
Event: 207.421 Thread 0x00000183df0e2600 Exception <a 'sun/nio/fs/WindowsException'{0x0000000095700f58}> (0x0000000095700f58) 
thrown [s\src\hotspot\share\prims\jni.cpp, line 516]
Event: 207.422 Thread 0x00000183dc870f60 Exception <a 'sun/nio/fs/WindowsException'{0x0000000095786bc8}> (0x0000000095786bc8) 
thrown [s\src\hotspot\share\prims\jni.cpp, line 516]
Event: 207.422 Thread 0x00000183dc870f60 Exception <a 'sun/nio/fs/WindowsException'{0x0000000095786d98}> (0x0000000095786d98) 
thrown [s\src\hotspot\share\prims\jni.cpp, line 516]
Event: 207.444 Thread 0x00000183e1614c20 Exception <a 'sun/nio/fs/WindowsException'{0x0000000095688378}> (0x0000000095688378) 
thrown [s\src\hotspot\share\prims\jni.cpp, line 516]
Event: 207.474 Thread 0x00000183e1614c20 Exception <a 'sun/nio/fs/WindowsException'{0x00000000956992d8}> (0x00000000956992d8) 
thrown [s\src\hotspot\share\prims\jni.cpp, line 516]

VM Operations (20 events):
Event: 82.545 Executing VM operation: Cleanup
Event: 82.545 Executing VM operation: Cleanup done
Event: 84.547 Executing VM operation: Cleanup
Event: 84.547 Executing VM operation: Cleanup done
Event: 88.548 Executing VM operation: Cleanup
Event: 88.548 Executing VM operation: Cleanup done
Event: 93.549 Executing VM operation: Cleanup
Event: 93.550 Executing VM operation: Cleanup done
Event: 120.348 Executing VM operation: HandshakeAllThreads
Event: 120.348 Executing VM operation: HandshakeAllThreads done
Event: 143.358 Executing VM operation: Cleanup
Event: 143.358 Executing VM operation: Cleanup done
Event: 180.377 Executing VM operation: Cleanup
Event: 180.377 Executing VM operation: Cleanup done
Event: 195.384 Executing VM operation: Cleanup
Event: 195.384 Executing VM operation: Cleanup done
Event: 207.395 Executing VM operation: Cleanup
Event: 207.417 Executing VM operation: Cleanup done
Event: 207.488 Executing VM operation: HandshakeAllThreads
Event: 207.488 Executing VM operation: HandshakeAllThreads done

Events (20 events):
Event: 81.012 Thread 0x00000183df0dcae0 Thread exited: 0x00000183df0dcae0
Event: 81.012 Thread 0x00000183df0dc5d0 Thread exited: 0x00000183df0dc5d0
Event: 130.687 Thread 0x00000183df0e2b10 Thread exited: 0x00000183df0e2b10
Event: 130.724 Thread 0x00000183df0e2600 Thread exited: 0x00000183df0e2600
Event: 130.725 Thread 0x00000183df0e16d0 Thread exited: 0x00000183df0e16d0
Event: 131.322 Thread 0x00000183df0dfd80 Thread exited: 0x00000183df0dfd80
Event: 139.292 Thread 0x00000183deb3f9b0 Thread exited: 0x00000183deb3f9b0
Event: 199.292 Thread 0x00000183deb408e0 Thread exited: 0x00000183deb408e0
Event: 207.282 Thread 0x00000183deb445a0 Thread exited: 0x00000183deb445a0
Event: 207.289 Thread 0x00000183deb44ab0 Thread exited: 0x00000183deb44ab0
Event: 207.290 Thread 0x00000183e3570b40 Thread exited: 0x00000183e3570b40
Event: 207.420 Thread 0x00000183df0e2600 Thread added: 0x00000183df0e2600
Event: 207.441 loading class java/nio/file/StandardCopyOption
Event: 207.442 loading class java/nio/file/StandardCopyOption done
Event: 207.442 loading class sun/nio/fs/WindowsFileCopy
Event: 207.442 loading class sun/nio/fs/WindowsFileCopy done
Event: 207.472 loading class sun/nio/fs/WindowsSecurity$Privilege
Event: 207.472 loading class sun/nio/fs/WindowsSecurity$Privilege done
Event: 207.475 Thread 0x00000183e1614c20 Thread exited: 0x00000183e1614c20
Event: 207.539 Thread 0x00000183de48a760 Thread added: 0x00000183de48a760


Dynamic libraries:
0x00007ff602fb0000 - 0x00007ff602fbe000 	C:\Program Files\Microsoft\jdk-17.0.10.7-hotspot\bin\java.exe
0x00007ffa330e0000 - 0x00007ffa332e9000 	C:\Windows\SYSTEM32\ntdll.dll
0x00007ffa31da0000 - 0x00007ffa31e5e000 	C:\Windows\System32\KERNEL32.DLL
0x00007ffa30630000 - 0x00007ffa309b4000 	C:\Windows\System32\KERNELBASE.dll
0x00007ffa30d00000 - 0x00007ffa30e11000 	C:\Windows\System32\ucrtbase.dll
0x00007ffa1f920000 - 0x00007ffa1f93b000 	C:\Program Files\Microsoft\jdk-17.0.10.7-hotspot\bin\VCRUNTIME140.dll
0x00007ffa0d800000 - 0x00007ffa0d817000 	C:\Program Files\Microsoft\jdk-17.0.10.7-hotspot\bin\jli.dll
0x00007ffa31520000 - 0x00007ffa316cd000 	C:\Windows\System32\USER32.dll
0x00007ffa30b60000 - 0x00007ffa30b86000 	C:\Windows\System32\win32u.dll
0x00007ffa31400000 - 0x00007ffa3142a000 	C:\Windows\System32\GDI32.dll
0x00007ffa30a40000 - 0x00007ffa30b5f000 	C:\Windows\System32\gdi32full.dll
0x00007ffa30e90000 - 0x00007ffa30f2d000 	C:\Windows\System32\msvcp_win.dll
0x00007ffa14bd0000 - 0x00007ffa14e75000 	C:\Windows\WinSxS\amd64_microsoft.windows.common-controls_6595b64144ccf1df_6.0.22000.120_none_9d947278b86cc467\COMCTL32.dll
0x00007ffa31a60000 - 0x00007ffa31b03000 	C:\Windows\System32\msvcrt.dll
0x00007ffa313b0000 - 0x00007ffa313e1000 	C:\Windows\System32\IMM32.DLL
0x00007ffa2c9a0000 - 0x00007ffa2c9ac000 	C:\Program Files\Microsoft\jdk-17.0.10.7-hotspot\bin\vcruntime140_1.dll
0x00007ff9e5af0000 - 0x00007ff9e5b7d000 	C:\Program Files\Microsoft\jdk-17.0.10.7-hotspot\bin\msvcp140.dll
0x00007ff9bb610000 - 0x00007ff9bc275000 	C:\Program Files\Microsoft\jdk-17.0.10.7-hotspot\bin\server\jvm.dll
0x00007ffa32400000 - 0x00007ffa324af000 	C:\Windows\System32\ADVAPI32.dll
0x00007ffa31e60000 - 0x00007ffa31efe000 	C:\Windows\System32\sechost.dll
0x00007ffa31740000 - 0x00007ffa31861000 	C:\Windows\System32\RPCRT4.dll
0x00007ffa2eec0000 - 0x00007ffa2ef0d000 	C:\Windows\SYSTEM32\POWRPROF.dll
0x00007ffa2b340000 - 0x00007ffa2b349000 	C:\Windows\SYSTEM32\WSOCK32.dll
0x00007ffa316d0000 - 0x00007ffa3173f000 	C:\Windows\System32\WS2_32.dll
0x00007ffa29f70000 - 0x00007ffa29fa3000 	C:\Windows\SYSTEM32\WINMM.dll
0x00007ffa27ec0000 - 0x00007ffa27eca000 	C:\Windows\SYSTEM32\VERSION.dll
0x00007ffa2eff0000 - 0x00007ffa2f003000 	C:\Windows\SYSTEM32\UMPDC.dll
0x00007ffa2f6c0000 - 0x00007ffa2f6d8000 	C:\Windows\SYSTEM32\kernel.appcore.dll
0x00007ffa21d10000 - 0x00007ffa21d1a000 	C:\Program Files\Microsoft\jdk-17.0.10.7-hotspot\bin\jimage.dll
0x00007ffa2d7e0000 - 0x00007ffa2da01000 	C:\Windows\SYSTEM32\DBGHELP.DLL
0x00007ffa0c150000 - 0x00007ffa0c181000 	C:\Windows\SYSTEM32\dbgcore.DLL
0x00007ffa309c0000 - 0x00007ffa30a3f000 	C:\Windows\System32\bcryptPrimitives.dll
0x00007ffa16910000 - 0x00007ffa1691e000 	C:\Program Files\Microsoft\jdk-17.0.10.7-hotspot\bin\instrument.dll
0x00007ffa08e40000 - 0x00007ffa08e65000 	C:\Program Files\Microsoft\jdk-17.0.10.7-hotspot\bin\java.dll
0x00007ff9e1df0000 - 0x00007ff9e1ec7000 	C:\Program Files\Microsoft\jdk-17.0.10.7-hotspot\bin\jsvml.dll
0x00007ffa326d0000 - 0x00007ffa32e95000 	C:\Windows\System32\SHELL32.dll
0x00007ffa2e640000 - 0x00007ffa2eea4000 	C:\Windows\SYSTEM32\windows.storage.dll
0x00007ffa32070000 - 0x00007ffa323e6000 	C:\Windows\System32\combase.dll
0x00007ffa2e4d0000 - 0x00007ffa2e637000 	C:\Windows\SYSTEM32\wintypes.dll
0x00007ffa31430000 - 0x00007ffa3151a000 	C:\Windows\System32\SHCORE.dll
0x00007ffa33040000 - 0x00007ffa3309d000 	C:\Windows\System32\shlwapi.dll
0x00007ffa304a0000 - 0x00007ffa304c5000 	C:\Windows\SYSTEM32\profapi.dll
0x00007ffa08e20000 - 0x00007ffa08e38000 	C:\Program Files\Microsoft\jdk-17.0.10.7-hotspot\bin\zip.dll
0x00007ffa0b9d0000 - 0x00007ffa0b9e9000 	C:\Program Files\Microsoft\jdk-17.0.10.7-hotspot\bin\net.dll
0x00007ffa2a220000 - 0x00007ffa2a333000 	C:\Windows\SYSTEM32\WINHTTP.dll
0x00007ffa2fb70000 - 0x00007ffa2fbd7000 	C:\Windows\system32\mswsock.dll
0x00007ffa0a0e0000 - 0x00007ffa0a0f6000 	C:\Program Files\Microsoft\jdk-17.0.10.7-hotspot\bin\nio.dll
0x00007ffa21a20000 - 0x00007ffa21a30000 	C:\Program Files\Microsoft\jdk-17.0.10.7-hotspot\bin\verify.dll
0x00007ffa029e0000 - 0x00007ffa02a07000 	C:\Users\PAVILION\.gradle\native\1def1411415f61bf3af743bc5b6707747c0891f09f0c88961ee8f79bc544acac\windows-amd64\native-platform.dll
0x00007ff9e1d70000 - 0x00007ff9e1de8000 	C:\Users\PAVILION\.gradle\native\0.2.7\x86_64-windows-gnu\gradle-fileevents.dll
0x00007ffa20c30000 - 0x00007ffa20c39000 	C:\Program Files\Microsoft\jdk-17.0.10.7-hotspot\bin\management.dll
0x00007ffa20810000 - 0x00007ffa2081b000 	C:\Program Files\Microsoft\jdk-17.0.10.7-hotspot\bin\management_ext.dll
0x00007ffa323f0000 - 0x00007ffa323f8000 	C:\Windows\System32\PSAPI.DLL
0x00007ffa2f1d0000 - 0x00007ffa2f1fd000 	C:\Windows\SYSTEM32\IPHLPAPI.DLL
0x00007ffa31ff0000 - 0x00007ffa31ff9000 	C:\Windows\System32\NSI.dll
0x00007ffa29810000 - 0x00007ffa29829000 	C:\Windows\SYSTEM32\dhcpcsvc6.DLL
0x00007ffa2aaa0000 - 0x00007ffa2aabe000 	C:\Windows\SYSTEM32\dhcpcsvc.DLL
0x00007ffa2f200000 - 0x00007ffa2f2e7000 	C:\Windows\SYSTEM32\DNSAPI.dll
0x00007ffa1a0e0000 - 0x00007ffa1a0e9000 	C:\Program Files\Microsoft\jdk-17.0.10.7-hotspot\bin\extnet.dll
0x00007ffa2fdc0000 - 0x00007ffa2fdd8000 	C:\Windows\SYSTEM32\CRYPTSP.dll
0x00007ffa2f620000 - 0x00007ffa2f655000 	C:\Windows\system32\rsaenh.dll
0x00007ffa2fc70000 - 0x00007ffa2fc9c000 	C:\Windows\SYSTEM32\USERENV.dll
0x00007ffa2ff40000 - 0x00007ffa2ff67000 	C:\Windows\SYSTEM32\bcrypt.dll
0x00007ffa2fde0000 - 0x00007ffa2fdec000 	C:\Windows\SYSTEM32\CRYPTBASE.dll
0x00007ffa12730000 - 0x00007ffa1273e000 	C:\Program Files\Microsoft\jdk-17.0.10.7-hotspot\bin\sunmscapi.dll
0x00007ffa30b90000 - 0x00007ffa30cfa000 	C:\Windows\System32\CRYPT32.dll
0x00007ffa2ff10000 - 0x00007ffa2ff3a000 	C:\Windows\SYSTEM32\ncrypt.dll
0x00007ffa2fed0000 - 0x00007ffa2ff07000 	C:\Windows\SYSTEM32\NTASN1.dll
0x00007ffa12430000 - 0x00007ffa12438000 	C:\Windows\system32\wshunix.dll
0x00007ffa016f0000 - 0x00007ffa01707000 	C:\Windows\system32\napinsp.dll
0x00007ffa016d0000 - 0x00007ffa016eb000 	C:\Windows\system32\pnrpnsp.dll
0x00007ffa016b0000 - 0x00007ffa016c2000 	C:\Windows\System32\winrnr.dll
0x00007ffa27f50000 - 0x00007ffa27f65000 	C:\Windows\system32\wshbth.dll
0x00007ffa01690000 - 0x00007ffa016af000 	C:\Windows\system32\nlansp_c.dll
0x00000000736d0000 - 0x00000000736f6000 	C:\Program Files\Bonjour\mdnsNSP.dll
0x00007ffa0fd70000 - 0x00007ffa0fd7a000 	C:\Windows\System32\rasadhlp.dll
0x00007ffa27cd0000 - 0x00007ffa27d52000 	C:\Windows\System32\fwpuclnt.dll
0x00007ffa119b0000 - 0x00007ffa119b7000 	C:\Program Files\Microsoft\jdk-17.0.10.7-hotspot\bin\rmi.dll
0x00007ffa2f6e0000 - 0x00007ffa2f714000 	C:\Windows\SYSTEM32\ntmarta.dll

dbghelp: loaded successfully - version: 4.0.5 - missing functions: none
symbol engine: initialized successfully - sym options: 0x614 - pdb path: .;C:\Program Files\Microsoft\jdk-17.0.10.7-hotspot\bin;C:\Windows\SYSTEM32;C:\Windows\WinSxS\amd64_microsoft.windows.common-controls_6595b64144ccf1df_6.0.22000.120_none_9d947278b86cc467;C:\Program Files\Microsoft\jdk-17.0.10.7-hotspot\bin\server;C:\Users\PAVILION\.gradle\native\1def1411415f61bf3af743bc5b6707747c0891f09f0c88961ee8f79bc544acac\windows-amd64;C:\Users\PAVILION\.gradle\native\0.2.7\x86_64-windows-gnu;C:\Program Files\Bonjour

VM Arguments:
jvm_args: --add-opens=java.base/java.lang=ALL-UNNAMED --add-opens=java.base/java.lang.invoke=ALL-UNNAMED --add-opens=java.base/java.util=ALL-UNNAMED --add-opens=java.prefs/java.util.prefs=ALL-UNNAMED --add-exports=jdk.compiler/com.sun.tools.javac.api=ALL-UNNAMED --add-exports=jdk.compiler/com.sun.tools.javac.util=ALL-UNNAMED --add-opens=java.base/java.util=ALL-UNNAMED --add-opens=java.prefs/java.util.prefs=ALL-UNNAMED --add-opens=java.base/java.nio.charset=ALL-UNNAMED --add-opens=java.base/java.net=ALL-UNNAMED --add-opens=java.base/java.util.concurrent.atomic=ALL-UNNAMED --add-opens=java.xml/javax.xml.namespace=ALL-UNNAMED -XX:MaxMetaspaceSize=512m -Xmx2048m -Dfile.encoding=windows-1252 -Duser.country=US -Duser.language=en -Duser.variant -javaagent:C:\Users\PAVILION\.gradle\wrapper\dists\gradle-8.13-bin\5xuhj0ry160q40clulazy9h7d\gradle-8.13\lib\agents\gradle-instrumentation-agent-8.13.jar 
java_command: org.gradle.launcher.daemon.bootstrap.GradleDaemon 8.13
java_class_path (initial): C:\Users\PAVILION\.gradle\wrapper\dists\gradle-8.13-bin\5xuhj0ry160q40clulazy9h7d\gradle-8.13\lib\gradle-daemon-main-8.13.jar
Launcher Type: SUN_STANDARD

[Global flags]
     intx CICompilerCount                          = 3                                         {product} {ergonomic}
   size_t CompressedClassSpaceSize                 = 436207616                                 {product} {ergonomic}
     uint ConcGCThreads                            = 1                                         {product} {ergonomic}
     uint G1ConcRefinementThreads                  = 4                                         {product} {ergonomic}
   size_t G1HeapRegionSize                         = 1048576                                   {product} {ergonomic}
    uintx GCDrainStackTargetSize                   = 64                                        {product} {ergonomic}
   size_t InitialHeapSize                          = 134217728                                 {product} {ergonomic}
   size_t MarkStackSize                            = 4194304                                   {product} {ergonomic}
   size_t MaxHeapSize                              = 2147483648                                {product} {command line}
   size_t MaxMetaspaceSize                         = 536870912                                 {product} {command line}
   size_t MaxNewSize                               = 1287651328                                {product} {ergonomic}
   size_t MinHeapDeltaBytes                        = 1048576                                   {product} {ergonomic}
   size_t MinHeapSize                              = 8388608                                   {product} {ergonomic}
    uintx NonNMethodCodeHeapSize                   = 5832780                                {pd product} {ergonomic}
    uintx NonProfiledCodeHeapSize                  = 122912730                              {pd product} {ergonomic}
    uintx ProfiledCodeHeapSize                     = 122912730                              {pd product} {ergonomic}
    uintx ReservedCodeCacheSize                    = 251658240                              {pd product} {ergonomic}
     bool SegmentedCodeCache                       = true                                      {product} {ergonomic}
   size_t SoftMaxHeapSize                          = 2147483648                             {manageable} {ergonomic}
     bool UseCompressedClassPointers               = true                           {product lp64_product} {ergonomic}
     bool UseCompressedOops                        = true                           {product lp64_product} {ergonomic}
     bool UseG1GC                                  = true                                      {product} {ergonomic}
     bool UseLargePagesIndividualAllocation        = false                                  {pd product} {ergonomic}

Logging:
Log output configuration:
 #0: stdout all=warning uptime,level,tags
 #1: stderr all=off uptime,level,tags

Environment Variables:
JAVA_HOME=C:\Program Files\Microsoft\jdk-17.0.10.7-hotspot\
CLASSPATH=D:\Dev space\Gemma showcase\SmartMoney\android\\gradle\wrapper\gradle-wrapper.jar
PATH=D:\Dev space\Gemma showcase\SmartMoney\node_modules\.bin;D:\Dev space\Gemma showcase\SmartMoney\node_modules\.bin;D:\Dev space\Gemma showcase\node_modules\.bin;D:\Dev space\node_modules\.bin;D:\node_modules\.bin;C:\Users\PAVILION\AppData\Roaming\nvm\v20.9.0\node_modules\npm\node_modules\@npmcli\run-script\lib\node-gyp-bin;C:\Program Files\Microsoft\jdk-17.0.10.7-hotspot\bin;C:\Program Files\Common Files\Oracle\Java\javapath;C:\Program Files\Microsoft\jdk-11.0.20.8-hotspot\bin;C:\Program Files\Python311\Scripts\;C:\Program Files\Python311\;C:\Windows\system32;C:\Windows;C:\Windows\System32\Wbem;C:\Windows\System32\WindowsPowerShell\v1.0\;C:\Windows\System32\OpenSSH\;C:\Program Files\Git\cmd;C:\Program Files\dotnet\;C:\Program Files\Odoo 15.0e.20220315\python;C:\Program Files\Odoo 15.0e.20220315\PostgreSQL\bin;C:\Users\PAVILION\AppData\Roaming\npm;C:\Users\PAVILION\EspaceDev\Pro-Project\Logic Habit\Backend - Django\env\Scripts\celery;C:\EspaceDev\JobScraper\.env\Scripts;D:\Tools\android_sdk\platform-tools;C:\ProgramData\chocolatey\bin;C:\Users\PAVILION\Downloads\v1.1.11\coreybutler-nvm-windows-3f0dba1;C:\Users\PAVILION\AppData\Roaming\nvm;C:\Program Files\nodejs;E:\Program\Redis\;C:\Users\PAVILION\AppData\Local\Programs\Microsoft VS Code\bin;C:\Users\PAVILION\AppData\Roaming\npm;C:\Users\PAVILION\AppData\Roaming\nvm;C:\Program Files\nodejs;D:\Tools\android_sdk\platform-tools;D:\Tools\android_sdk\cmdline-tools\latest\bin;
USERNAME=PAVILION
OS=Windows_NT
PROCESSOR_IDENTIFIER=Intel64 Family 6 Model 142 Stepping 9, GenuineIntel
TMP=C:\Users\PAVILION\AppData\Local\Temp
TEMP=C:\Users\PAVILION\AppData\Local\Temp



Periodic native trim disabled


---------------  S Y S T E M  ---------------

OS:
 Windows 11 , 64 bit Build 22000 (10.0.22000.2124)
OS uptime: 0 days 2:11 hours

CPU: total 4 (initial active 4) (2 cores per cpu, 2 threads per core) family 6 model 142 stepping 9 microcode 0xde, cx8, cmov, fxsr, ht, mmx, 3dnowpref, sse, sse2, sse3, ssse3, sse4.1, sse4.2, popcnt, lzcnt, tsc, tscinvbit, avx, avx2, aes, erms, clmul, bmi1, bmi2, adx, fma, vzeroupper, clflush, clflushopt
Processor Information for all 4 processors :
  Max Mhz: 2904, Current Mhz: 2703, Mhz Limit: 2700

Memory: 4k page, system-wide physical 8077M (745M free)
TotalPageFile size 11421M (AvailPageFile size 431M)
current process WorkingSet (physical memory assigned to process): 604M, peak: 604M
current process commit charge ("private bytes"): 739M, peak: 748M

vm_info: OpenJDK 64-Bit Server VM (17.0.10+7-LTS) for windows-amd64 JRE (17.0.10+7-LTS), built on Jan 10 2024 19:47:12 by "MicrosoftCorporation" with MS VC++ 16.10 / 16.11 (VS2019)

END.
