#
# There is insufficient memory for the Java Runtime Environment to continue.
# Native memory allocation (malloc) failed to allocate 1495136 bytes for Chunk::new
# Possible reasons:
#   The system is out of physical RAM or swap space
#   The process is running with CompressedOops enabled, and the Java Heap may be blocking the growth of the native heap
# Possible solutions:
#   Reduce memory load on the system
#   Increase physical memory or swap space
#   Check if swap backing store is full
#   Decrease Java heap size (-Xmx/-Xms)
#   Decrease number of Java threads
#   Decrease Java thread stack sizes (-Xss)
#   Set larger code cache with -XX:ReservedCodeCacheSize=
#   JVM is running with Unscaled Compressed Oops mode in which the Java heap is
#     placed in the first 4GB address space. The Java Heap base address is the
#     maximum limit for the native heap growth. Please use -XX:HeapBaseMinAddress
#     to set the Java Heap base and to place the Java Heap above 4GB virtual address.
# This output file may be truncated or incomplete.
#
#  Out of Memory Error (arena.cpp:191), pid=8840, tid=1648
#
# JRE version: OpenJDK Runtime Environment Microsoft-8902769 (17.0.10+7) (build 17.0.10+7-LTS)
# Java VM: OpenJDK 64-Bit Server VM Microsoft-8902769 (17.0.10+7-LTS, mixed mode, sharing, tiered, compressed oops, compressed class ptrs, g1 gc, windows-amd64)
# No core dump will be written. Minidumps are not enabled by default on client versions of Windows
#

---------------  S U M M A R Y ------------

Command Line: --add-opens=java.base/java.lang=ALL-UNNAMED --add-opens=java.base/java.lang.invoke=ALL-UNNAMED --add-opens=java.base/java.util=ALL-UNNAMED --add-opens=java.prefs/java.util.prefs=ALL-UNNAMED --add-exports=jdk.compiler/com.sun.tools.javac.api=ALL-UNNAMED --add-exports=jdk.compiler/com.sun.tools.javac.util=ALL-UNNAMED --add-opens=java.base/java.util=ALL-UNNAMED --add-opens=java.prefs/java.util.prefs=ALL-UNNAMED --add-opens=java.base/java.nio.charset=ALL-UNNAMED --add-opens=java.base/java.net=ALL-UNNAMED --add-opens=java.base/java.util.concurrent.atomic=ALL-UNNAMED --add-opens=java.xml/javax.xml.namespace=ALL-UNNAMED -XX:MaxMetaspaceSize=512m -Xmx2048m -Dfile.encoding=windows-1252 -Duser.country=US -Duser.language=en -Duser.variant -javaagent:C:\Users\PAVILION\.gradle\wrapper\dists\gradle-8.13-bin\5xuhj0ry160q40clulazy9h7d\gradle-8.13\lib\agents\gradle-instrumentation-agent-8.13.jar org.gradle.launcher.daemon.bootstrap.GradleDaemon 8.13

Host: Intel(R) Core(TM) i7-7500U CPU @ 2.70GHz, 4 cores, 7G,  Windows 11 , 64 bit Build 22000 (10.0.22000.2124)
Time: Wed Jul 30 09:13:12 2025 Egypt Daylight Time elapsed time: 523.386788 seconds (0d 0h 8m 43s)

---------------  T H R E A D  ---------------

Current thread (0x00000217255ab480):  JavaThread "C2 CompilerThread0" daemon [_thread_in_native, id=1648, stack(0x0000008428700000,0x0000008428800000)]


Current CompileTask:
C2: 523387 20882       4       com.android.aaptcompiler.StringPool::makeRefImpl (200 bytes)

Stack: [0x0000008428700000,0x0000008428800000]
Native frames: (J=compiled Java code, j=interpreted, Vv=VM code, C=native code)
V  [jvm.dll+0x67f829]
V  [jvm.dll+0x83750a]
V  [jvm.dll+0x838fce]
V  [jvm.dll+0x839633]
V  [jvm.dll+0x247cbf]
V  [jvm.dll+0xac524]
V  [jvm.dll+0xacb6c]
V  [jvm.dll+0x368cf7]
V  [jvm.dll+0x33311a]
V  [jvm.dll+0x3325ba]
V  [jvm.dll+0x21a401]
V  [jvm.dll+0x219821]
V  [jvm.dll+0x1a5176]
V  [jvm.dll+0x22957e]
V  [jvm.dll+0x22774c]
V  [jvm.dll+0x7ec5d7]
V  [jvm.dll+0x7e69da]
V  [jvm.dll+0x67e715]
C  [ucrtbase.dll+0x26c0c]
C  [KERNEL32.DLL+0x155a0]
C  [ntdll.dll+0x485b]


---------------  P R O C E S S  ---------------

Threads class SMR info:
_java_thread_list=0x000002174fbb85c0, length=104, elements={
0x00000217079b6120, 0x0000021725583720, 0x0000021725585890, 0x000002172559ece0,
0x000002172559f6a0, 0x00000217255a2810, 0x00000217255a71e0, 0x00000217255ab480,
0x00000217255cbf40, 0x00000217255cc940, 0x00000217257caa70, 0x00000217258bab90,
0x00000217460cd090, 0x0000021745d48d70, 0x00000217467f2630, 0x0000021725af8f50,
0x0000021725afa8a0, 0x0000021725afb7d0, 0x0000021747fce570, 0x0000021747fccc20,
0x0000021747fcbcf0, 0x0000021747fcd130, 0x0000021748112370, 0x0000021745cbfec0,
0x0000021745cc3160, 0x0000021745cc1810, 0x0000021749948070, 0x000002174994f9f0,
0x000002174994f4e0, 0x0000021749948580, 0x000002174994bd30, 0x000002174994a8f0,
0x0000021749948a90, 0x0000021748b986a0, 0x0000021748b93ab0, 0x0000021748b94ef0,
0x0000021748b95e20, 0x0000021745cbd130, 0x0000021745cbea80, 0x0000021745cc3670,
0x0000021745cbdb50, 0x0000021745cc1300, 0x0000021745cc2230, 0x0000021745cbe060,
0x0000021745cbe570, 0x000002174810ebc0, 0x000002174810faf0, 0x00000217481141d0,
0x0000021748114bf0, 0x0000021748110000, 0x0000021748110510, 0x0000021748111e60,
0x00000217481132a0, 0x0000021748111950, 0x00000217481137b0, 0x0000021748110f30,
0x000002174810f0d0, 0x0000021748116030, 0x00000217481146e0, 0x0000021748115100,
0x0000021748113cc0, 0x0000021748115610, 0x0000021748116540, 0x0000021748111440,
0x0000021748b95400, 0x0000021748b96d50, 0x0000021748b995d0, 0x0000021748b92b80,
0x0000021748b93090, 0x0000021748b97260, 0x0000021748b97c80, 0x0000021748b96330,
0x0000021748b935a0, 0x0000021748b97770, 0x0000021748b98bb0, 0x0000021748b92160,
0x0000021748b98190, 0x0000021748b96840, 0x0000021748b93fc0, 0x0000021748b95910,
0x0000021745baeea0, 0x0000021745bad550, 0x0000021745bada60, 0x0000021745bab6f0,
0x0000021745babc00, 0x0000021745bac110, 0x0000021745bac620, 0x0000021725afc1f0,
0x0000021725afa390, 0x0000021725af9460, 0x0000021725af9970, 0x0000021725af9e80,
0x0000021725afadb0, 0x00000217499494b0, 0x0000021749949ed0, 0x000002174994b820,
0x0000021747fcb7e0, 0x0000021747fcc200, 0x0000021747fce060, 0x000002174f7bbf90,
0x000002174a351f50, 0x000002174f7b7dc0, 0x000002174f7b6470, 0x000002174f7bcec0
}

Java Threads: ( => current thread )
  0x00000217079b6120 JavaThread "main" [_thread_blocked, id=18052, stack(0x0000008427a00000,0x0000008427b00000)]
  0x0000021725583720 JavaThread "Reference Handler" daemon [_thread_blocked, id=19396, stack(0x0000008428100000,0x0000008428200000)]
  0x0000021725585890 JavaThread "Finalizer" daemon [_thread_blocked, id=14680, stack(0x0000008428200000,0x0000008428300000)]
  0x000002172559ece0 JavaThread "Signal Dispatcher" daemon [_thread_blocked, id=14164, stack(0x0000008428300000,0x0000008428400000)]
  0x000002172559f6a0 JavaThread "Attach Listener" daemon [_thread_blocked, id=10352, stack(0x0000008428400000,0x0000008428500000)]
  0x00000217255a2810 JavaThread "Service Thread" daemon [_thread_blocked, id=6824, stack(0x0000008428500000,0x0000008428600000)]
  0x00000217255a71e0 JavaThread "Monitor Deflation Thread" daemon [_thread_blocked, id=18364, stack(0x0000008428600000,0x0000008428700000)]
=>0x00000217255ab480 JavaThread "C2 CompilerThread0" daemon [_thread_in_native, id=1648, stack(0x0000008428700000,0x0000008428800000)]
  0x00000217255cbf40 JavaThread "C1 CompilerThread0" daemon [_thread_blocked, id=9472, stack(0x0000008428800000,0x0000008428900000)]
  0x00000217255cc940 JavaThread "Sweeper thread" daemon [_thread_blocked, id=17608, stack(0x0000008428900000,0x0000008428a00000)]
  0x00000217257caa70 JavaThread "Common-Cleaner" daemon [_thread_blocked, id=18220, stack(0x0000008428a00000,0x0000008428b00000)]
  0x00000217258bab90 JavaThread "Notification Thread" daemon [_thread_blocked, id=16868, stack(0x0000008428b00000,0x0000008428c00000)]
  0x00000217460cd090 JavaThread "Daemon health stats" [_thread_blocked, id=15008, stack(0x0000008429100000,0x0000008429200000)]
  0x0000021745d48d70 JavaThread "Incoming local TCP Connector on port 58569" [_thread_in_native, id=1660, stack(0x0000008429200000,0x0000008429300000)]
  0x00000217467f2630 JavaThread "Daemon periodic checks" [_thread_blocked, id=6704, stack(0x0000008429300000,0x0000008429400000)]
  0x0000021725af8f50 JavaThread "Cache worker for journal cache (C:\Users\PAVILION\.gradle\caches\journal-1)" [_thread_blocked, id=7220, stack(0x0000008429a00000,0x0000008429b00000)]
  0x0000021725afa8a0 JavaThread "File lock request listener" [_thread_in_native, id=5568, stack(0x0000008429b00000,0x0000008429c00000)]
  0x0000021725afb7d0 JavaThread "Cache worker for file hash cache (C:\Users\PAVILION\.gradle\caches\8.13\fileHashes)" [_thread_blocked, id=16864, stack(0x0000008429d00000,0x0000008429e00000)]
  0x0000021747fce570 JavaThread "File watcher server" daemon [_thread_in_native, id=7704, stack(0x0000008429f00000,0x000000842a000000)]
  0x0000021747fccc20 JavaThread "File watcher consumer" daemon [_thread_blocked, id=15292, stack(0x000000842a000000,0x000000842a100000)]
  0x0000021747fcbcf0 JavaThread "jar transforms" [_thread_blocked, id=19080, stack(0x000000842a400000,0x000000842a500000)]
  0x0000021747fcd130 JavaThread "Cache worker for file content cache (C:\Users\PAVILION\.gradle\caches\8.13\fileContent)" [_thread_blocked, id=14640, stack(0x000000842a100000,0x000000842a200000)]
  0x0000021748112370 JavaThread "Memory manager" [_thread_blocked, id=13072, stack(0x000000842b900000,0x000000842ba00000)]
  0x0000021745cbfec0 JavaThread "jar transforms Thread 2" [_thread_blocked, id=17764, stack(0x000000842db00000,0x000000842dc00000)]
  0x0000021745cc3160 JavaThread "jar transforms Thread 3" [_thread_blocked, id=12588, stack(0x000000842dc00000,0x000000842dd00000)]
  0x0000021745cc1810 JavaThread "jar transforms Thread 4" [_thread_blocked, id=4008, stack(0x000000842e100000,0x000000842e200000)]
  0x0000021749948070 JavaThread "pool-3-thread-1" [_thread_blocked, id=10560, stack(0x000000842e600000,0x000000842e700000)]
  0x000002174994f9f0 JavaThread "RMI Scheduler(0)" daemon [_thread_blocked, id=8460, stack(0x000000842e300000,0x000000842e400000)]
  0x000002174994f4e0 JavaThread "RMI GC Daemon" daemon [_thread_blocked, id=776, stack(0x000000842eb00000,0x000000842ec00000)]
  0x0000021749948580 JavaThread "RMI TCP Accept-0" daemon [_thread_in_native, id=1760, stack(0x000000842ec00000,0x000000842ed00000)]
  0x000002174994bd30 JavaThread "RMI Reaper" [_thread_blocked, id=16736, stack(0x000000842ed00000,0x000000842ee00000)]
  0x000002174994a8f0 JavaThread "Daemon Thread 2" [_thread_blocked, id=7896, stack(0x0000008427700000,0x0000008427800000)]
  0x0000021749948a90 JavaThread "Daemon worker Thread 2" [_thread_blocked, id=17424, stack(0x0000008429400000,0x0000008429500000)]
  0x0000021748b986a0 JavaThread "ForkJoinPool.commonPool-worker-4" daemon [_thread_blocked, id=9196, stack(0x000000842b300000,0x000000842b400000)]
  0x0000021748b93ab0 JavaThread "ForkJoinPool.commonPool-worker-5" daemon [_thread_blocked, id=18152, stack(0x000000842b400000,0x000000842b500000)]
  0x0000021748b94ef0 JavaThread "ForkJoinPool.commonPool-worker-6" daemon [_thread_blocked, id=9648, stack(0x000000842b500000,0x000000842b600000)]
  0x0000021748b95e20 JavaThread "included builds" [_thread_blocked, id=4964, stack(0x000000842b600000,0x000000842b700000)]
  0x0000021745cbd130 JavaThread "pool-6-thread-1" [_thread_blocked, id=11660, stack(0x000000842d300000,0x000000842d400000)]
  0x0000021745cbea80 JavaThread "Exec process Thread 4" [_thread_blocked, id=18072, stack(0x000000842d600000,0x000000842d700000)]
  0x0000021745cc3670 JavaThread "Exec process Thread 5" [_thread_blocked, id=17236, stack(0x000000842d700000,0x000000842d800000)]
  0x0000021745cbdb50 JavaThread "Exec process Thread 6" [_thread_blocked, id=17652, stack(0x000000842d800000,0x000000842d900000)]
  0x0000021745cc1300 JavaThread "VFS cleanup Thread 2" [_thread_blocked, id=9736, stack(0x0000008427800000,0x0000008427900000)]
  0x0000021745cc2230 JavaThread "Handler for socket connection from /127.0.0.1:58569 to /127.0.0.1:59274" [_thread_in_native, id=17400, stack(0x0000008427900000,0x0000008427a00000)]
  0x0000021745cbe060 JavaThread "Cancel handler" [_thread_blocked, id=17436, stack(0x0000008428f00000,0x0000008429000000)]
  0x0000021745cbe570 JavaThread "Asynchronous log dispatcher for DefaultDaemonConnection: socket connection from /127.0.0.1:58569 to /127.0.0.1:59274" [_thread_blocked, id=8496, stack(0x0000008429500000,0x0000008429600000)]
  0x000002174810ebc0 JavaThread "Stdin handler" [_thread_blocked, id=19368, stack(0x0000008429600000,0x0000008429700000)]
  0x000002174810faf0 JavaThread "Daemon client event forwarder" [_thread_blocked, id=15940, stack(0x0000008429700000,0x0000008429800000)]
  0x00000217481141d0 JavaThread "Cache worker for file hash cache (D:\Dev space\Gemma showcase\SmartMoney\android\.gradle\8.13\fileHashes)" [_thread_blocked, id=15372, stack(0x0000008429800000,0x0000008429900000)]
  0x0000021748114bf0 JavaThread "Cache worker for Build Output Cleanup Cache (D:\Dev space\Gemma showcase\SmartMoney\android\.gradle\buildOutputCleanup)" [_thread_blocked, id=14992, stack(0x0000008429900000,0x0000008429a00000)]
  0x0000021748110000 JavaThread "Cache worker for checksums cache (D:\Dev space\Gemma showcase\SmartMoney\android\.gradle\8.13\checksums)" [_thread_blocked, id=10140, stack(0x0000008429c00000,0x0000008429d00000)]
  0x0000021748110510 JavaThread "Cache worker for cache directory md-supplier (C:\Users\PAVILION\.gradle\caches\8.13\md-supplier)" [_thread_blocked, id=9112, stack(0x0000008429e00000,0x0000008429f00000)]
  0x0000021748111e60 JavaThread "Cache worker for cache directory md-rule (C:\Users\PAVILION\.gradle\caches\8.13\md-rule)" [_thread_blocked, id=12988, stack(0x000000842a500000,0x000000842a600000)]
  0x00000217481132a0 JavaThread "Cache worker for Build Output Cleanup Cache (D:\Dev space\Gemma showcase\SmartMoney\node_modules\@react-native\gradle-plugin\.gradle\buildOutputCleanup)" [_thread_blocked, id=5112, stack(0x000000842a600000,0x000000842a700000)]
  0x0000021748111950 JavaThread "Unconstrained build operations" [_thread_blocked, id=6764, stack(0x000000842a700000,0x000000842a800000)]
  0x00000217481137b0 JavaThread "Unconstrained build operations Thread 2" [_thread_blocked, id=15348, stack(0x000000842a800000,0x000000842a900000)]
  0x0000021748110f30 JavaThread "Unconstrained build operations Thread 3" [_thread_blocked, id=18244, stack(0x000000842a900000,0x000000842aa00000)]
  0x000002174810f0d0 JavaThread "Unconstrained build operations Thread 4" [_thread_blocked, id=6096, stack(0x000000842aa00000,0x000000842ab00000)]
  0x0000021748116030 JavaThread "Unconstrained build operations Thread 5" [_thread_blocked, id=17720, stack(0x000000842ab00000,0x000000842ac00000)]
  0x00000217481146e0 JavaThread "Unconstrained build operations Thread 6" [_thread_blocked, id=17320, stack(0x000000842ac00000,0x000000842ad00000)]
  0x0000021748115100 JavaThread "Unconstrained build operations Thread 7" [_thread_blocked, id=2456, stack(0x000000842ad00000,0x000000842ae00000)]
  0x0000021748113cc0 JavaThread "Unconstrained build operations Thread 8" [_thread_blocked, id=17776, stack(0x000000842ae00000,0x000000842af00000)]
  0x0000021748115610 JavaThread "Unconstrained build operations Thread 9" [_thread_blocked, id=18256, stack(0x000000842af00000,0x000000842b000000)]
  0x0000021748116540 JavaThread "Unconstrained build operations Thread 10" [_thread_blocked, id=6552, stack(0x000000842b000000,0x000000842b100000)]
  0x0000021748111440 JavaThread "build event listener" [_thread_blocked, id=9944, stack(0x000000842b100000,0x000000842b200000)]
  0x0000021748b95400 JavaThread "included builds" [_thread_in_native, id=13592, stack(0x000000842b700000,0x000000842b800000)]
  0x0000021748b96d50 JavaThread "Execution worker" [_thread_blocked, id=11572, stack(0x000000842b800000,0x000000842b900000)]
  0x0000021748b995d0 JavaThread "Execution worker Thread 2" [_thread_blocked, id=14644, stack(0x000000842ba00000,0x000000842bb00000)]
  0x0000021748b92b80 JavaThread "Execution worker Thread 3" [_thread_blocked, id=2580, stack(0x000000842bb00000,0x000000842bc00000)]
  0x0000021748b93090 JavaThread "Cache worker for execution history cache (D:\Dev space\Gemma showcase\SmartMoney\node_modules\@react-native\gradle-plugin\.gradle\8.13\executionHistory)" [_thread_blocked, id=14372, stack(0x000000842bc00000,0x000000842bd00000)]
  0x0000021748b97260 JavaThread "Unconstrained build operations Thread 11" [_thread_blocked, id=6240, stack(0x000000842bd00000,0x000000842be00000)]
  0x0000021748b97c80 JavaThread "Unconstrained build operations Thread 12" [_thread_blocked, id=7532, stack(0x000000842be00000,0x000000842bf00000)]
  0x0000021748b96330 JavaThread "Unconstrained build operations Thread 13" [_thread_blocked, id=8252, stack(0x000000842bf00000,0x000000842c000000)]
  0x0000021748b935a0 JavaThread "Unconstrained build operations Thread 14" [_thread_blocked, id=13816, stack(0x000000842c000000,0x000000842c100000)]
  0x0000021748b97770 JavaThread "Unconstrained build operations Thread 15" [_thread_blocked, id=17164, stack(0x000000842c100000,0x000000842c200000)]
  0x0000021748b98bb0 JavaThread "Unconstrained build operations Thread 16" [_thread_blocked, id=10488, stack(0x000000842c200000,0x000000842c300000)]
  0x0000021748b92160 JavaThread "Unconstrained build operations Thread 17" [_thread_blocked, id=18536, stack(0x000000842c300000,0x000000842c400000)]
  0x0000021748b98190 JavaThread "Unconstrained build operations Thread 18" [_thread_blocked, id=16992, stack(0x000000842c400000,0x000000842c500000)]
  0x0000021748b96840 JavaThread "Unconstrained build operations Thread 19" [_thread_blocked, id=12508, stack(0x000000842c500000,0x000000842c600000)]
  0x0000021748b93fc0 JavaThread "Unconstrained build operations Thread 20" [_thread_blocked, id=17784, stack(0x000000842c600000,0x000000842c700000)]
  0x0000021748b95910 JavaThread "Unconstrained build operations Thread 21" [_thread_blocked, id=15124, stack(0x000000842c700000,0x000000842c800000)]
  0x0000021745baeea0 JavaThread "Unconstrained build operations Thread 22" [_thread_blocked, id=17024, stack(0x000000842c800000,0x000000842c900000)]
  0x0000021745bad550 JavaThread "Unconstrained build operations Thread 23" [_thread_blocked, id=19184, stack(0x000000842c900000,0x000000842ca00000)]
  0x0000021745bada60 JavaThread "Unconstrained build operations Thread 24" [_thread_blocked, id=17544, stack(0x000000842b200000,0x000000842b300000)]
  0x0000021745bab6f0 JavaThread "Unconstrained build operations Thread 25" [_thread_blocked, id=2584, stack(0x000000842ca00000,0x000000842cb00000)]
  0x0000021745babc00 JavaThread "Unconstrained build operations Thread 26" [_thread_blocked, id=18876, stack(0x000000842cb00000,0x000000842cc00000)]
  0x0000021745bac110 JavaThread "Unconstrained build operations Thread 27" [_thread_blocked, id=12240, stack(0x000000842cc00000,0x000000842cd00000)]
  0x0000021745bac620 JavaThread "Unconstrained build operations Thread 28" [_thread_blocked, id=15972, stack(0x000000842cd00000,0x000000842ce00000)]
  0x0000021725afc1f0 JavaThread "Unconstrained build operations Thread 29" [_thread_blocked, id=14860, stack(0x000000842ce00000,0x000000842cf00000)]
  0x0000021725afa390 JavaThread "Unconstrained build operations Thread 30" [_thread_blocked, id=10380, stack(0x000000842cf00000,0x000000842d000000)]
  0x0000021725af9460 JavaThread "Unconstrained build operations Thread 31" [_thread_blocked, id=7224, stack(0x000000842d000000,0x000000842d100000)]
  0x0000021725af9970 JavaThread "Unconstrained build operations Thread 32" [_thread_blocked, id=7972, stack(0x000000842d100000,0x000000842d200000)]
  0x0000021725af9e80 JavaThread "build event listener" [_thread_blocked, id=18928, stack(0x000000842d400000,0x000000842d500000)]
  0x0000021725afadb0 JavaThread "Problems report writer" [_thread_blocked, id=12464, stack(0x000000842d500000,0x000000842d600000)]
  0x00000217499494b0 JavaThread "pool-9-thread-1" [_thread_blocked, id=2008, stack(0x000000842dd00000,0x000000842de00000)]
  0x0000021749949ed0 JavaThread "build event listener" [_thread_blocked, id=11132, stack(0x000000842de00000,0x000000842df00000)]
  0x000002174994b820 JavaThread "Cache worker for execution history cache (D:\Dev space\Gemma showcase\SmartMoney\android\.gradle\8.13\executionHistory)" [_thread_blocked, id=18712, stack(0x000000842df00000,0x000000842e000000)]
  0x0000021747fcb7e0 JavaThread "Unconstrained build operations Thread 33" [_thread_blocked, id=18344, stack(0x000000842e000000,0x000000842e100000)]
  0x0000021747fcc200 JavaThread "Unconstrained build operations Thread 34" [_thread_blocked, id=10504, stack(0x000000842e200000,0x000000842e300000)]
  0x0000021747fce060 JavaThread "Unconstrained build operations Thread 35" [_thread_blocked, id=19068, stack(0x000000842e400000,0x000000842e500000)]
  0x000002174f7bbf90 JavaThread "WorkerExecutor Queue" [_thread_in_native, id=7204, stack(0x000000842e500000,0x000000842e600000)]
  0x000002174a351f50 JavaThread "C2 CompilerThread1" daemon [_thread_in_native, id=18704, stack(0x000000842d200000,0x000000842d300000)]
  0x000002174f7b7dc0 JavaThread "WorkerExecutor Queue Thread 2" [_thread_in_native, id=19384, stack(0x000000842e700000,0x000000842e800000)]
  0x000002174f7b6470 JavaThread "WorkerExecutor Queue Thread 3" [_thread_in_native, id=12816, stack(0x000000842e800000,0x000000842e900000)]
  0x000002174f7bcec0 JavaThread "WorkerExecutor Queue Thread 4" [_thread_blocked, id=16228, stack(0x000000842e900000,0x000000842ea00000)]

Other Threads:
  0x000002172557ea10 VMThread "VM Thread" [stack: 0x0000008428000000,0x0000008428100000] [id=17664]
  0x00000217079b81c0 WatcherThread [stack: 0x0000008428c00000,0x0000008428d00000] [id=15384]
  0x00000217058be800 GCTaskThread "GC Thread#0" [stack: 0x0000008427b00000,0x0000008427c00000] [id=3972]
  0x0000021725b072e0 GCTaskThread "GC Thread#1" [stack: 0x0000008428d00000,0x0000008428e00000] [id=8872]
  0x0000021725b075a0 GCTaskThread "GC Thread#2" [stack: 0x0000008428e00000,0x0000008428f00000] [id=17336]
  0x0000021725afdf50 GCTaskThread "GC Thread#3" [stack: 0x0000008429000000,0x0000008429100000] [id=18028]
  0x0000021707a20220 ConcurrentGCThread "G1 Main Marker" [stack: 0x0000008427c00000,0x0000008427d00000] [id=18728]
  0x0000021707a213e0 ConcurrentGCThread "G1 Conc#0" [stack: 0x0000008427d00000,0x0000008427e00000] [id=7564]
  0x0000021707a67630 ConcurrentGCThread "G1 Refine#0" [stack: 0x0000008427e00000,0x0000008427f00000] [id=10464]
  0x0000021749559890 ConcurrentGCThread "G1 Refine#1" [stack: 0x000000842a200000,0x000000842a300000] [id=8432]
  0x0000021749559b80 ConcurrentGCThread "G1 Refine#2" [stack: 0x000000842a300000,0x000000842a400000] [id=15900]
  0x0000021725442620 ConcurrentGCThread "G1 Service" [stack: 0x0000008427f00000,0x0000008428000000] [id=19244]

Threads with active compile tasks:
C2 CompilerThread0   523447 20882       4       com.android.aaptcompiler.StringPool::makeRefImpl (200 bytes)
C2 CompilerThread1   523447 20871   !   4       com.sun.org.apache.xerces.internal.impl.XMLDocumentFragmentScannerImpl$FragmentContentDriver::next (2331 bytes)

VM state: not at safepoint (normal execution)

VM Mutex/Monitor currently owned by a thread: None

Heap address: 0x0000000080000000, size: 2048 MB, Compressed Oops mode: 32-bit

CDS archive(s) mapped at: [0x0000021726000000-0x0000021726bb0000-0x0000021726bb0000), size 12255232, SharedBaseAddress: 0x0000021726000000, ArchiveRelocationMode: 1.
Compressed class space mapped at: 0x0000021727000000-0x0000021741000000, reserved size: 436207616
Narrow klass base: 0x0000021726000000, Narrow klass shift: 0, Narrow klass range: 0x100000000

GC Precious Log:
 CPUs: 4 total, 4 available
 Memory: 8077M
 Large Page Support: Disabled
 NUMA Support: Disabled
 Compressed Oops: Enabled (32-bit)
 Heap Region Size: 1M
 Heap Min Capacity: 8M
 Heap Initial Capacity: 128M
 Heap Max Capacity: 2G
 Pre-touch: Disabled
 Parallel Workers: 4
 Concurrent Workers: 1
 Concurrent Refinement Workers: 4
 Periodic GC: Disabled

Heap:
 garbage-first heap   total 358400K, used 289792K [0x0000000080000000, 0x0000000100000000)
  region size 1024K, 138 young (141312K), 21 survivors (21504K)
 Metaspace       used 133550K, committed 134976K, reserved 557056K
  class space    used 17585K, committed 18304K, reserved 425984K

Heap Regions: E=young(eden), S=young(survivor), O=old, HS=humongous(starts), HC=humongous(continues), CS=collection set, F=free, OA=open archive, CA=closed archive, TAMS=top-at-mark-start (previous, next)
|   0|0x0000000080000000, 0x0000000080100000, 0x0000000080100000|100%|HS|  |TAMS 0x0000000080100000, 0x0000000080000000| Complete 
|   1|0x0000000080100000, 0x0000000080200000, 0x0000000080200000|100%|HC|  |TAMS 0x0000000080200000, 0x0000000080100000| Complete 
|   2|0x0000000080200000, 0x0000000080300000, 0x0000000080300000|100%|HC|  |TAMS 0x0000000080300000, 0x0000000080200000| Complete 
|   3|0x0000000080300000, 0x0000000080400000, 0x0000000080400000|100%| O|  |TAMS 0x0000000080300000, 0x0000000080300000| Untracked 
|   4|0x0000000080400000, 0x0000000080500000, 0x0000000080500000|100%| O|  |TAMS 0x0000000080500000, 0x0000000080400000| Untracked 
|   5|0x0000000080500000, 0x0000000080600000, 0x0000000080600000|100%| O|  |TAMS 0x0000000080600000, 0x0000000080500000| Untracked 
|   6|0x0000000080600000, 0x0000000080700000, 0x0000000080700000|100%| O|  |TAMS 0x0000000080700000, 0x0000000080600000| Untracked 
|   7|0x0000000080700000, 0x0000000080800000, 0x0000000080800000|100%|HS|  |TAMS 0x0000000080800000, 0x0000000080700000| Complete 
|   8|0x0000000080800000, 0x0000000080900000, 0x0000000080900000|100%| O|  |TAMS 0x0000000080900000, 0x0000000080800000| Untracked 
|   9|0x0000000080900000, 0x0000000080a00000, 0x0000000080a00000|100%| O|  |TAMS 0x0000000080a00000, 0x0000000080900000| Untracked 
|  10|0x0000000080a00000, 0x0000000080b00000, 0x0000000080b00000|100%| O|  |TAMS 0x0000000080b00000, 0x0000000080a00000| Untracked 
|  11|0x0000000080b00000, 0x0000000080c00000, 0x0000000080c00000|100%| O|  |TAMS 0x0000000080c00000, 0x0000000080b00000| Untracked 
|  12|0x0000000080c00000, 0x0000000080d00000, 0x0000000080d00000|100%| O|  |TAMS 0x0000000080d00000, 0x0000000080c00000| Untracked 
|  13|0x0000000080d00000, 0x0000000080e00000, 0x0000000080e00000|100%| O|  |TAMS 0x0000000080e00000, 0x0000000080d00000| Untracked 
|  14|0x0000000080e00000, 0x0000000080f00000, 0x0000000080f00000|100%| O|  |TAMS 0x0000000080f00000, 0x0000000080e00000| Untracked 
|  15|0x0000000080f00000, 0x0000000081000000, 0x0000000081000000|100%| O|  |TAMS 0x0000000081000000, 0x0000000080f00000| Untracked 
|  16|0x0000000081000000, 0x0000000081100000, 0x0000000081100000|100%|HS|  |TAMS 0x0000000081100000, 0x0000000081000000| Complete 
|  17|0x0000000081100000, 0x0000000081200000, 0x0000000081200000|100%| O|  |TAMS 0x0000000081200000, 0x0000000081100000| Untracked 
|  18|0x0000000081200000, 0x0000000081300000, 0x0000000081300000|100%| O|  |TAMS 0x0000000081300000, 0x0000000081200000| Untracked 
|  19|0x0000000081300000, 0x0000000081400000, 0x0000000081400000|100%| O|  |TAMS 0x0000000081400000, 0x0000000081300000| Untracked 
|  20|0x0000000081400000, 0x0000000081500000, 0x0000000081500000|100%| O|  |TAMS 0x0000000081500000, 0x0000000081400000| Untracked 
|  21|0x0000000081500000, 0x0000000081600000, 0x0000000081600000|100%| O|  |TAMS 0x0000000081600000, 0x0000000081500000| Untracked 
|  22|0x0000000081600000, 0x0000000081700000, 0x0000000081700000|100%| O|  |TAMS 0x0000000081700000, 0x0000000081600000| Untracked 
|  23|0x0000000081700000, 0x0000000081800000, 0x0000000081800000|100%| O|  |TAMS 0x0000000081800000, 0x0000000081700000| Untracked 
|  24|0x0000000081800000, 0x0000000081900000, 0x0000000081900000|100%| O|  |TAMS 0x0000000081900000, 0x0000000081800000| Untracked 
|  25|0x0000000081900000, 0x0000000081a00000, 0x0000000081a00000|100%| O|  |TAMS 0x0000000081a00000, 0x0000000081900000| Untracked 
|  26|0x0000000081a00000, 0x0000000081b00000, 0x0000000081b00000|100%| O|  |TAMS 0x0000000081b00000, 0x0000000081a00000| Untracked 
|  27|0x0000000081b00000, 0x0000000081c00000, 0x0000000081c00000|100%| O|  |TAMS 0x0000000081c00000, 0x0000000081b00000| Untracked 
|  28|0x0000000081c00000, 0x0000000081d00000, 0x0000000081d00000|100%| O|  |TAMS 0x0000000081d00000, 0x0000000081c00000| Untracked 
|  29|0x0000000081d00000, 0x0000000081e00000, 0x0000000081e00000|100%| O|  |TAMS 0x0000000081e00000, 0x0000000081d00000| Untracked 
|  30|0x0000000081e00000, 0x0000000081f00000, 0x0000000081f00000|100%| O|  |TAMS 0x0000000081f00000, 0x0000000081e00000| Untracked 
|  31|0x0000000081f00000, 0x0000000082000000, 0x0000000082000000|100%| O|  |TAMS 0x0000000082000000, 0x0000000081f00000| Untracked 
|  32|0x0000000082000000, 0x0000000082100000, 0x0000000082100000|100%| O|  |TAMS 0x0000000082100000, 0x0000000082000000| Untracked 
|  33|0x0000000082100000, 0x0000000082200000, 0x0000000082200000|100%| O|  |TAMS 0x0000000082200000, 0x0000000082100000| Untracked 
|  34|0x0000000082200000, 0x0000000082300000, 0x0000000082300000|100%| O|  |TAMS 0x0000000082300000, 0x0000000082200000| Untracked 
|  35|0x0000000082300000, 0x0000000082400000, 0x0000000082400000|100%| O|  |TAMS 0x0000000082400000, 0x0000000082300000| Untracked 
|  36|0x0000000082400000, 0x0000000082500000, 0x0000000082500000|100%| O|  |TAMS 0x0000000082500000, 0x0000000082400000| Untracked 
|  37|0x0000000082500000, 0x0000000082600000, 0x0000000082600000|100%| O|  |TAMS 0x0000000082600000, 0x0000000082500000| Untracked 
|  38|0x0000000082600000, 0x0000000082700000, 0x0000000082700000|100%| O|  |TAMS 0x0000000082700000, 0x0000000082600000| Untracked 
|  39|0x0000000082700000, 0x0000000082800000, 0x0000000082800000|100%| O|  |TAMS 0x0000000082800000, 0x0000000082700000| Untracked 
|  40|0x0000000082800000, 0x0000000082900000, 0x0000000082900000|100%| O|  |TAMS 0x0000000082900000, 0x0000000082800000| Untracked 
|  41|0x0000000082900000, 0x0000000082a00000, 0x0000000082a00000|100%| O|  |TAMS 0x0000000082a00000, 0x0000000082900000| Untracked 
|  42|0x0000000082a00000, 0x0000000082b00000, 0x0000000082b00000|100%| O|  |TAMS 0x0000000082b00000, 0x0000000082a00000| Untracked 
|  43|0x0000000082b00000, 0x0000000082c00000, 0x0000000082c00000|100%| O|  |TAMS 0x0000000082c00000, 0x0000000082b00000| Untracked 
|  44|0x0000000082c00000, 0x0000000082d00000, 0x0000000082d00000|100%|HS|  |TAMS 0x0000000082d00000, 0x0000000082c00000| Complete 
|  45|0x0000000082d00000, 0x0000000082e00000, 0x0000000082e00000|100%|HC|  |TAMS 0x0000000082e00000, 0x0000000082d00000| Complete 
|  46|0x0000000082e00000, 0x0000000082f00000, 0x0000000082f00000|100%|HS|  |TAMS 0x0000000082f00000, 0x0000000082e00000| Complete 
|  47|0x0000000082f00000, 0x0000000083000000, 0x0000000083000000|100%|HC|  |TAMS 0x0000000083000000, 0x0000000082f00000| Complete 
|  48|0x0000000083000000, 0x0000000083100000, 0x0000000083100000|100%|HC|  |TAMS 0x0000000083100000, 0x0000000083000000| Complete 
|  49|0x0000000083100000, 0x0000000083200000, 0x0000000083200000|100%|HS|  |TAMS 0x0000000083200000, 0x0000000083100000| Complete 
|  50|0x0000000083200000, 0x0000000083300000, 0x0000000083300000|100%|HC|  |TAMS 0x0000000083300000, 0x0000000083200000| Complete 
|  51|0x0000000083300000, 0x0000000083400000, 0x0000000083400000|100%| O|  |TAMS 0x0000000083400000, 0x0000000083300000| Untracked 
|  52|0x0000000083400000, 0x0000000083500000, 0x0000000083500000|100%| O|  |TAMS 0x0000000083500000, 0x0000000083400000| Untracked 
|  53|0x0000000083500000, 0x0000000083600000, 0x0000000083600000|100%| O|  |TAMS 0x0000000083600000, 0x0000000083500000| Untracked 
|  54|0x0000000083600000, 0x0000000083700000, 0x0000000083700000|100%|HS|  |TAMS 0x0000000083700000, 0x0000000083600000| Complete 
|  55|0x0000000083700000, 0x0000000083800000, 0x0000000083800000|100%|HC|  |TAMS 0x0000000083800000, 0x0000000083700000| Complete 
|  56|0x0000000083800000, 0x0000000083900000, 0x0000000083900000|100%|HC|  |TAMS 0x0000000083900000, 0x0000000083800000| Complete 
|  57|0x0000000083900000, 0x0000000083a00000, 0x0000000083a00000|100%| O|  |TAMS 0x0000000083a00000, 0x0000000083900000| Untracked 
|  58|0x0000000083a00000, 0x0000000083b00000, 0x0000000083b00000|100%| O|  |TAMS 0x0000000083b00000, 0x0000000083a00000| Untracked 
|  59|0x0000000083b00000, 0x0000000083c00000, 0x0000000083c00000|100%| O|  |TAMS 0x0000000083c00000, 0x0000000083b00000| Untracked 
|  60|0x0000000083c00000, 0x0000000083d00000, 0x0000000083d00000|100%| O|  |TAMS 0x0000000083d00000, 0x0000000083c00000| Untracked 
|  61|0x0000000083d00000, 0x0000000083e00000, 0x0000000083e00000|100%| O|  |TAMS 0x0000000083e00000, 0x0000000083d00000| Untracked 
|  62|0x0000000083e00000, 0x0000000083f00000, 0x0000000083f00000|100%| O|  |TAMS 0x0000000083f00000, 0x0000000083e00000| Untracked 
|  63|0x0000000083f00000, 0x0000000084000000, 0x0000000084000000|100%| O|  |TAMS 0x0000000084000000, 0x0000000083f00000| Untracked 
|  64|0x0000000084000000, 0x0000000084100000, 0x0000000084100000|100%| O|  |TAMS 0x0000000084100000, 0x0000000084000000| Untracked 
|  65|0x0000000084100000, 0x0000000084200000, 0x0000000084200000|100%| O|  |TAMS 0x0000000084200000, 0x0000000084100000| Untracked 
|  66|0x0000000084200000, 0x0000000084300000, 0x0000000084300000|100%| O|  |TAMS 0x0000000084300000, 0x0000000084200000| Untracked 
|  67|0x0000000084300000, 0x0000000084400000, 0x0000000084400000|100%| O|  |TAMS 0x0000000084400000, 0x0000000084300000| Untracked 
|  68|0x0000000084400000, 0x0000000084500000, 0x0000000084500000|100%| O|  |TAMS 0x0000000084500000, 0x0000000084400000| Untracked 
|  69|0x0000000084500000, 0x0000000084600000, 0x0000000084600000|100%| O|  |TAMS 0x0000000084600000, 0x0000000084500000| Untracked 
|  70|0x0000000084600000, 0x0000000084700000, 0x0000000084700000|100%| O|  |TAMS 0x0000000084700000, 0x0000000084600000| Untracked 
|  71|0x0000000084700000, 0x0000000084800000, 0x0000000084800000|100%| O|  |TAMS 0x0000000084800000, 0x0000000084700000| Untracked 
|  72|0x0000000084800000, 0x0000000084900000, 0x0000000084900000|100%| O|  |TAMS 0x0000000084900000, 0x0000000084800000| Untracked 
|  73|0x0000000084900000, 0x0000000084a00000, 0x0000000084a00000|100%| O|  |TAMS 0x0000000084a00000, 0x0000000084900000| Untracked 
|  74|0x0000000084a00000, 0x0000000084b00000, 0x0000000084b00000|100%| O|  |TAMS 0x0000000084b00000, 0x0000000084a00000| Untracked 
|  75|0x0000000084b00000, 0x0000000084c00000, 0x0000000084c00000|100%| O|  |TAMS 0x0000000084c00000, 0x0000000084b00000| Untracked 
|  76|0x0000000084c00000, 0x0000000084d00000, 0x0000000084d00000|100%|HS|  |TAMS 0x0000000084d00000, 0x0000000084c00000| Complete 
|  77|0x0000000084d00000, 0x0000000084e00000, 0x0000000084e00000|100%|HS|  |TAMS 0x0000000084e00000, 0x0000000084d00000| Complete 
|  78|0x0000000084e00000, 0x0000000084f00000, 0x0000000084f00000|100%|HS|  |TAMS 0x0000000084f00000, 0x0000000084e00000| Complete 
|  79|0x0000000084f00000, 0x0000000085000000, 0x0000000085000000|100%| O|  |TAMS 0x0000000085000000, 0x0000000084f00000| Untracked 
|  80|0x0000000085000000, 0x0000000085100000, 0x0000000085100000|100%|HS|  |TAMS 0x0000000085100000, 0x0000000085000000| Complete 
|  81|0x0000000085100000, 0x0000000085200000, 0x0000000085200000|100%|HS|  |TAMS 0x0000000085200000, 0x0000000085100000| Complete 
|  82|0x0000000085200000, 0x0000000085300000, 0x0000000085300000|100%| O|  |TAMS 0x0000000085200000, 0x0000000085200000| Untracked 
|  83|0x0000000085300000, 0x0000000085400000, 0x0000000085400000|100%| O|  |TAMS 0x0000000085400000, 0x0000000085300000| Untracked 
|  84|0x0000000085400000, 0x0000000085500000, 0x0000000085500000|100%| O|  |TAMS 0x0000000085500000, 0x0000000085400000| Untracked 
|  85|0x0000000085500000, 0x0000000085600000, 0x0000000085600000|100%| O|  |TAMS 0x0000000085600000, 0x0000000085500000| Untracked 
|  86|0x0000000085600000, 0x0000000085700000, 0x0000000085700000|100%| O|  |TAMS 0x0000000085700000, 0x0000000085600000| Untracked 
|  87|0x0000000085700000, 0x0000000085800000, 0x0000000085800000|100%| O|  |TAMS 0x0000000085800000, 0x0000000085700000| Untracked 
|  88|0x0000000085800000, 0x0000000085900000, 0x0000000085900000|100%| O|  |TAMS 0x0000000085900000, 0x0000000085800000| Untracked 
|  89|0x0000000085900000, 0x0000000085a00000, 0x0000000085a00000|100%| O|  |TAMS 0x0000000085a00000, 0x0000000085900000| Untracked 
|  90|0x0000000085a00000, 0x0000000085b00000, 0x0000000085b00000|100%| O|  |TAMS 0x0000000085b00000, 0x0000000085a00000| Untracked 
|  91|0x0000000085b00000, 0x0000000085c00000, 0x0000000085c00000|100%| O|  |TAMS 0x0000000085c00000, 0x0000000085b00000| Untracked 
|  92|0x0000000085c00000, 0x0000000085d00000, 0x0000000085d00000|100%| O|  |TAMS 0x0000000085d00000, 0x0000000085c00000| Untracked 
|  93|0x0000000085d00000, 0x0000000085e00000, 0x0000000085e00000|100%|HS|  |TAMS 0x0000000085e00000, 0x0000000085d00000| Complete 
|  94|0x0000000085e00000, 0x0000000085f00000, 0x0000000085f00000|100%| O|  |TAMS 0x0000000085f00000, 0x0000000085e00000| Untracked 
|  95|0x0000000085f00000, 0x0000000086000000, 0x0000000086000000|100%| O|  |TAMS 0x0000000086000000, 0x0000000085f00000| Untracked 
|  96|0x0000000086000000, 0x0000000086100000, 0x0000000086100000|100%| O|  |TAMS 0x0000000086046c00, 0x0000000086000000| Untracked 
|  97|0x0000000086100000, 0x0000000086200000, 0x0000000086200000|100%|HS|  |TAMS 0x0000000086200000, 0x0000000086100000| Complete 
|  98|0x0000000086200000, 0x0000000086300000, 0x0000000086300000|100%|HC|  |TAMS 0x0000000086300000, 0x0000000086200000| Complete 
|  99|0x0000000086300000, 0x0000000086400000, 0x0000000086400000|100%| O|  |TAMS 0x0000000086300000, 0x0000000086300000| Untracked 
| 100|0x0000000086400000, 0x0000000086500000, 0x0000000086500000|100%| O|  |TAMS 0x0000000086400000, 0x0000000086400000| Untracked 
| 101|0x0000000086500000, 0x0000000086600000, 0x0000000086600000|100%| O|  |TAMS 0x0000000086500000, 0x0000000086500000| Untracked 
| 102|0x0000000086600000, 0x0000000086700000, 0x0000000086700000|100%| O|  |TAMS 0x0000000086600000, 0x0000000086600000| Untracked 
| 103|0x0000000086700000, 0x0000000086800000, 0x0000000086800000|100%| O|  |TAMS 0x0000000086700000, 0x0000000086700000| Untracked 
| 104|0x0000000086800000, 0x0000000086900000, 0x0000000086900000|100%| O|  |TAMS 0x0000000086800000, 0x0000000086800000| Untracked 
| 105|0x0000000086900000, 0x0000000086a00000, 0x0000000086a00000|100%| O|  |TAMS 0x0000000086900000, 0x0000000086900000| Untracked 
| 106|0x0000000086a00000, 0x0000000086b00000, 0x0000000086b00000|100%| O|  |TAMS 0x0000000086a00000, 0x0000000086a00000| Untracked 
| 107|0x0000000086b00000, 0x0000000086c00000, 0x0000000086c00000|100%| O|  |TAMS 0x0000000086b00000, 0x0000000086b00000| Untracked 
| 108|0x0000000086c00000, 0x0000000086d00000, 0x0000000086d00000|100%| O|  |TAMS 0x0000000086c00000, 0x0000000086c00000| Untracked 
| 109|0x0000000086d00000, 0x0000000086e00000, 0x0000000086e00000|100%| O|  |TAMS 0x0000000086d00000, 0x0000000086d00000| Untracked 
| 110|0x0000000086e00000, 0x0000000086f00000, 0x0000000086f00000|100%| O|  |TAMS 0x0000000086e00000, 0x0000000086e00000| Untracked 
| 111|0x0000000086f00000, 0x0000000087000000, 0x0000000087000000|100%| O|  |TAMS 0x0000000086f00000, 0x0000000086f00000| Untracked 
| 112|0x0000000087000000, 0x0000000087100000, 0x0000000087100000|100%| O|  |TAMS 0x0000000087000000, 0x0000000087000000| Untracked 
| 113|0x0000000087100000, 0x0000000087200000, 0x0000000087200000|100%| O|  |TAMS 0x0000000087100000, 0x0000000087100000| Untracked 
| 114|0x0000000087200000, 0x0000000087300000, 0x0000000087300000|100%| O|  |TAMS 0x0000000087200000, 0x0000000087200000| Untracked 
| 115|0x0000000087300000, 0x0000000087400000, 0x0000000087400000|100%| O|  |TAMS 0x0000000087300000, 0x0000000087300000| Untracked 
| 116|0x0000000087400000, 0x0000000087500000, 0x0000000087500000|100%| O|  |TAMS 0x0000000087400000, 0x0000000087400000| Untracked 
| 117|0x0000000087500000, 0x0000000087600000, 0x0000000087600000|100%| O|  |TAMS 0x0000000087500000, 0x0000000087500000| Untracked 
| 118|0x0000000087600000, 0x0000000087700000, 0x0000000087700000|100%| O|  |TAMS 0x0000000087600000, 0x0000000087600000| Untracked 
| 119|0x0000000087700000, 0x0000000087800000, 0x0000000087800000|100%| O|  |TAMS 0x0000000087700000, 0x0000000087700000| Untracked 
| 120|0x0000000087800000, 0x0000000087900000, 0x0000000087900000|100%| O|  |TAMS 0x0000000087800000, 0x0000000087800000| Untracked 
| 121|0x0000000087900000, 0x0000000087a00000, 0x0000000087a00000|100%| O|  |TAMS 0x0000000087900000, 0x0000000087900000| Untracked 
| 122|0x0000000087a00000, 0x0000000087b00000, 0x0000000087b00000|100%| O|  |TAMS 0x0000000087a00000, 0x0000000087a00000| Untracked 
| 123|0x0000000087b00000, 0x0000000087c00000, 0x0000000087c00000|100%| O|  |TAMS 0x0000000087b00000, 0x0000000087b00000| Untracked 
| 124|0x0000000087c00000, 0x0000000087d00000, 0x0000000087d00000|100%| O|  |TAMS 0x0000000087c00000, 0x0000000087c00000| Untracked 
| 125|0x0000000087d00000, 0x0000000087e00000, 0x0000000087e00000|100%| O|  |TAMS 0x0000000087d00000, 0x0000000087d00000| Untracked 
| 126|0x0000000087e00000, 0x0000000087f00000, 0x0000000087f00000|100%| O|  |TAMS 0x0000000087e00000, 0x0000000087e00000| Untracked 
| 127|0x0000000087f00000, 0x0000000088000000, 0x0000000088000000|100%| O|  |TAMS 0x0000000087f00000, 0x0000000087f00000| Untracked 
| 128|0x0000000088000000, 0x0000000088100000, 0x0000000088100000|100%| O|  |TAMS 0x0000000088000000, 0x0000000088000000| Untracked 
| 129|0x0000000088100000, 0x0000000088200000, 0x0000000088200000|100%| O|  |TAMS 0x0000000088100000, 0x0000000088100000| Untracked 
| 130|0x0000000088200000, 0x0000000088300000, 0x0000000088300000|100%| O|  |TAMS 0x0000000088200000, 0x0000000088200000| Untracked 
| 131|0x0000000088300000, 0x0000000088400000, 0x0000000088400000|100%| O|  |TAMS 0x0000000088300000, 0x0000000088300000| Untracked 
| 132|0x0000000088400000, 0x0000000088500000, 0x0000000088500000|100%| O|  |TAMS 0x0000000088400000, 0x0000000088400000| Untracked 
| 133|0x0000000088500000, 0x0000000088600000, 0x0000000088600000|100%| O|  |TAMS 0x0000000088500000, 0x0000000088500000| Untracked 
| 134|0x0000000088600000, 0x0000000088700000, 0x0000000088700000|100%| O|  |TAMS 0x0000000088600000, 0x0000000088600000| Untracked 
| 135|0x0000000088700000, 0x0000000088800000, 0x0000000088800000|100%| O|  |TAMS 0x0000000088700000, 0x0000000088700000| Untracked 
| 136|0x0000000088800000, 0x0000000088900000, 0x0000000088900000|100%| O|  |TAMS 0x0000000088800000, 0x0000000088800000| Untracked 
| 137|0x0000000088900000, 0x0000000088a00000, 0x0000000088a00000|100%| O|  |TAMS 0x0000000088900000, 0x0000000088900000| Untracked 
| 138|0x0000000088a00000, 0x0000000088b00000, 0x0000000088b00000|100%| O|  |TAMS 0x0000000088a00000, 0x0000000088a00000| Untracked 
| 139|0x0000000088b00000, 0x0000000088c00000, 0x0000000088c00000|100%|HS|  |TAMS 0x0000000088b00000, 0x0000000088b00000| Complete 
| 140|0x0000000088c00000, 0x0000000088d00000, 0x0000000088d00000|100%|HS|  |TAMS 0x0000000088c00000, 0x0000000088c00000| Complete 
| 141|0x0000000088d00000, 0x0000000088e00000, 0x0000000088e00000|100%|HC|  |TAMS 0x0000000088d00000, 0x0000000088d00000| Complete 
| 142|0x0000000088e00000, 0x0000000088f00000, 0x0000000088f00000|100%|HS|  |TAMS 0x0000000088e00000, 0x0000000088e00000| Complete 
| 143|0x0000000088f00000, 0x0000000089000000, 0x0000000089000000|100%|HS|  |TAMS 0x0000000088f00000, 0x0000000088f00000| Complete 
| 144|0x0000000089000000, 0x0000000089100000, 0x0000000089100000|100%|HC|  |TAMS 0x0000000089000000, 0x0000000089000000| Complete 
| 145|0x0000000089100000, 0x0000000089200000, 0x0000000089200000|100%|HS|  |TAMS 0x0000000089100000, 0x0000000089100000| Complete 
| 146|0x0000000089200000, 0x0000000089300000, 0x0000000089300000|100%|HC|  |TAMS 0x0000000089200000, 0x0000000089200000| Complete 
| 147|0x0000000089300000, 0x0000000089300000, 0x0000000089400000|  0%| F|  |TAMS 0x0000000089300000, 0x0000000089300000| Untracked 
| 148|0x0000000089400000, 0x0000000089400000, 0x0000000089500000|  0%| F|  |TAMS 0x0000000089400000, 0x0000000089400000| Untracked 
| 149|0x0000000089500000, 0x0000000089500000, 0x0000000089600000|  0%| F|  |TAMS 0x0000000089500000, 0x0000000089500000| Untracked 
| 150|0x0000000089600000, 0x0000000089600000, 0x0000000089700000|  0%| F|  |TAMS 0x0000000089600000, 0x0000000089600000| Untracked 
| 151|0x0000000089700000, 0x0000000089700000, 0x0000000089800000|  0%| F|  |TAMS 0x0000000089700000, 0x0000000089700000| Untracked 
| 152|0x0000000089800000, 0x0000000089800000, 0x0000000089900000|  0%| F|  |TAMS 0x0000000089800000, 0x0000000089800000| Untracked 
| 153|0x0000000089900000, 0x0000000089900000, 0x0000000089a00000|  0%| F|  |TAMS 0x0000000089900000, 0x0000000089900000| Untracked 
| 154|0x0000000089a00000, 0x0000000089a00000, 0x0000000089b00000|  0%| F|  |TAMS 0x0000000089a00000, 0x0000000089a00000| Untracked 
| 155|0x0000000089b00000, 0x0000000089b00000, 0x0000000089c00000|  0%| F|  |TAMS 0x0000000089b00000, 0x0000000089b00000| Untracked 
| 156|0x0000000089c00000, 0x0000000089c00000, 0x0000000089d00000|  0%| F|  |TAMS 0x0000000089c00000, 0x0000000089c00000| Untracked 
| 157|0x0000000089d00000, 0x0000000089d00000, 0x0000000089e00000|  0%| F|  |TAMS 0x0000000089d00000, 0x0000000089d00000| Untracked 
| 158|0x0000000089e00000, 0x0000000089e00000, 0x0000000089f00000|  0%| F|  |TAMS 0x0000000089e00000, 0x0000000089e00000| Untracked 
| 159|0x0000000089f00000, 0x0000000089f00000, 0x000000008a000000|  0%| F|  |TAMS 0x0000000089f00000, 0x0000000089f00000| Untracked 
| 160|0x000000008a000000, 0x000000008a000000, 0x000000008a100000|  0%| F|  |TAMS 0x000000008a000000, 0x000000008a000000| Untracked 
| 161|0x000000008a100000, 0x000000008a100000, 0x000000008a200000|  0%| F|  |TAMS 0x000000008a100000, 0x000000008a100000| Untracked 
| 162|0x000000008a200000, 0x000000008a200000, 0x000000008a300000|  0%| F|  |TAMS 0x000000008a200000, 0x000000008a200000| Untracked 
| 163|0x000000008a300000, 0x000000008a300000, 0x000000008a400000|  0%| F|  |TAMS 0x000000008a300000, 0x000000008a300000| Untracked 
| 164|0x000000008a400000, 0x000000008a400000, 0x000000008a500000|  0%| F|  |TAMS 0x000000008a400000, 0x000000008a400000| Untracked 
| 165|0x000000008a500000, 0x000000008a500000, 0x000000008a600000|  0%| F|  |TAMS 0x000000008a500000, 0x000000008a500000| Untracked 
| 166|0x000000008a600000, 0x000000008a600000, 0x000000008a700000|  0%| F|  |TAMS 0x000000008a600000, 0x000000008a600000| Untracked 
| 167|0x000000008a700000, 0x000000008a800000, 0x000000008a800000|100%| S|CS|TAMS 0x000000008a700000, 0x000000008a700000| Complete 
| 168|0x000000008a800000, 0x000000008a900000, 0x000000008a900000|100%| S|CS|TAMS 0x000000008a800000, 0x000000008a800000| Complete 
| 169|0x000000008a900000, 0x000000008aa00000, 0x000000008aa00000|100%| S|CS|TAMS 0x000000008a900000, 0x000000008a900000| Complete 
| 170|0x000000008aa00000, 0x000000008ab00000, 0x000000008ab00000|100%| S|CS|TAMS 0x000000008aa00000, 0x000000008aa00000| Complete 
| 171|0x000000008ab00000, 0x000000008ac00000, 0x000000008ac00000|100%| S|CS|TAMS 0x000000008ab00000, 0x000000008ab00000| Complete 
| 172|0x000000008ac00000, 0x000000008ad00000, 0x000000008ad00000|100%| S|CS|TAMS 0x000000008ac00000, 0x000000008ac00000| Complete 
| 173|0x000000008ad00000, 0x000000008ae00000, 0x000000008ae00000|100%| S|CS|TAMS 0x000000008ad00000, 0x000000008ad00000| Complete 
| 174|0x000000008ae00000, 0x000000008af00000, 0x000000008af00000|100%| S|CS|TAMS 0x000000008ae00000, 0x000000008ae00000| Complete 
| 175|0x000000008af00000, 0x000000008b000000, 0x000000008b000000|100%| S|CS|TAMS 0x000000008af00000, 0x000000008af00000| Complete 
| 176|0x000000008b000000, 0x000000008b100000, 0x000000008b100000|100%| S|CS|TAMS 0x000000008b000000, 0x000000008b000000| Complete 
| 177|0x000000008b100000, 0x000000008b200000, 0x000000008b200000|100%| S|CS|TAMS 0x000000008b100000, 0x000000008b100000| Complete 
| 178|0x000000008b200000, 0x000000008b300000, 0x000000008b300000|100%| S|CS|TAMS 0x000000008b200000, 0x000000008b200000| Complete 
| 179|0x000000008b300000, 0x000000008b400000, 0x000000008b400000|100%| S|CS|TAMS 0x000000008b300000, 0x000000008b300000| Complete 
| 180|0x000000008b400000, 0x000000008b500000, 0x000000008b500000|100%| S|CS|TAMS 0x000000008b400000, 0x000000008b400000| Complete 
| 181|0x000000008b500000, 0x000000008b600000, 0x000000008b600000|100%| S|CS|TAMS 0x000000008b500000, 0x000000008b500000| Complete 
| 182|0x000000008b600000, 0x000000008b700000, 0x000000008b700000|100%| S|CS|TAMS 0x000000008b600000, 0x000000008b600000| Complete 
| 183|0x000000008b700000, 0x000000008b800000, 0x000000008b800000|100%| S|CS|TAMS 0x000000008b700000, 0x000000008b700000| Complete 
| 184|0x000000008b800000, 0x000000008b900000, 0x000000008b900000|100%| S|CS|TAMS 0x000000008b800000, 0x000000008b800000| Complete 
| 185|0x000000008b900000, 0x000000008b900000, 0x000000008ba00000|  0%| F|  |TAMS 0x000000008b900000, 0x000000008b900000| Untracked 
| 186|0x000000008ba00000, 0x000000008ba00000, 0x000000008bb00000|  0%| F|  |TAMS 0x000000008ba00000, 0x000000008ba00000| Untracked 
| 187|0x000000008bb00000, 0x000000008bb00000, 0x000000008bc00000|  0%| F|  |TAMS 0x000000008bb00000, 0x000000008bb00000| Untracked 
| 188|0x000000008bc00000, 0x000000008bc00000, 0x000000008bd00000|  0%| F|  |TAMS 0x000000008bc00000, 0x000000008bc00000| Untracked 
| 189|0x000000008bd00000, 0x000000008bd00000, 0x000000008be00000|  0%| F|  |TAMS 0x000000008bd00000, 0x000000008bd00000| Untracked 
| 190|0x000000008be00000, 0x000000008be00000, 0x000000008bf00000|  0%| F|  |TAMS 0x000000008be00000, 0x000000008be00000| Untracked 
| 191|0x000000008bf00000, 0x000000008c000000, 0x000000008c000000|100%| S|CS|TAMS 0x000000008bf00000, 0x000000008bf00000| Complete 
| 192|0x000000008c000000, 0x000000008c100000, 0x000000008c100000|100%| S|CS|TAMS 0x000000008c000000, 0x000000008c000000| Complete 
| 193|0x000000008c100000, 0x000000008c200000, 0x000000008c200000|100%| S|CS|TAMS 0x000000008c100000, 0x000000008c100000| Complete 
| 194|0x000000008c200000, 0x000000008c200000, 0x000000008c300000|  0%| F|  |TAMS 0x000000008c200000, 0x000000008c200000| Untracked 
| 195|0x000000008c300000, 0x000000008c300000, 0x000000008c400000|  0%| F|  |TAMS 0x000000008c300000, 0x000000008c300000| Untracked 
| 196|0x000000008c400000, 0x000000008c400000, 0x000000008c500000|  0%| F|  |TAMS 0x000000008c400000, 0x000000008c400000| Untracked 
| 197|0x000000008c500000, 0x000000008c500000, 0x000000008c600000|  0%| F|  |TAMS 0x000000008c500000, 0x000000008c500000| Untracked 
| 198|0x000000008c600000, 0x000000008c600000, 0x000000008c700000|  0%| F|  |TAMS 0x000000008c600000, 0x000000008c600000| Untracked 
| 199|0x000000008c700000, 0x000000008c700000, 0x000000008c800000|  0%| F|  |TAMS 0x000000008c700000, 0x000000008c700000| Untracked 
| 200|0x000000008c800000, 0x000000008c800000, 0x000000008c900000|  0%| F|  |TAMS 0x000000008c800000, 0x000000008c800000| Untracked 
| 201|0x000000008c900000, 0x000000008c900000, 0x000000008ca00000|  0%| F|  |TAMS 0x000000008c900000, 0x000000008c900000| Untracked 
| 202|0x000000008ca00000, 0x000000008ca00000, 0x000000008cb00000|  0%| F|  |TAMS 0x000000008ca00000, 0x000000008ca00000| Untracked 
| 203|0x000000008cb00000, 0x000000008cb00000, 0x000000008cc00000|  0%| F|  |TAMS 0x000000008cb00000, 0x000000008cb00000| Untracked 
| 204|0x000000008cc00000, 0x000000008cc00000, 0x000000008cd00000|  0%| F|  |TAMS 0x000000008cc00000, 0x000000008cc00000| Untracked 
| 205|0x000000008cd00000, 0x000000008cd00000, 0x000000008ce00000|  0%| F|  |TAMS 0x000000008cd00000, 0x000000008cd00000| Untracked 
| 206|0x000000008ce00000, 0x000000008ce00000, 0x000000008cf00000|  0%| F|  |TAMS 0x000000008ce00000, 0x000000008ce00000| Untracked 
| 207|0x000000008cf00000, 0x000000008cf00000, 0x000000008d000000|  0%| F|  |TAMS 0x000000008cf00000, 0x000000008cf00000| Untracked 
| 208|0x000000008d000000, 0x000000008d000000, 0x000000008d100000|  0%| F|  |TAMS 0x000000008d000000, 0x000000008d000000| Untracked 
| 209|0x000000008d100000, 0x000000008d100000, 0x000000008d200000|  0%| F|  |TAMS 0x000000008d100000, 0x000000008d100000| Untracked 
| 210|0x000000008d200000, 0x000000008d200000, 0x000000008d300000|  0%| F|  |TAMS 0x000000008d200000, 0x000000008d200000| Untracked 
| 211|0x000000008d300000, 0x000000008d300000, 0x000000008d400000|  0%| F|  |TAMS 0x000000008d300000, 0x000000008d300000| Untracked 
| 212|0x000000008d400000, 0x000000008d400000, 0x000000008d500000|  0%| F|  |TAMS 0x000000008d400000, 0x000000008d400000| Untracked 
| 213|0x000000008d500000, 0x000000008d500000, 0x000000008d600000|  0%| F|  |TAMS 0x000000008d500000, 0x000000008d500000| Untracked 
| 214|0x000000008d600000, 0x000000008d600000, 0x000000008d700000|  0%| F|  |TAMS 0x000000008d600000, 0x000000008d600000| Untracked 
| 215|0x000000008d700000, 0x000000008d700000, 0x000000008d800000|  0%| F|  |TAMS 0x000000008d700000, 0x000000008d700000| Untracked 
| 216|0x000000008d800000, 0x000000008d800000, 0x000000008d900000|  0%| F|  |TAMS 0x000000008d800000, 0x000000008d800000| Untracked 
| 217|0x000000008d900000, 0x000000008d900000, 0x000000008da00000|  0%| F|  |TAMS 0x000000008d900000, 0x000000008d900000| Untracked 
| 218|0x000000008da00000, 0x000000008da00000, 0x000000008db00000|  0%| F|  |TAMS 0x000000008da00000, 0x000000008da00000| Untracked 
| 219|0x000000008db00000, 0x000000008db00000, 0x000000008dc00000|  0%| F|  |TAMS 0x000000008db00000, 0x000000008db00000| Untracked 
| 220|0x000000008dc00000, 0x000000008dc00000, 0x000000008dd00000|  0%| F|  |TAMS 0x000000008dc00000, 0x000000008dc00000| Untracked 
| 221|0x000000008dd00000, 0x000000008dd00000, 0x000000008de00000|  0%| F|  |TAMS 0x000000008dd00000, 0x000000008dd00000| Untracked 
| 222|0x000000008de00000, 0x000000008de00000, 0x000000008df00000|  0%| F|  |TAMS 0x000000008de00000, 0x000000008de00000| Untracked 
| 223|0x000000008df00000, 0x000000008df00000, 0x000000008e000000|  0%| F|  |TAMS 0x000000008df00000, 0x000000008df00000| Untracked 
| 224|0x000000008e000000, 0x000000008e000000, 0x000000008e100000|  0%| F|  |TAMS 0x000000008e000000, 0x000000008e000000| Untracked 
| 225|0x000000008e100000, 0x000000008e100000, 0x000000008e200000|  0%| F|  |TAMS 0x000000008e100000, 0x000000008e100000| Untracked 
| 226|0x000000008e200000, 0x000000008e200000, 0x000000008e300000|  0%| F|  |TAMS 0x000000008e200000, 0x000000008e200000| Untracked 
| 227|0x000000008e300000, 0x000000008e300000, 0x000000008e400000|  0%| F|  |TAMS 0x000000008e300000, 0x000000008e300000| Untracked 
| 228|0x000000008e400000, 0x000000008e400000, 0x000000008e500000|  0%| F|  |TAMS 0x000000008e400000, 0x000000008e400000| Untracked 
| 229|0x000000008e500000, 0x000000008e500000, 0x000000008e600000|  0%| F|  |TAMS 0x000000008e500000, 0x000000008e500000| Untracked 
| 230|0x000000008e600000, 0x000000008e600000, 0x000000008e700000|  0%| F|  |TAMS 0x000000008e600000, 0x000000008e600000| Untracked 
| 231|0x000000008e700000, 0x000000008e700000, 0x000000008e800000|  0%| F|  |TAMS 0x000000008e700000, 0x000000008e700000| Untracked 
| 232|0x000000008e800000, 0x000000008e800000, 0x000000008e900000|  0%| F|  |TAMS 0x000000008e800000, 0x000000008e800000| Untracked 
| 233|0x000000008e900000, 0x000000008e9ecf18, 0x000000008ea00000| 92%| E|  |TAMS 0x000000008e900000, 0x000000008e900000| Complete 
| 234|0x000000008ea00000, 0x000000008eb00000, 0x000000008eb00000|100%| E|CS|TAMS 0x000000008ea00000, 0x000000008ea00000| Complete 
| 235|0x000000008eb00000, 0x000000008ec00000, 0x000000008ec00000|100%| E|CS|TAMS 0x000000008eb00000, 0x000000008eb00000| Complete 
| 236|0x000000008ec00000, 0x000000008ed00000, 0x000000008ed00000|100%| E|CS|TAMS 0x000000008ec00000, 0x000000008ec00000| Complete 
| 237|0x000000008ed00000, 0x000000008ee00000, 0x000000008ee00000|100%| E|CS|TAMS 0x000000008ed00000, 0x000000008ed00000| Complete 
| 238|0x000000008ee00000, 0x000000008ef00000, 0x000000008ef00000|100%| E|CS|TAMS 0x000000008ee00000, 0x000000008ee00000| Complete 
| 239|0x000000008ef00000, 0x000000008f000000, 0x000000008f000000|100%| E|CS|TAMS 0x000000008ef00000, 0x000000008ef00000| Complete 
| 240|0x000000008f000000, 0x000000008f100000, 0x000000008f100000|100%| E|CS|TAMS 0x000000008f000000, 0x000000008f000000| Complete 
| 241|0x000000008f100000, 0x000000008f200000, 0x000000008f200000|100%| E|CS|TAMS 0x000000008f100000, 0x000000008f100000| Complete 
| 242|0x000000008f200000, 0x000000008f300000, 0x000000008f300000|100%| E|CS|TAMS 0x000000008f200000, 0x000000008f200000| Complete 
| 243|0x000000008f300000, 0x000000008f400000, 0x000000008f400000|100%| E|  |TAMS 0x000000008f300000, 0x000000008f300000| Complete 
| 244|0x000000008f400000, 0x000000008f500000, 0x000000008f500000|100%| E|CS|TAMS 0x000000008f400000, 0x000000008f400000| Complete 
| 245|0x000000008f500000, 0x000000008f600000, 0x000000008f600000|100%| E|CS|TAMS 0x000000008f500000, 0x000000008f500000| Complete 
| 246|0x000000008f600000, 0x000000008f700000, 0x000000008f700000|100%| E|CS|TAMS 0x000000008f600000, 0x000000008f600000| Complete 
| 247|0x000000008f700000, 0x000000008f800000, 0x000000008f800000|100%| E|CS|TAMS 0x000000008f700000, 0x000000008f700000| Complete 
| 248|0x000000008f800000, 0x000000008f900000, 0x000000008f900000|100%| E|CS|TAMS 0x000000008f800000, 0x000000008f800000| Complete 
| 249|0x000000008f900000, 0x000000008fa00000, 0x000000008fa00000|100%| E|CS|TAMS 0x000000008f900000, 0x000000008f900000| Complete 
| 250|0x000000008fa00000, 0x000000008fb00000, 0x000000008fb00000|100%| E|CS|TAMS 0x000000008fa00000, 0x000000008fa00000| Complete 
| 251|0x000000008fb00000, 0x000000008fc00000, 0x000000008fc00000|100%| E|CS|TAMS 0x000000008fb00000, 0x000000008fb00000| Complete 
| 252|0x000000008fc00000, 0x000000008fd00000, 0x000000008fd00000|100%| E|CS|TAMS 0x000000008fc00000, 0x000000008fc00000| Complete 
| 253|0x000000008fd00000, 0x000000008fe00000, 0x000000008fe00000|100%| E|CS|TAMS 0x000000008fd00000, 0x000000008fd00000| Complete 
| 254|0x000000008fe00000, 0x000000008ff00000, 0x000000008ff00000|100%| E|CS|TAMS 0x000000008fe00000, 0x000000008fe00000| Complete 
| 255|0x000000008ff00000, 0x0000000090000000, 0x0000000090000000|100%| E|CS|TAMS 0x000000008ff00000, 0x000000008ff00000| Complete 
| 256|0x0000000090000000, 0x0000000090100000, 0x0000000090100000|100%| E|CS|TAMS 0x0000000090000000, 0x0000000090000000| Complete 
| 257|0x0000000090100000, 0x0000000090200000, 0x0000000090200000|100%| E|CS|TAMS 0x0000000090100000, 0x0000000090100000| Complete 
| 258|0x0000000090200000, 0x0000000090300000, 0x0000000090300000|100%| E|CS|TAMS 0x0000000090200000, 0x0000000090200000| Complete 
| 259|0x0000000090300000, 0x0000000090400000, 0x0000000090400000|100%| E|CS|TAMS 0x0000000090300000, 0x0000000090300000| Complete 
| 260|0x0000000090400000, 0x0000000090500000, 0x0000000090500000|100%| E|CS|TAMS 0x0000000090400000, 0x0000000090400000| Complete 
| 261|0x0000000090500000, 0x0000000090600000, 0x0000000090600000|100%| E|CS|TAMS 0x0000000090500000, 0x0000000090500000| Complete 
| 262|0x0000000090600000, 0x0000000090700000, 0x0000000090700000|100%| E|CS|TAMS 0x0000000090600000, 0x0000000090600000| Complete 
| 263|0x0000000090700000, 0x0000000090800000, 0x0000000090800000|100%| E|CS|TAMS 0x0000000090700000, 0x0000000090700000| Complete 
| 264|0x0000000090800000, 0x0000000090900000, 0x0000000090900000|100%| E|CS|TAMS 0x0000000090800000, 0x0000000090800000| Complete 
| 265|0x0000000090900000, 0x0000000090a00000, 0x0000000090a00000|100%| E|CS|TAMS 0x0000000090900000, 0x0000000090900000| Complete 
| 266|0x0000000090a00000, 0x0000000090b00000, 0x0000000090b00000|100%| E|CS|TAMS 0x0000000090a00000, 0x0000000090a00000| Complete 
| 267|0x0000000090b00000, 0x0000000090c00000, 0x0000000090c00000|100%| E|CS|TAMS 0x0000000090b00000, 0x0000000090b00000| Complete 
| 268|0x0000000090c00000, 0x0000000090d00000, 0x0000000090d00000|100%| E|CS|TAMS 0x0000000090c00000, 0x0000000090c00000| Complete 
| 269|0x0000000090d00000, 0x0000000090e00000, 0x0000000090e00000|100%| E|CS|TAMS 0x0000000090d00000, 0x0000000090d00000| Complete 
| 270|0x0000000090e00000, 0x0000000090f00000, 0x0000000090f00000|100%| E|CS|TAMS 0x0000000090e00000, 0x0000000090e00000| Complete 
| 271|0x0000000090f00000, 0x0000000091000000, 0x0000000091000000|100%| E|CS|TAMS 0x0000000090f00000, 0x0000000090f00000| Complete 
| 272|0x0000000091000000, 0x0000000091100000, 0x0000000091100000|100%| E|CS|TAMS 0x0000000091000000, 0x0000000091000000| Complete 
| 273|0x0000000091100000, 0x0000000091200000, 0x0000000091200000|100%| E|CS|TAMS 0x0000000091100000, 0x0000000091100000| Complete 
| 274|0x0000000091200000, 0x0000000091300000, 0x0000000091300000|100%| E|CS|TAMS 0x0000000091200000, 0x0000000091200000| Complete 
| 275|0x0000000091300000, 0x0000000091400000, 0x0000000091400000|100%| E|CS|TAMS 0x0000000091300000, 0x0000000091300000| Complete 
| 276|0x0000000091400000, 0x0000000091500000, 0x0000000091500000|100%| E|CS|TAMS 0x0000000091400000, 0x0000000091400000| Complete 
| 277|0x0000000091500000, 0x0000000091600000, 0x0000000091600000|100%| E|CS|TAMS 0x0000000091500000, 0x0000000091500000| Complete 
| 278|0x0000000091600000, 0x0000000091700000, 0x0000000091700000|100%| E|CS|TAMS 0x0000000091600000, 0x0000000091600000| Complete 
| 279|0x0000000091700000, 0x0000000091800000, 0x0000000091800000|100%| E|CS|TAMS 0x0000000091700000, 0x0000000091700000| Complete 
| 280|0x0000000091800000, 0x0000000091900000, 0x0000000091900000|100%| E|CS|TAMS 0x0000000091800000, 0x0000000091800000| Complete 
| 281|0x0000000091900000, 0x0000000091a00000, 0x0000000091a00000|100%| E|CS|TAMS 0x0000000091900000, 0x0000000091900000| Complete 
| 282|0x0000000091a00000, 0x0000000091b00000, 0x0000000091b00000|100%| E|CS|TAMS 0x0000000091a00000, 0x0000000091a00000| Complete 
| 283|0x0000000091b00000, 0x0000000091c00000, 0x0000000091c00000|100%| E|CS|TAMS 0x0000000091b00000, 0x0000000091b00000| Complete 
| 284|0x0000000091c00000, 0x0000000091d00000, 0x0000000091d00000|100%| E|CS|TAMS 0x0000000091c00000, 0x0000000091c00000| Complete 
| 285|0x0000000091d00000, 0x0000000091e00000, 0x0000000091e00000|100%| E|CS|TAMS 0x0000000091d00000, 0x0000000091d00000| Complete 
| 286|0x0000000091e00000, 0x0000000091f00000, 0x0000000091f00000|100%| E|CS|TAMS 0x0000000091e00000, 0x0000000091e00000| Complete 
| 287|0x0000000091f00000, 0x0000000092000000, 0x0000000092000000|100%| E|CS|TAMS 0x0000000091f00000, 0x0000000091f00000| Complete 
| 288|0x0000000092000000, 0x0000000092100000, 0x0000000092100000|100%| E|CS|TAMS 0x0000000092000000, 0x0000000092000000| Complete 
| 289|0x0000000092100000, 0x0000000092200000, 0x0000000092200000|100%| E|CS|TAMS 0x0000000092100000, 0x0000000092100000| Complete 
| 290|0x0000000092200000, 0x0000000092300000, 0x0000000092300000|100%| E|CS|TAMS 0x0000000092200000, 0x0000000092200000| Complete 
| 291|0x0000000092300000, 0x0000000092400000, 0x0000000092400000|100%| E|CS|TAMS 0x0000000092300000, 0x0000000092300000| Complete 
| 292|0x0000000092400000, 0x0000000092500000, 0x0000000092500000|100%| E|CS|TAMS 0x0000000092400000, 0x0000000092400000| Complete 
| 293|0x0000000092500000, 0x0000000092600000, 0x0000000092600000|100%| E|CS|TAMS 0x0000000092500000, 0x0000000092500000| Complete 
| 294|0x0000000092600000, 0x0000000092700000, 0x0000000092700000|100%| E|CS|TAMS 0x0000000092600000, 0x0000000092600000| Complete 
| 295|0x0000000092700000, 0x0000000092800000, 0x0000000092800000|100%| E|CS|TAMS 0x0000000092700000, 0x0000000092700000| Complete 
| 296|0x0000000092800000, 0x0000000092900000, 0x0000000092900000|100%| E|CS|TAMS 0x0000000092800000, 0x0000000092800000| Complete 
| 297|0x0000000092900000, 0x0000000092a00000, 0x0000000092a00000|100%| E|CS|TAMS 0x0000000092900000, 0x0000000092900000| Complete 
| 298|0x0000000092a00000, 0x0000000092b00000, 0x0000000092b00000|100%| E|CS|TAMS 0x0000000092a00000, 0x0000000092a00000| Complete 
| 299|0x0000000092b00000, 0x0000000092c00000, 0x0000000092c00000|100%| E|CS|TAMS 0x0000000092b00000, 0x0000000092b00000| Complete 
| 300|0x0000000092c00000, 0x0000000092d00000, 0x0000000092d00000|100%| E|CS|TAMS 0x0000000092c00000, 0x0000000092c00000| Complete 
| 301|0x0000000092d00000, 0x0000000092e00000, 0x0000000092e00000|100%| E|CS|TAMS 0x0000000092d00000, 0x0000000092d00000| Complete 
| 302|0x0000000092e00000, 0x0000000092f00000, 0x0000000092f00000|100%| E|CS|TAMS 0x0000000092e00000, 0x0000000092e00000| Complete 
| 303|0x0000000092f00000, 0x0000000093000000, 0x0000000093000000|100%| E|CS|TAMS 0x0000000092f00000, 0x0000000092f00000| Complete 
| 304|0x0000000093000000, 0x0000000093100000, 0x0000000093100000|100%| E|CS|TAMS 0x0000000093000000, 0x0000000093000000| Complete 
| 305|0x0000000093100000, 0x0000000093200000, 0x0000000093200000|100%| E|CS|TAMS 0x0000000093100000, 0x0000000093100000| Complete 
| 306|0x0000000093200000, 0x0000000093300000, 0x0000000093300000|100%| E|CS|TAMS 0x0000000093200000, 0x0000000093200000| Complete 
| 307|0x0000000093300000, 0x0000000093400000, 0x0000000093400000|100%| E|CS|TAMS 0x0000000093300000, 0x0000000093300000| Complete 
| 308|0x0000000093400000, 0x0000000093500000, 0x0000000093500000|100%| E|CS|TAMS 0x0000000093400000, 0x0000000093400000| Complete 
| 309|0x0000000093500000, 0x0000000093600000, 0x0000000093600000|100%| E|CS|TAMS 0x0000000093500000, 0x0000000093500000| Complete 
| 310|0x0000000093600000, 0x0000000093700000, 0x0000000093700000|100%| E|CS|TAMS 0x0000000093600000, 0x0000000093600000| Complete 
| 311|0x0000000093700000, 0x0000000093800000, 0x0000000093800000|100%| E|CS|TAMS 0x0000000093700000, 0x0000000093700000| Complete 
| 312|0x0000000093800000, 0x0000000093900000, 0x0000000093900000|100%| E|CS|TAMS 0x0000000093800000, 0x0000000093800000| Complete 
| 313|0x0000000093900000, 0x0000000093a00000, 0x0000000093a00000|100%| E|CS|TAMS 0x0000000093900000, 0x0000000093900000| Complete 
| 314|0x0000000093a00000, 0x0000000093b00000, 0x0000000093b00000|100%| E|CS|TAMS 0x0000000093a00000, 0x0000000093a00000| Complete 
| 315|0x0000000093b00000, 0x0000000093c00000, 0x0000000093c00000|100%| E|CS|TAMS 0x0000000093b00000, 0x0000000093b00000| Complete 
| 316|0x0000000093c00000, 0x0000000093d00000, 0x0000000093d00000|100%| E|CS|TAMS 0x0000000093c00000, 0x0000000093c00000| Complete 
| 317|0x0000000093d00000, 0x0000000093e00000, 0x0000000093e00000|100%| E|CS|TAMS 0x0000000093d00000, 0x0000000093d00000| Complete 
| 318|0x0000000093e00000, 0x0000000093f00000, 0x0000000093f00000|100%| E|CS|TAMS 0x0000000093e00000, 0x0000000093e00000| Complete 
| 319|0x0000000093f00000, 0x0000000094000000, 0x0000000094000000|100%| E|CS|TAMS 0x0000000093f00000, 0x0000000093f00000| Complete 
| 320|0x0000000094000000, 0x0000000094100000, 0x0000000094100000|100%| E|CS|TAMS 0x0000000094000000, 0x0000000094000000| Complete 
| 321|0x0000000094100000, 0x0000000094200000, 0x0000000094200000|100%| E|CS|TAMS 0x0000000094100000, 0x0000000094100000| Complete 
| 322|0x0000000094200000, 0x0000000094300000, 0x0000000094300000|100%| E|CS|TAMS 0x0000000094200000, 0x0000000094200000| Complete 
| 323|0x0000000094300000, 0x0000000094400000, 0x0000000094400000|100%| E|CS|TAMS 0x0000000094300000, 0x0000000094300000| Complete 
| 324|0x0000000094400000, 0x0000000094500000, 0x0000000094500000|100%| E|CS|TAMS 0x0000000094400000, 0x0000000094400000| Complete 
| 325|0x0000000094500000, 0x0000000094600000, 0x0000000094600000|100%| E|CS|TAMS 0x0000000094500000, 0x0000000094500000| Complete 
| 326|0x0000000094600000, 0x0000000094700000, 0x0000000094700000|100%| E|CS|TAMS 0x0000000094600000, 0x0000000094600000| Complete 
| 327|0x0000000094700000, 0x0000000094800000, 0x0000000094800000|100%| E|CS|TAMS 0x0000000094700000, 0x0000000094700000| Complete 
| 328|0x0000000094800000, 0x0000000094900000, 0x0000000094900000|100%| E|CS|TAMS 0x0000000094800000, 0x0000000094800000| Complete 
| 329|0x0000000094900000, 0x0000000094a00000, 0x0000000094a00000|100%| E|CS|TAMS 0x0000000094900000, 0x0000000094900000| Complete 
| 330|0x0000000094a00000, 0x0000000094b00000, 0x0000000094b00000|100%| E|CS|TAMS 0x0000000094a00000, 0x0000000094a00000| Complete 
| 331|0x0000000094b00000, 0x0000000094c00000, 0x0000000094c00000|100%| E|CS|TAMS 0x0000000094b00000, 0x0000000094b00000| Complete 
| 332|0x0000000094c00000, 0x0000000094d00000, 0x0000000094d00000|100%| E|CS|TAMS 0x0000000094c00000, 0x0000000094c00000| Complete 
| 333|0x0000000094d00000, 0x0000000094e00000, 0x0000000094e00000|100%| E|CS|TAMS 0x0000000094d00000, 0x0000000094d00000| Complete 
| 334|0x0000000094e00000, 0x0000000094f00000, 0x0000000094f00000|100%| E|CS|TAMS 0x0000000094e00000, 0x0000000094e00000| Complete 
| 335|0x0000000094f00000, 0x0000000095000000, 0x0000000095000000|100%| E|CS|TAMS 0x0000000094f00000, 0x0000000094f00000| Complete 
| 336|0x0000000095000000, 0x0000000095100000, 0x0000000095100000|100%| E|CS|TAMS 0x0000000095000000, 0x0000000095000000| Complete 
| 337|0x0000000095100000, 0x0000000095200000, 0x0000000095200000|100%| E|CS|TAMS 0x0000000095100000, 0x0000000095100000| Complete 
| 338|0x0000000095200000, 0x0000000095300000, 0x0000000095300000|100%| E|CS|TAMS 0x0000000095200000, 0x0000000095200000| Complete 
| 339|0x0000000095300000, 0x0000000095400000, 0x0000000095400000|100%| E|CS|TAMS 0x0000000095300000, 0x0000000095300000| Complete 
| 340|0x0000000095400000, 0x0000000095500000, 0x0000000095500000|100%| E|CS|TAMS 0x0000000095400000, 0x0000000095400000| Complete 
| 341|0x0000000095500000, 0x0000000095600000, 0x0000000095600000|100%| E|CS|TAMS 0x0000000095500000, 0x0000000095500000| Complete 
| 342|0x0000000095600000, 0x0000000095700000, 0x0000000095700000|100%| E|CS|TAMS 0x0000000095600000, 0x0000000095600000| Complete 
| 343|0x0000000095700000, 0x0000000095800000, 0x0000000095800000|100%| E|CS|TAMS 0x0000000095700000, 0x0000000095700000| Complete 
| 344|0x0000000095800000, 0x0000000095900000, 0x0000000095900000|100%| E|CS|TAMS 0x0000000095800000, 0x0000000095800000| Complete 
| 345|0x0000000095900000, 0x0000000095a00000, 0x0000000095a00000|100%| E|CS|TAMS 0x0000000095900000, 0x0000000095900000| Complete 
| 346|0x0000000095a00000, 0x0000000095b00000, 0x0000000095b00000|100%| E|CS|TAMS 0x0000000095a00000, 0x0000000095a00000| Complete 
| 347|0x0000000095b00000, 0x0000000095c00000, 0x0000000095c00000|100%| E|CS|TAMS 0x0000000095b00000, 0x0000000095b00000| Complete 
| 348|0x0000000095c00000, 0x0000000095d00000, 0x0000000095d00000|100%| E|CS|TAMS 0x0000000095c00000, 0x0000000095c00000| Complete 
| 349|0x0000000095d00000, 0x0000000095e00000, 0x0000000095e00000|100%| E|CS|TAMS 0x0000000095d00000, 0x0000000095d00000| Complete 

Card table byte_map: [0x000002171e8d0000,0x000002171ecd0000] _byte_map_base: 0x000002171e4d0000

Marking Bits (Prev, Next): (CMBitMap*) 0x0000021707a0f8f0, (CMBitMap*) 0x0000021707a0f930
 Prev Bits: [0x000002171f0d0000, 0x00000217210d0000)
 Next Bits: [0x00000217210d0000, 0x00000217230d0000)

Polling page: 0x0000021707170000

Metaspace:

Usage:
  Non-class:    113.25 MB used.
      Class:     17.17 MB used.
       Both:    130.42 MB used.

Virtual space:
  Non-class space:      128.00 MB reserved,     113.94 MB ( 89%) committed,  2 nodes.
      Class space:      416.00 MB reserved,      17.88 MB (  4%) committed,  1 nodes.
             Both:      544.00 MB reserved,     131.81 MB ( 24%) committed. 

Chunk freelists:
   Non-Class:  13.72 MB
       Class:  14.08 MB
        Both:  27.80 MB

MaxMetaspaceSize: 512.00 MB
CompressedClassSpaceSize: 416.00 MB
Initial GC threshold: 21.00 MB
Current GC threshold: 143.25 MB
CDS: on
MetaspaceReclaimPolicy: balanced
 - commit_granule_bytes: 65536.
 - commit_granule_words: 8192.
 - virtual_space_node_default_size: 8388608.
 - enlarge_chunks_in_place: 1.
 - new_chunks_are_fully_committed: 0.
 - uncommit_free_chunks: 1.
 - use_allocation_guard: 0.
 - handle_deallocations: 1.


Internal statistics:

num_allocs_failed_limit: 6.
num_arena_births: 2340.
num_arena_deaths: 0.
num_vsnodes_births: 3.
num_vsnodes_deaths: 0.
num_space_committed: 2106.
num_space_uncommitted: 0.
num_chunks_returned_to_freelist: 6.
num_chunks_taken_from_freelist: 8500.
num_chunk_merges: 6.
num_chunk_splits: 5367.
num_chunks_enlarged: 3207.
num_inconsistent_stats: 0.

CodeHeap 'non-profiled nmethods': size=120000Kb used=13085Kb max_used=13085Kb free=106915Kb
 bounds [0x0000021716fa0000, 0x0000021717c70000, 0x000002171e4d0000]
CodeHeap 'profiled nmethods': size=120000Kb used=34792Kb max_used=34979Kb free=85207Kb
 bounds [0x000002170f4d0000, 0x0000021711710000, 0x0000021716a00000]
CodeHeap 'non-nmethods': size=5760Kb used=2562Kb max_used=2617Kb free=3197Kb
 bounds [0x0000021716a00000, 0x0000021716ca0000, 0x0000021716fa0000]
 total_blobs=18242 nmethods=17190 adapters=961
 compilation: enabled
              stopped_count=0, restarted_count=0
 full_count=0

Compilation events (20 events):
Event: 523.141 Thread 0x00000217255ab480 nmethod 20884 0x0000021717c65990 code [0x0000021717c65b40, 0x0000021717c665b8]
Event: 523.141 Thread 0x00000217255ab480 20889       4       com.sun.org.apache.xerces.internal.util.XMLChar::isNameStart (22 bytes)
Event: 523.142 Thread 0x00000217255ab480 nmethod 20889 0x0000021717c66b10 code [0x0000021717c66c80, 0x0000021717c66d38]
Event: 523.142 Thread 0x00000217255ab480 20882       4       com.android.aaptcompiler.StringPool::makeRefImpl (200 bytes)
Event: 523.174 Thread 0x00000217255cbf40 20893       1       org.slf4j.helpers.NOPLogger::isWarnEnabled (2 bytes)
Event: 523.175 Thread 0x00000217255cbf40 nmethod 20893 0x0000021717c66e10 code [0x0000021717c66fa0, 0x0000021717c67078]
Event: 523.175 Thread 0x00000217255cbf40 20894       3       org.gradle.internal.execution.steps.ValidationFinishedContext::<init> (11 bytes)
Event: 523.176 Thread 0x00000217255cbf40 nmethod 20894 0x00000217102e4490 code [0x00000217102e4700, 0x00000217102e54e8]
Event: 523.176 Thread 0x00000217255cbf40 20895       3       org.gradle.internal.execution.steps.BeforeExecutionContext::getInputProperties (25 bytes)
Event: 523.178 Thread 0x00000217255cbf40 nmethod 20895 0x00000217114b6110 code [0x00000217114b6400, 0x00000217114b7888]
Event: 523.178 Thread 0x00000217255cbf40 20896       3       org.gradle.internal.execution.steps.BeforeExecutionContext::getInputFileProperties (25 bytes)
Event: 523.179 Thread 0x00000217255cbf40 nmethod 20896 0x00000217115ab390 code [0x00000217115ab660, 0x00000217115ac9d8]
Event: 523.179 Thread 0x00000217255cbf40 20897       3       org.gradle.internal.execution.steps.BeforeExecutionContext$$Lambda$1779/0x0000021727a38000::<init> (10 bytes)
Event: 523.179 Thread 0x00000217255cbf40 nmethod 20897 0x00000217102e3f90 code [0x00000217102e4120, 0x00000217102e42d8]
Event: 523.180 Thread 0x00000217255cbf40 20898       3       org.gradle.internal.file.FileHierarchySet$PrefixFileSet::plus (31 bytes)
Event: 523.180 Thread 0x00000217255cbf40 nmethod 20898 0x000002171162ef90 code [0x000002171162f160, 0x000002171162f538]
Event: 523.224 Thread 0x00000217255cbf40 20899   !   3       java.nio.file.Files::isDirectory (43 bytes)
Event: 523.225 Thread 0x00000217255cbf40 nmethod 20899 0x00000217114b4f10 code [0x00000217114b5160, 0x00000217114b5be8]
Event: 523.226 Thread 0x00000217255cbf40 20900       1       org.gradle.api.internal.artifacts.ivyservice.ResolvedFileCollectionVisitor::getFailures (5 bytes)
Event: 523.226 Thread 0x00000217255cbf40 nmethod 20900 0x0000021717c67110 code [0x0000021717c672a0, 0x0000021717c67378]

GC Heap History (20 events):
Event: 37.200 GC heap before
{Heap before GC invocations=47 (full 0):
 garbage-first heap   total 165888K, used 137157K [0x0000000080000000, 0x0000000100000000)
  region size 1024K, 38 young (38912K), 1 survivors (1024K)
 Metaspace       used 86675K, committed 87616K, reserved 557056K
  class space    used 11898K, committed 12352K, reserved 425984K
}
Event: 37.204 GC heap after
{Heap after GC invocations=48 (full 0):
 garbage-first heap   total 165888K, used 101659K [0x0000000080000000, 0x0000000100000000)
  region size 1024K, 2 young (2048K), 2 survivors (2048K)
 Metaspace       used 86675K, committed 87616K, reserved 557056K
  class space    used 11898K, committed 12352K, reserved 425984K
}
Event: 38.217 GC heap before
{Heap before GC invocations=49 (full 0):
 garbage-first heap   total 179200K, used 137499K [0x0000000080000000, 0x0000000100000000)
  region size 1024K, 37 young (37888K), 2 survivors (2048K)
 Metaspace       used 89493K, committed 90432K, reserved 557056K
  class space    used 12278K, committed 12736K, reserved 425984K
}
Event: 38.223 GC heap after
{Heap after GC invocations=50 (full 0):
 garbage-first heap   total 179200K, used 102504K [0x0000000080000000, 0x0000000100000000)
  region size 1024K, 3 young (3072K), 3 survivors (3072K)
 Metaspace       used 89493K, committed 90432K, reserved 557056K
  class space    used 12278K, committed 12736K, reserved 425984K
}
Event: 38.366 GC heap before
{Heap before GC invocations=50 (full 0):
 garbage-first heap   total 179200K, used 107624K [0x0000000080000000, 0x0000000100000000)
  region size 1024K, 8 young (8192K), 3 survivors (3072K)
 Metaspace       used 89719K, committed 90688K, reserved 557056K
  class space    used 12313K, committed 12800K, reserved 425984K
}
Event: 38.372 GC heap after
{Heap after GC invocations=51 (full 0):
 garbage-first heap   total 179200K, used 102772K [0x0000000080000000, 0x0000000100000000)
  region size 1024K, 1 young (1024K), 1 survivors (1024K)
 Metaspace       used 89719K, committed 90688K, reserved 557056K
  class space    used 12313K, committed 12800K, reserved 425984K
}
Event: 39.274 GC heap before
{Heap before GC invocations=51 (full 0):
 garbage-first heap   total 179200K, used 149876K [0x0000000080000000, 0x0000000100000000)
  region size 1024K, 47 young (48128K), 1 survivors (1024K)
 Metaspace       used 90901K, committed 91840K, reserved 557056K
  class space    used 12508K, committed 12992K, reserved 425984K
}
Event: 39.286 GC heap after
{Heap after GC invocations=52 (full 0):
 garbage-first heap   total 358400K, used 106030K [0x0000000080000000, 0x0000000100000000)
  region size 1024K, 4 young (4096K), 4 survivors (4096K)
 Metaspace       used 90901K, committed 91840K, reserved 557056K
  class space    used 12508K, committed 12992K, reserved 425984K
}
Event: 44.485 GC heap before
{Heap before GC invocations=52 (full 0):
 garbage-first heap   total 358400K, used 293422K [0x0000000080000000, 0x0000000100000000)
  region size 1024K, 187 young (191488K), 4 survivors (4096K)
 Metaspace       used 103622K, committed 104640K, reserved 557056K
  class space    used 14354K, committed 14848K, reserved 425984K
}
Event: 44.505 GC heap after
{Heap after GC invocations=53 (full 0):
 garbage-first heap   total 358400K, used 113585K [0x0000000080000000, 0x0000000100000000)
  region size 1024K, 12 young (12288K), 12 survivors (12288K)
 Metaspace       used 103622K, committed 104640K, reserved 557056K
  class space    used 14354K, committed 14848K, reserved 425984K
}
Event: 49.609 GC heap before
{Heap before GC invocations=53 (full 0):
 garbage-first heap   total 358400K, used 297905K [0x0000000080000000, 0x0000000100000000)
  region size 1024K, 188 young (192512K), 12 survivors (12288K)
 Metaspace       used 111928K, committed 113024K, reserved 557056K
  class space    used 15282K, committed 15808K, reserved 425984K
}
Event: 49.644 GC heap after
{Heap after GC invocations=54 (full 0):
 garbage-first heap   total 358400K, used 127933K [0x0000000080000000, 0x0000000100000000)
  region size 1024K, 24 young (24576K), 24 survivors (24576K)
 Metaspace       used 111928K, committed 113024K, reserved 557056K
  class space    used 15282K, committed 15808K, reserved 425984K
}
Event: 53.358 GC heap before
{Heap before GC invocations=54 (full 0):
 garbage-first heap   total 358400K, used 288701K [0x0000000080000000, 0x0000000100000000)
  region size 1024K, 182 young (186368K), 24 survivors (24576K)
 Metaspace       used 115287K, committed 116416K, reserved 557056K
  class space    used 15708K, committed 16256K, reserved 425984K
}
Event: 53.431 GC heap after
{Heap after GC invocations=55 (full 0):
 garbage-first heap   total 358400K, used 137396K [0x0000000080000000, 0x0000000100000000)
  region size 1024K, 10 young (10240K), 10 survivors (10240K)
 Metaspace       used 115287K, committed 116416K, reserved 557056K
  class space    used 15708K, committed 16256K, reserved 425984K
}
Event: 467.119 GC heap before
{Heap before GC invocations=55 (full 0):
 garbage-first heap   total 358400K, used 292020K [0x0000000080000000, 0x0000000100000000)
  region size 1024K, 162 young (165888K), 10 survivors (10240K)
 Metaspace       used 124612K, committed 125824K, reserved 557056K
  class space    used 16768K, committed 17408K, reserved 425984K
}
Event: 467.143 GC heap after
{Heap after GC invocations=56 (full 0):
 garbage-first heap   total 358400K, used 140468K [0x0000000080000000, 0x0000000100000000)
  region size 1024K, 13 young (13312K), 13 survivors (13312K)
 Metaspace       used 124612K, committed 125824K, reserved 557056K
  class space    used 16768K, committed 17408K, reserved 425984K
}
Event: 502.847 GC heap before
{Heap before GC invocations=56 (full 0):
 garbage-first heap   total 358400K, used 296116K [0x0000000080000000, 0x0000000100000000)
  region size 1024K, 166 young (169984K), 13 survivors (13312K)
 Metaspace       used 125580K, committed 126912K, reserved 557056K
  class space    used 16823K, committed 17472K, reserved 425984K
}
Event: 502.866 GC heap after
{Heap after GC invocations=57 (full 0):
 garbage-first heap   total 358400K, used 142199K [0x0000000080000000, 0x0000000100000000)
  region size 1024K, 6 young (6144K), 6 survivors (6144K)
 Metaspace       used 125580K, committed 126912K, reserved 557056K
  class space    used 16823K, committed 17472K, reserved 425984K
}
Event: 512.237 GC heap before
{Heap before GC invocations=57 (full 0):
 garbage-first heap   total 358400K, used 300919K [0x0000000080000000, 0x0000000100000000)
  region size 1024K, 162 young (165888K), 6 survivors (6144K)
 Metaspace       used 128241K, committed 129664K, reserved 557056K
  class space    used 17084K, committed 17792K, reserved 425984K
}
Event: 512.295 GC heap after
{Heap after GC invocations=58 (full 0):
 garbage-first heap   total 358400K, used 163840K [0x0000000080000000, 0x0000000100000000)
  region size 1024K, 21 young (21504K), 21 survivors (21504K)
 Metaspace       used 128241K, committed 129664K, reserved 557056K
  class space    used 17084K, committed 17792K, reserved 425984K
}

Dll operation events (16 events):
Event: 0.010 Loaded shared library C:\Program Files\Microsoft\jdk-17.0.10.7-hotspot\bin\java.dll
Event: 0.032 Loaded shared library C:\Program Files\Microsoft\jdk-17.0.10.7-hotspot\bin\jsvml.dll
Event: 0.106 Loaded shared library C:\Program Files\Microsoft\jdk-17.0.10.7-hotspot\bin\zip.dll
Event: 0.110 Loaded shared library C:\Program Files\Microsoft\jdk-17.0.10.7-hotspot\bin\instrument.dll
Event: 0.115 Loaded shared library C:\Program Files\Microsoft\jdk-17.0.10.7-hotspot\bin\net.dll
Event: 0.117 Loaded shared library C:\Program Files\Microsoft\jdk-17.0.10.7-hotspot\bin\nio.dll
Event: 0.120 Loaded shared library C:\Program Files\Microsoft\jdk-17.0.10.7-hotspot\bin\zip.dll
Event: 0.646 Loaded shared library C:\Program Files\Microsoft\jdk-17.0.10.7-hotspot\bin\jimage.dll
Event: 1.194 Loaded shared library C:\Program Files\Microsoft\jdk-17.0.10.7-hotspot\bin\verify.dll
Event: 1.521 Loaded shared library C:\Users\PAVILION\.gradle\native\1def1411415f61bf3af743bc5b6707747c0891f09f0c88961ee8f79bc544acac\windows-amd64\native-platform.dll
Event: 1.542 Loaded shared library C:\Users\PAVILION\.gradle\native\0.2.7\x86_64-windows-gnu\gradle-fileevents.dll
Event: 3.784 Loaded shared library C:\Program Files\Microsoft\jdk-17.0.10.7-hotspot\bin\management.dll
Event: 3.798 Loaded shared library C:\Program Files\Microsoft\jdk-17.0.10.7-hotspot\bin\management_ext.dll
Event: 4.139 Loaded shared library C:\Program Files\Microsoft\jdk-17.0.10.7-hotspot\bin\extnet.dll
Event: 4.473 Loaded shared library C:\Program Files\Microsoft\jdk-17.0.10.7-hotspot\bin\sunmscapi.dll
Event: 56.111 Loaded shared library C:\Program Files\Microsoft\jdk-17.0.10.7-hotspot\bin\rmi.dll

Deoptimization events (20 events):
Event: 522.837 Thread 0x000002174f7b7dc0 Uncommon trap: trap_request=0xffffffc6 fr.pc=0x0000021717bdc090 relative=0x00000000000007d0
Event: 522.837 Thread 0x000002174f7b7dc0 Uncommon trap: reason=bimorphic_or_optimized_type_check action=maybe_recompile pc=0x0000021717bdc090 method=com.sun.org.apache.xerces.internal.dom.NamedNodeMapImpl.findNamePoint(Ljava/lang/String;I)I @ 54 c2
Event: 522.837 Thread 0x000002174f7b7dc0 DEOPT PACKING pc=0x0000021717bdc090 sp=0x000000842e7fe140
Event: 522.837 Thread 0x000002174f7b7dc0 DEOPT UNPACKING pc=0x0000021716a569a3 sp=0x000000842e7fe108 mode 2
Event: 522.837 Thread 0x000002174f7b7dc0 Uncommon trap: trap_request=0xffffff45 fr.pc=0x0000021717b60a50 relative=0x00000000000000b0
Event: 522.837 Thread 0x000002174f7b7dc0 Uncommon trap: reason=unstable_if action=reinterpret pc=0x0000021717b60a50 method=com.sun.org.apache.xerces.internal.dom.NodeImpl.needsSyncChildren()Z @ 6 c2
Event: 522.837 Thread 0x000002174f7b7dc0 DEOPT PACKING pc=0x0000021717b60a50 sp=0x000000842e7fe310
Event: 522.837 Thread 0x000002174f7b7dc0 DEOPT UNPACKING pc=0x0000021716a569a3 sp=0x000000842e7fe230 mode 2
Event: 522.883 Thread 0x000002174f7b7dc0 Uncommon trap: trap_request=0xffffffde fr.pc=0x0000021717b47d64 relative=0x00000000000004a4
Event: 522.883 Thread 0x000002174f7b7dc0 Uncommon trap: reason=class_check action=maybe_recompile pc=0x0000021717b47d64 method=com.sun.org.apache.xerces.internal.dom.NamedNodeMapImpl.findNamePoint(Ljava/lang/String;Ljava/lang/String;)I @ 45 c2
Event: 522.883 Thread 0x000002174f7b7dc0 DEOPT PACKING pc=0x0000021717b47d64 sp=0x000000842e7fe190
Event: 522.883 Thread 0x000002174f7b7dc0 DEOPT UNPACKING pc=0x0000021716a569a3 sp=0x000000842e7fe110 mode 2
Event: 522.884 Thread 0x000002174f7b7dc0 Uncommon trap: trap_request=0xffffffde fr.pc=0x0000021717b47d64 relative=0x00000000000004a4
Event: 522.884 Thread 0x000002174f7b7dc0 Uncommon trap: reason=class_check action=maybe_recompile pc=0x0000021717b47d64 method=com.sun.org.apache.xerces.internal.dom.NamedNodeMapImpl.findNamePoint(Ljava/lang/String;Ljava/lang/String;)I @ 45 c2
Event: 522.884 Thread 0x000002174f7b7dc0 DEOPT PACKING pc=0x0000021717b47d64 sp=0x000000842e7fe190
Event: 522.884 Thread 0x000002174f7b7dc0 DEOPT UNPACKING pc=0x0000021716a569a3 sp=0x000000842e7fe110 mode 2
Event: 522.884 Thread 0x000002174f7b7dc0 Uncommon trap: trap_request=0xffffffde fr.pc=0x0000021717b47d64 relative=0x00000000000004a4
Event: 522.884 Thread 0x000002174f7b7dc0 Uncommon trap: reason=class_check action=maybe_recompile pc=0x0000021717b47d64 method=com.sun.org.apache.xerces.internal.dom.NamedNodeMapImpl.findNamePoint(Ljava/lang/String;Ljava/lang/String;)I @ 45 c2
Event: 522.884 Thread 0x000002174f7b7dc0 DEOPT PACKING pc=0x0000021717b47d64 sp=0x000000842e7fe190
Event: 522.884 Thread 0x000002174f7b7dc0 DEOPT UNPACKING pc=0x0000021716a569a3 sp=0x000000842e7fe110 mode 2

Classes unloaded (0 events):
No events

Classes redefined (0 events):
No events

Internal exceptions (20 events):
Event: 522.159 Thread 0x0000021748b92b80 Exception <a 'sun/nio/fs/WindowsException'{0x000000008fd0a538}> (0x000000008fd0a538) 
thrown [s\src\hotspot\share\prims\jni.cpp, line 516]
Event: 522.160 Thread 0x0000021748b92b80 Exception <a 'sun/nio/fs/WindowsException'{0x000000008fd0b400}> (0x000000008fd0b400) 
thrown [s\src\hotspot\share\prims\jni.cpp, line 516]
Event: 522.160 Thread 0x0000021748b92b80 Exception <a 'sun/nio/fs/WindowsException'{0x000000008fd0b490}> (0x000000008fd0b490) 
thrown [s\src\hotspot\share\prims\jni.cpp, line 516]
Event: 522.160 Thread 0x0000021748b92b80 Exception <a 'sun/nio/fs/WindowsException'{0x000000008fd0b6f0}> (0x000000008fd0b6f0) 
thrown [s\src\hotspot\share\prims\jni.cpp, line 516]
Event: 522.509 Thread 0x0000021748b95400 Exception <a 'sun/nio/fs/WindowsException'{0x000000008f56ece0}> (0x000000008f56ece0) 
thrown [s\src\hotspot\share\prims\jni.cpp, line 516]
Event: 522.509 Thread 0x0000021748b95400 Exception <a 'sun/nio/fs/WindowsException'{0x000000008f56fe48}> (0x000000008f56fe48) 
thrown [s\src\hotspot\share\prims\jni.cpp, line 516]
Event: 522.509 Thread 0x0000021748b95400 Exception <a 'sun/nio/fs/WindowsException'{0x000000008f56fed8}> (0x000000008f56fed8) 
thrown [s\src\hotspot\share\prims\jni.cpp, line 516]
Event: 522.509 Thread 0x0000021748b95400 Exception <a 'sun/nio/fs/WindowsException'{0x000000008f570130}> (0x000000008f570130) 
thrown [s\src\hotspot\share\prims\jni.cpp, line 516]
Event: 523.224 Thread 0x0000021748b95400 Exception <a 'sun/nio/fs/WindowsException'{0x000000008ebf5a98}> (0x000000008ebf5a98) 
thrown [s\src\hotspot\share\prims\jni.cpp, line 516]
Event: 523.224 Thread 0x0000021748b95400 Exception <a 'sun/nio/fs/WindowsException'{0x000000008ebf6c48}> (0x000000008ebf6c48) 
thrown [s\src\hotspot\share\prims\jni.cpp, line 516]
Event: 523.224 Thread 0x0000021748b95400 Exception <a 'sun/nio/fs/WindowsException'{0x000000008ebf6cd8}> (0x000000008ebf6cd8) 
thrown [s\src\hotspot\share\prims\jni.cpp, line 516]
Event: 523.224 Thread 0x0000021748b95400 Exception <a 'sun/nio/fs/WindowsException'{0x000000008ebf6f98}> (0x000000008ebf6f98) 
thrown [s\src\hotspot\share\prims\jni.cpp, line 516]
Event: 523.224 Thread 0x0000021748b95400 Exception <a 'sun/nio/fs/WindowsException'{0x000000008ebf9350}> (0x000000008ebf9350) 
thrown [s\src\hotspot\share\prims\jni.cpp, line 516]
Event: 523.224 Thread 0x0000021748b95400 Exception <a 'sun/nio/fs/WindowsException'{0x000000008ebfa4c8}> (0x000000008ebfa4c8) 
thrown [s\src\hotspot\share\prims\jni.cpp, line 516]
Event: 523.224 Thread 0x0000021748b95400 Exception <a 'sun/nio/fs/WindowsException'{0x000000008ebfa558}> (0x000000008ebfa558) 
thrown [s\src\hotspot\share\prims\jni.cpp, line 516]
Event: 523.224 Thread 0x0000021748b95400 Exception <a 'sun/nio/fs/WindowsException'{0x000000008ebfa7c8}> (0x000000008ebfa7c8) 
thrown [s\src\hotspot\share\prims\jni.cpp, line 516]
Event: 523.225 Thread 0x0000021748b95400 Exception <a 'sun/nio/fs/WindowsException'{0x000000008ebfcd28}> (0x000000008ebfcd28) 
thrown [s\src\hotspot\share\prims\jni.cpp, line 516]
Event: 523.225 Thread 0x0000021748b95400 Exception <a 'sun/nio/fs/WindowsException'{0x000000008ebfde58}> (0x000000008ebfde58) 
thrown [s\src\hotspot\share\prims\jni.cpp, line 516]
Event: 523.225 Thread 0x0000021748b95400 Exception <a 'sun/nio/fs/WindowsException'{0x000000008ebfdee8}> (0x000000008ebfdee8) 
thrown [s\src\hotspot\share\prims\jni.cpp, line 516]
Event: 523.225 Thread 0x0000021748b95400 Exception <a 'sun/nio/fs/WindowsException'{0x000000008ebfe0e8}> (0x000000008ebfe0e8) 
thrown [s\src\hotspot\share\prims\jni.cpp, line 516]

VM Operations (20 events):
Event: 520.011 Executing VM operation: HandshakeAllThreads
Event: 520.012 Executing VM operation: HandshakeAllThreads done
Event: 520.094 Executing VM operation: HandshakeAllThreads
Event: 520.094 Executing VM operation: HandshakeAllThreads done
Event: 520.150 Executing VM operation: HandshakeAllThreads
Event: 520.214 Executing VM operation: HandshakeAllThreads done
Event: 521.216 Executing VM operation: Cleanup
Event: 521.242 Executing VM operation: Cleanup done
Event: 522.242 Executing VM operation: Cleanup
Event: 522.281 Executing VM operation: Cleanup done
Event: 522.723 Executing VM operation: HandshakeAllThreads
Event: 522.723 Executing VM operation: HandshakeAllThreads done
Event: 522.814 Executing VM operation: HandshakeAllThreads
Event: 522.814 Executing VM operation: HandshakeAllThreads done
Event: 522.818 Executing VM operation: HandshakeAllThreads
Event: 522.818 Executing VM operation: HandshakeAllThreads done
Event: 522.828 Executing VM operation: HandshakeAllThreads
Event: 522.829 Executing VM operation: HandshakeAllThreads done
Event: 522.834 Executing VM operation: HandshakeAllThreads
Event: 522.834 Executing VM operation: HandshakeAllThreads done

Events (20 events):
Event: 522.726 loading class sun/net/ProgressMonitor
Event: 522.727 loading class sun/net/ProgressMonitor done
Event: 522.727 loading class sun/net/DefaultProgressMeteringPolicy
Event: 522.728 loading class sun/net/ProgressMeteringPolicy
Event: 522.728 loading class sun/net/ProgressMeteringPolicy done
Event: 522.728 loading class sun/net/DefaultProgressMeteringPolicy done
Event: 522.809 loading class com/sun/org/apache/xerces/internal/dom/DeferredDocumentImpl
Event: 522.810 loading class com/sun/org/apache/xerces/internal/dom/DeferredNode
Event: 522.810 loading class com/sun/org/apache/xerces/internal/dom/DeferredNode done
Event: 522.811 loading class com/sun/org/apache/xerces/internal/dom/DeferredDocumentImpl done
Event: 522.822 loading class com/sun/org/apache/xerces/internal/dom/DeferredDocumentImpl$RefCount
Event: 522.822 loading class com/sun/org/apache/xerces/internal/dom/DeferredDocumentImpl$RefCount done
Event: 522.825 loading class com/sun/org/apache/xerces/internal/dom/DeferredElementImpl
Event: 522.825 loading class com/sun/org/apache/xerces/internal/dom/DeferredElementImpl done
Event: 522.829 loading class com/sun/org/apache/xerces/internal/dom/DeferredCommentImpl
Event: 522.829 loading class com/sun/org/apache/xerces/internal/dom/DeferredCommentImpl done
Event: 522.829 loading class com/sun/org/apache/xerces/internal/dom/DeferredAttrImpl
Event: 522.829 loading class com/sun/org/apache/xerces/internal/dom/DeferredAttrImpl done
Event: 522.837 loading class com/sun/org/apache/xerces/internal/dom/DeferredTextImpl
Event: 522.837 loading class com/sun/org/apache/xerces/internal/dom/DeferredTextImpl done


Dynamic libraries:
0x00007ff7179b0000 - 0x00007ff7179be000 	C:\Program Files\Microsoft\jdk-17.0.10.7-hotspot\bin\java.exe
0x00007ffcd13c0000 - 0x00007ffcd15c9000 	C:\Windows\SYSTEM32\ntdll.dll
0x00007ffccf4b0000 - 0x00007ffccf56e000 	C:\Windows\System32\KERNEL32.DLL
0x00007ffccede0000 - 0x00007ffccf164000 	C:\Windows\System32\KERNELBASE.dll
0x00007ffcce850000 - 0x00007ffcce961000 	C:\Windows\System32\ucrtbase.dll
0x00007ffcacfd0000 - 0x00007ffcacfe7000 	C:\Program Files\Microsoft\jdk-17.0.10.7-hotspot\bin\jli.dll
0x00007ffcac340000 - 0x00007ffcac35b000 	C:\Program Files\Microsoft\jdk-17.0.10.7-hotspot\bin\VCRUNTIME140.dll
0x00007ffcd0d20000 - 0x00007ffcd0ecd000 	C:\Windows\System32\USER32.dll
0x00007ffcb25f0000 - 0x00007ffcb2895000 	C:\Windows\WinSxS\amd64_microsoft.windows.common-controls_6595b64144ccf1df_6.0.22000.120_none_9d947278b86cc467\COMCTL32.dll
0x00007ffccf170000 - 0x00007ffccf196000 	C:\Windows\System32\win32u.dll
0x00007ffcd1060000 - 0x00007ffcd1103000 	C:\Windows\System32\msvcrt.dll
0x00007ffccf8f0000 - 0x00007ffccf91a000 	C:\Windows\System32\GDI32.dll
0x00007ffcce9f0000 - 0x00007ffcceb0f000 	C:\Windows\System32\gdi32full.dll
0x00007ffcceb10000 - 0x00007ffccebad000 	C:\Windows\System32\msvcp_win.dll
0x00007ffccfa10000 - 0x00007ffccfa41000 	C:\Windows\System32\IMM32.DLL
0x00007ffcc93b0000 - 0x00007ffcc93bc000 	C:\Program Files\Microsoft\jdk-17.0.10.7-hotspot\bin\vcruntime140_1.dll
0x00007ffc88720000 - 0x00007ffc887ad000 	C:\Program Files\Microsoft\jdk-17.0.10.7-hotspot\bin\msvcp140.dll
0x00007ffc7c840000 - 0x00007ffc7d4a5000 	C:\Program Files\Microsoft\jdk-17.0.10.7-hotspot\bin\server\jvm.dll
0x00007ffcd12d0000 - 0x00007ffcd137f000 	C:\Windows\System32\ADVAPI32.dll
0x00007ffcd1230000 - 0x00007ffcd12ce000 	C:\Windows\System32\sechost.dll
0x00007ffccf210000 - 0x00007ffccf331000 	C:\Windows\System32\RPCRT4.dll
0x00007ffccd1a0000 - 0x00007ffccd1ed000 	C:\Windows\SYSTEM32\POWRPROF.dll
0x00007ffcc8520000 - 0x00007ffcc8529000 	C:\Windows\SYSTEM32\WSOCK32.dll
0x00007ffccf440000 - 0x00007ffccf4af000 	C:\Windows\System32\WS2_32.dll
0x00007ffcc8bf0000 - 0x00007ffcc8c23000 	C:\Windows\SYSTEM32\WINMM.dll
0x00007ffcc6d30000 - 0x00007ffcc6d3a000 	C:\Windows\SYSTEM32\VERSION.dll
0x00007ffccd290000 - 0x00007ffccd2a3000 	C:\Windows\SYSTEM32\UMPDC.dll
0x00007ffccd9a0000 - 0x00007ffccd9b8000 	C:\Windows\SYSTEM32\kernel.appcore.dll
0x00007ffcc7e80000 - 0x00007ffcc7e8a000 	C:\Program Files\Microsoft\jdk-17.0.10.7-hotspot\bin\jimage.dll
0x00007ffccbd20000 - 0x00007ffccbf41000 	C:\Windows\SYSTEM32\DBGHELP.DLL
0x00007ffcac280000 - 0x00007ffcac2b1000 	C:\Windows\SYSTEM32\dbgcore.DLL
0x00007ffcce970000 - 0x00007ffcce9ef000 	C:\Windows\System32\bcryptPrimitives.dll
0x00007ffca98d0000 - 0x00007ffca98de000 	C:\Program Files\Microsoft\jdk-17.0.10.7-hotspot\bin\instrument.dll
0x00007ffcab110000 - 0x00007ffcab135000 	C:\Program Files\Microsoft\jdk-17.0.10.7-hotspot\bin\java.dll
0x00007ffc884a0000 - 0x00007ffc88577000 	C:\Program Files\Microsoft\jdk-17.0.10.7-hotspot\bin\jsvml.dll
0x00007ffccfcd0000 - 0x00007ffcd0495000 	C:\Windows\System32\SHELL32.dll
0x00007ffccc920000 - 0x00007ffccd184000 	C:\Windows\SYSTEM32\windows.storage.dll
0x00007ffccf570000 - 0x00007ffccf8e6000 	C:\Windows\System32\combase.dll
0x00007ffccc7b0000 - 0x00007ffccc917000 	C:\Windows\SYSTEM32\wintypes.dll
0x00007ffccf340000 - 0x00007ffccf42a000 	C:\Windows\System32\SHCORE.dll
0x00007ffcd0ee0000 - 0x00007ffcd0f3d000 	C:\Windows\System32\shlwapi.dll
0x00007ffcce780000 - 0x00007ffcce7a5000 	C:\Windows\SYSTEM32\profapi.dll
0x00007ffc96640000 - 0x00007ffc96658000 	C:\Program Files\Microsoft\jdk-17.0.10.7-hotspot\bin\zip.dll
0x00007ffca9f20000 - 0x00007ffca9f39000 	C:\Program Files\Microsoft\jdk-17.0.10.7-hotspot\bin\net.dll
0x00007ffcc9410000 - 0x00007ffcc9523000 	C:\Windows\SYSTEM32\WINHTTP.dll
0x00007ffccde50000 - 0x00007ffccdeb7000 	C:\Windows\system32\mswsock.dll
0x00007ffca9c70000 - 0x00007ffca9c86000 	C:\Program Files\Microsoft\jdk-17.0.10.7-hotspot\bin\nio.dll
0x00007ffcb4eb0000 - 0x00007ffcb4ec0000 	C:\Program Files\Microsoft\jdk-17.0.10.7-hotspot\bin\verify.dll
0x00007ffc8ce90000 - 0x00007ffc8ceb7000 	C:\Users\PAVILION\.gradle\native\1def1411415f61bf3af743bc5b6707747c0891f09f0c88961ee8f79bc544acac\windows-amd64\native-platform.dll
0x00007ffc7ab60000 - 0x00007ffc7abd8000 	C:\Users\PAVILION\.gradle\native\0.2.7\x86_64-windows-gnu\gradle-fileevents.dll
0x00007ffcab080000 - 0x00007ffcab089000 	C:\Program Files\Microsoft\jdk-17.0.10.7-hotspot\bin\management.dll
0x00007ffca9d80000 - 0x00007ffca9d8b000 	C:\Program Files\Microsoft\jdk-17.0.10.7-hotspot\bin\management_ext.dll
0x00007ffccf430000 - 0x00007ffccf438000 	C:\Windows\System32\PSAPI.DLL
0x00007ffccd440000 - 0x00007ffccd46d000 	C:\Windows\SYSTEM32\IPHLPAPI.DLL
0x00007ffcd0b90000 - 0x00007ffcd0b99000 	C:\Windows\System32\NSI.dll
0x00007ffcc9620000 - 0x00007ffcc9639000 	C:\Windows\SYSTEM32\dhcpcsvc6.DLL
0x00007ffcc9800000 - 0x00007ffcc981e000 	C:\Windows\SYSTEM32\dhcpcsvc.DLL
0x00007ffccd470000 - 0x00007ffccd557000 	C:\Windows\SYSTEM32\DNSAPI.dll
0x00007ffca9be0000 - 0x00007ffca9be9000 	C:\Program Files\Microsoft\jdk-17.0.10.7-hotspot\bin\extnet.dll
0x00007ffcce0a0000 - 0x00007ffcce0b8000 	C:\Windows\SYSTEM32\CRYPTSP.dll
0x00007ffccd900000 - 0x00007ffccd935000 	C:\Windows\system32\rsaenh.dll
0x00007ffccdf50000 - 0x00007ffccdf7c000 	C:\Windows\SYSTEM32\USERENV.dll
0x00007ffcce220000 - 0x00007ffcce247000 	C:\Windows\SYSTEM32\bcrypt.dll
0x00007ffcce0c0000 - 0x00007ffcce0cc000 	C:\Windows\SYSTEM32\CRYPTBASE.dll
0x00007ffca0650000 - 0x00007ffca065e000 	C:\Program Files\Microsoft\jdk-17.0.10.7-hotspot\bin\sunmscapi.dll
0x00007ffccec70000 - 0x00007ffccedda000 	C:\Windows\System32\CRYPT32.dll
0x00007ffcce1f0000 - 0x00007ffcce21a000 	C:\Windows\SYSTEM32\ncrypt.dll
0x00007ffcce1b0000 - 0x00007ffcce1e7000 	C:\Windows\SYSTEM32\NTASN1.dll
0x00007ffcb4550000 - 0x00007ffcb4558000 	C:\Windows\system32\wshunix.dll
0x00007ffc9dd60000 - 0x00007ffc9dd77000 	C:\Windows\system32\napinsp.dll
0x00007ffc9dd40000 - 0x00007ffc9dd5b000 	C:\Windows\system32\pnrpnsp.dll
0x00007ffc9dd20000 - 0x00007ffc9dd32000 	C:\Windows\System32\winrnr.dll
0x00007ffcc7eb0000 - 0x00007ffcc7ec5000 	C:\Windows\system32\wshbth.dll
0x00007ffc9dd00000 - 0x00007ffc9dd1f000 	C:\Windows\system32\nlansp_c.dll
0x0000000066890000 - 0x00000000668b6000 	C:\Program Files\Bonjour\mdnsNSP.dll
0x00007ffcbe170000 - 0x00007ffcbe17a000 	C:\Windows\System32\rasadhlp.dll
0x00007ffcc7600000 - 0x00007ffcc7682000 	C:\Windows\System32\fwpuclnt.dll
0x00007ffcac3f0000 - 0x00007ffcac3f7000 	C:\Program Files\Microsoft\jdk-17.0.10.7-hotspot\bin\rmi.dll
0x00007ffccd9c0000 - 0x00007ffccd9f4000 	C:\Windows\SYSTEM32\ntmarta.dll

dbghelp: loaded successfully - version: 4.0.5 - missing functions: none
symbol engine: initialized successfully - sym options: 0x614 - pdb path: .;C:\Program Files\Microsoft\jdk-17.0.10.7-hotspot\bin;C:\Windows\SYSTEM32;C:\Windows\WinSxS\amd64_microsoft.windows.common-controls_6595b64144ccf1df_6.0.22000.120_none_9d947278b86cc467;C:\Program Files\Microsoft\jdk-17.0.10.7-hotspot\bin\server;C:\Users\PAVILION\.gradle\native\1def1411415f61bf3af743bc5b6707747c0891f09f0c88961ee8f79bc544acac\windows-amd64;C:\Users\PAVILION\.gradle\native\0.2.7\x86_64-windows-gnu;C:\Program Files\Bonjour

VM Arguments:
jvm_args: --add-opens=java.base/java.lang=ALL-UNNAMED --add-opens=java.base/java.lang.invoke=ALL-UNNAMED --add-opens=java.base/java.util=ALL-UNNAMED --add-opens=java.prefs/java.util.prefs=ALL-UNNAMED --add-exports=jdk.compiler/com.sun.tools.javac.api=ALL-UNNAMED --add-exports=jdk.compiler/com.sun.tools.javac.util=ALL-UNNAMED --add-opens=java.base/java.util=ALL-UNNAMED --add-opens=java.prefs/java.util.prefs=ALL-UNNAMED --add-opens=java.base/java.nio.charset=ALL-UNNAMED --add-opens=java.base/java.net=ALL-UNNAMED --add-opens=java.base/java.util.concurrent.atomic=ALL-UNNAMED --add-opens=java.xml/javax.xml.namespace=ALL-UNNAMED -XX:MaxMetaspaceSize=512m -Xmx2048m -Dfile.encoding=windows-1252 -Duser.country=US -Duser.language=en -Duser.variant -javaagent:C:\Users\PAVILION\.gradle\wrapper\dists\gradle-8.13-bin\5xuhj0ry160q40clulazy9h7d\gradle-8.13\lib\agents\gradle-instrumentation-agent-8.13.jar 
java_command: org.gradle.launcher.daemon.bootstrap.GradleDaemon 8.13
java_class_path (initial): C:\Users\PAVILION\.gradle\wrapper\dists\gradle-8.13-bin\5xuhj0ry160q40clulazy9h7d\gradle-8.13\lib\gradle-daemon-main-8.13.jar
Launcher Type: SUN_STANDARD

[Global flags]
     intx CICompilerCount                          = 3                                         {product} {ergonomic}
   size_t CompressedClassSpaceSize                 = 436207616                                 {product} {ergonomic}
     uint ConcGCThreads                            = 1                                         {product} {ergonomic}
     uint G1ConcRefinementThreads                  = 4                                         {product} {ergonomic}
   size_t G1HeapRegionSize                         = 1048576                                   {product} {ergonomic}
    uintx GCDrainStackTargetSize                   = 64                                        {product} {ergonomic}
   size_t InitialHeapSize                          = 134217728                                 {product} {ergonomic}
   size_t MarkStackSize                            = 4194304                                   {product} {ergonomic}
   size_t MaxHeapSize                              = 2147483648                                {product} {command line}
   size_t MaxMetaspaceSize                         = 536870912                                 {product} {command line}
   size_t MaxNewSize                               = 1287651328                                {product} {ergonomic}
   size_t MinHeapDeltaBytes                        = 1048576                                   {product} {ergonomic}
   size_t MinHeapSize                              = 8388608                                   {product} {ergonomic}
    uintx NonNMethodCodeHeapSize                   = 5832780                                {pd product} {ergonomic}
    uintx NonProfiledCodeHeapSize                  = 122912730                              {pd product} {ergonomic}
    uintx ProfiledCodeHeapSize                     = 122912730                              {pd product} {ergonomic}
    uintx ReservedCodeCacheSize                    = 251658240                              {pd product} {ergonomic}
     bool SegmentedCodeCache                       = true                                      {product} {ergonomic}
   size_t SoftMaxHeapSize                          = 2147483648                             {manageable} {ergonomic}
     bool UseCompressedClassPointers               = true                           {product lp64_product} {ergonomic}
     bool UseCompressedOops                        = true                           {product lp64_product} {ergonomic}
     bool UseG1GC                                  = true                                      {product} {ergonomic}
     bool UseLargePagesIndividualAllocation        = false                                  {pd product} {ergonomic}

Logging:
Log output configuration:
 #0: stdout all=warning uptime,level,tags
 #1: stderr all=off uptime,level,tags

Environment Variables:
JAVA_HOME=C:\Program Files\Microsoft\jdk-17.0.10.7-hotspot\
CLASSPATH=D:\Dev space\Gemma showcase\SmartMoney\android\\gradle\wrapper\gradle-wrapper.jar
PATH=C:\Users\PAVILION\AppData\Local\Temp\yarn--1753855448470-0.6162704756686155;D:\Dev space\Gemma showcase\SmartMoney\node_modules\.bin;C:\Users\PAVILION\AppData\Local\Yarn\Data\link\node_modules\.bin;C:\Users\PAVILION\AppData\Local\Yarn\bin;C:\Program Files\libexec\lib\node_modules\npm\bin\node-gyp-bin;C:\Program Files\lib\node_modules\npm\bin\node-gyp-bin;C:\Program Files\nodejs\node_modules\npm\bin\node-gyp-bin;C:\Program Files\Microsoft\jdk-17.0.10.7-hotspot\bin;C:\Program Files\Common Files\Oracle\Java\javapath;C:\Program Files\Microsoft\jdk-11.0.20.8-hotspot\bin;C:\Program Files\Python311\Scripts\;C:\Program Files\Python311\;C:\Windows\system32;C:\Windows;C:\Windows\System32\Wbem;C:\Windows\System32\WindowsPowerShell\v1.0\;C:\Windows\System32\OpenSSH\;C:\Program Files\Git\cmd;C:\Program Files\dotnet\;C:\Program Files\Odoo 15.0e.20220315\python;C:\Program Files\Odoo 15.0e.20220315\PostgreSQL\bin;C:\Users\PAVILION\AppData\Roaming\npm;C:\Users\PAVILION\EspaceDev\Pro-Project\Logic Habit\Backend - Django\env\Scripts\celery;C:\EspaceDev\JobScraper\.env\Scripts;D:\Tools\android_sdk\platform-tools;C:\ProgramData\chocolatey\bin;C:\Users\PAVILION\Downloads\v1.1.11\coreybutler-nvm-windows-3f0dba1;C:\Users\PAVILION\AppData\Roaming\nvm;C:\Program Files\nodejs;E:\Program\Redis\;C:\Users\PAVILION\AppData\Local\Programs\Microsoft VS Code\bin;C:\Users\PAVILION\AppData\Roaming\npm;C:\Users\PAVILION\AppData\Roaming\nvm;C:\Program Files\nodejs;D:\Tools\android_sdk\platform-tools;D:\Tools\android_sdk\cmdline-tools\latest\bin;
USERNAME=PAVILION
OS=Windows_NT
PROCESSOR_IDENTIFIER=Intel64 Family 6 Model 142 Stepping 9, GenuineIntel
TMP=C:\Users\PAVILION\AppData\Local\Temp
TEMP=C:\Users\PAVILION\AppData\Local\Temp



Periodic native trim disabled


---------------  S Y S T E M  ---------------

OS:
 Windows 11 , 64 bit Build 22000 (10.0.22000.2124)
OS uptime: 0 days 7:35 hours

CPU: total 4 (initial active 4) (2 cores per cpu, 2 threads per core) family 6 model 142 stepping 9 microcode 0xde, cx8, cmov, fxsr, ht, mmx, 3dnowpref, sse, sse2, sse3, ssse3, sse4.1, sse4.2, popcnt, lzcnt, tsc, tscinvbit, avx, avx2, aes, erms, clmul, bmi1, bmi2, adx, fma, vzeroupper, clflush, clflushopt
Processor Information for all 4 processors :
  Max Mhz: 2904, Current Mhz: 2703, Mhz Limit: 2700

Memory: 4k page, system-wide physical 8077M (582M free)
TotalPageFile size 13078M (AvailPageFile size 9M)
current process WorkingSet (physical memory assigned to process): 700M, peak: 704M
current process commit charge ("private bytes"): 740M, peak: 745M

vm_info: OpenJDK 64-Bit Server VM (17.0.10+7-LTS) for windows-amd64 JRE (17.0.10+7-LTS), built on Jan 10 2024 19:47:12 by "MicrosoftCorporation" with MS VC++ 16.10 / 16.11 (VS2019)

END.
