#
# There is insufficient memory for the Java Runtime Environment to continue.
# Native memory allocation (malloc) failed to allocate 1184336 bytes for Chunk::new
# Possible reasons:
#   The system is out of physical RAM or swap space
#   The process is running with CompressedOops enabled, and the Java Heap may be blocking the growth of the native heap
# Possible solutions:
#   Reduce memory load on the system
#   Increase physical memory or swap space
#   Check if swap backing store is full
#   Decrease Java heap size (-Xmx/-Xms)
#   Decrease number of Java threads
#   Decrease Java thread stack sizes (-Xss)
#   Set larger code cache with -XX:ReservedCodeCacheSize=
#   JVM is running with Unscaled Compressed Oops mode in which the Java heap is
#     placed in the first 4GB address space. The Java Heap base address is the
#     maximum limit for the native heap growth. Please use -XX:HeapBaseMinAddress
#     to set the Java Heap base and to place the Java Heap above 4GB virtual address.
# This output file may be truncated or incomplete.
#
#  Out of Memory Error (arena.cpp:191), pid=16096, tid=14456
#
# JRE version: OpenJDK Runtime Environment Microsoft-8902769 (17.0.10+7) (build 17.0.10+7-LTS)
# Java VM: OpenJDK 64-Bit Server VM Microsoft-8902769 (17.0.10+7-LTS, mixed mode, sharing, tiered, compressed oops, compressed class ptrs, g1 gc, windows-amd64)
# No core dump will be written. Minidumps are not enabled by default on client versions of Windows
#

---------------  S U M M A R Y ------------

Command Line: --add-opens=java.base/java.lang=ALL-UNNAMED --add-opens=java.base/java.lang.invoke=ALL-UNNAMED --add-opens=java.base/java.util=ALL-UNNAMED --add-opens=java.prefs/java.util.prefs=ALL-UNNAMED --add-exports=jdk.compiler/com.sun.tools.javac.api=ALL-UNNAMED --add-exports=jdk.compiler/com.sun.tools.javac.util=ALL-UNNAMED --add-opens=java.base/java.util=ALL-UNNAMED --add-opens=java.prefs/java.util.prefs=ALL-UNNAMED --add-opens=java.base/java.nio.charset=ALL-UNNAMED --add-opens=java.base/java.net=ALL-UNNAMED --add-opens=java.base/java.util.concurrent.atomic=ALL-UNNAMED --add-opens=java.xml/javax.xml.namespace=ALL-UNNAMED -XX:MaxMetaspaceSize=512m -Xmx2048m -Dfile.encoding=windows-1252 -Duser.country=US -Duser.language=en -Duser.variant -javaagent:C:\Users\PAVILION\.gradle\wrapper\dists\gradle-8.13-bin\5xuhj0ry160q40clulazy9h7d\gradle-8.13\lib\agents\gradle-instrumentation-agent-8.13.jar org.gradle.launcher.daemon.bootstrap.GradleDaemon 8.13

Host: Intel(R) Core(TM) i7-7500U CPU @ 2.70GHz, 4 cores, 7G,  Windows 11 , 64 bit Build 22000 (10.0.22000.2124)
Time: Wed Jul 30 09:48:35 2025 Egypt Daylight Time elapsed time: 1947.926077 seconds (0d 0h 32m 27s)

---------------  T H R E A D  ---------------

Current thread (0x00000224841a0f30):  JavaThread "C2 CompilerThread0" daemon [_thread_in_native, id=14456, stack(0x000000bf3e000000,0x000000bf3e100000)]


Current CompileTask:
C2:1947926 32594   !   4       java.net.URLClassLoader$1::run (81 bytes)

Stack: [0x000000bf3e000000,0x000000bf3e100000]
Native frames: (J=compiled Java code, j=interpreted, Vv=VM code, C=native code)
V  [jvm.dll+0x67f829]
V  [jvm.dll+0x83750a]
V  [jvm.dll+0x838fce]
V  [jvm.dll+0x839633]
V  [jvm.dll+0x247cbf]
V  [jvm.dll+0xac524]
V  [jvm.dll+0xacb6c]
V  [jvm.dll+0x2af70f]
V  [jvm.dll+0x587077]
V  [jvm.dll+0x222d32]
V  [jvm.dll+0x22311f]
V  [jvm.dll+0x21c1dc]
V  [jvm.dll+0x219711]
V  [jvm.dll+0x1a5176]
V  [jvm.dll+0x22957e]
V  [jvm.dll+0x22774c]
V  [jvm.dll+0x7ec5d7]
V  [jvm.dll+0x7e69da]
V  [jvm.dll+0x67e715]
C  [ucrtbase.dll+0x26c0c]
C  [KERNEL32.DLL+0x155a0]
C  [ntdll.dll+0x485b]


---------------  P R O C E S S  ---------------

Threads class SMR info:
_java_thread_list=0x00000224b195ead0, length=94, elements={
0x00000224e63c1e20, 0x0000022484179c80, 0x000002248417a640, 0x00000224841937e0,
0x00000224841960c0, 0x0000022484196a80, 0x000002248419f450, 0x00000224841a0f30,
0x00000224841f4460, 0x00000224841fe670, 0x00000224843b8560, 0x00000224843b6c10,
0x00000224843b8a70, 0x00000224843b7630, 0x00000224843b5ce0, 0x00000224a50f7b70,
0x00000224a50f7150, 0x00000224a50f7660, 0x00000224a50f6c40, 0x00000224a50f9ee0,
0x00000224a50f8590, 0x00000224a50f2f80, 0x00000224a8876b70, 0x00000224a46be930,
0x00000224a46c1bd0, 0x00000224a46ac3d0, 0x00000224a46b0ab0, 0x00000224aaa0e460,
0x00000224a8877590, 0x00000224a88784c0, 0x00000224a46bf860, 0x00000224a50f3eb0,
0x00000224843b8f80, 0x00000224a6724a90, 0x00000224a50f94c0, 0x00000224a50f39a0,
0x00000224a46b05a0, 0x00000224a8875730, 0x00000224a6724070, 0x00000224a67263e0,
0x00000224a6724fa0, 0x00000224a67259c0, 0x00000224a67254b0, 0x00000224a6725ed0,
0x00000224a67268f0, 0x00000224a7293e30, 0x00000224a7295270, 0x00000224a72924e0,
0x00000224a72910a0, 0x00000224a7293410, 0x00000224a7293920, 0x00000224a7291fd0,
0x00000224a7294340, 0x00000224a72966b0, 0x00000224a72929f0, 0x00000224a7294d60,
0x00000224a7295c90, 0x00000224a72961a0, 0x00000224a72975e0, 0x00000224a7297af0,
0x00000224a7298000, 0x00000224a7298510, 0x00000224a7298a20, 0x00000224a72915b0,
0x00000224a7291ac0, 0x00000224a46bda00, 0x00000224a46c0790, 0x00000224a46bc5c0,
0x00000224a46bd4f0, 0x00000224a46bfd70, 0x00000224a46be420, 0x00000224a46bac70,
0x00000224a46bb690, 0x00000224a46bee40, 0x00000224a46bbba0, 0x00000224a46c25f0,
0x00000224a46bf350, 0x00000224a46c20e0, 0x00000224a46c0280, 0x00000224a46c0ca0,
0x00000224a46bc0b0, 0x00000224a46c16c0, 0x00000224a8875220, 0x00000224a8879e10,
0x00000224a8873de0, 0x00000224a8875c40, 0x00000224a88793f0, 0x00000224a8876150,
0x00000224a8877aa0, 0x00000224a8872eb0, 0x00000224a887a830, 0x00000224a88742f0,
0x00000224a8874d10, 0x00000224af6c0040
}

Java Threads: ( => current thread )
  0x00000224e63c1e20 JavaThread "main" [_thread_blocked, id=14376, stack(0x000000bf3d200000,0x000000bf3d300000)]
  0x0000022484179c80 JavaThread "Reference Handler" daemon [_thread_blocked, id=7272, stack(0x000000bf3da00000,0x000000bf3db00000)]
  0x000002248417a640 JavaThread "Finalizer" daemon [_thread_blocked, id=12828, stack(0x000000bf3db00000,0x000000bf3dc00000)]
  0x00000224841937e0 JavaThread "Signal Dispatcher" daemon [_thread_blocked, id=4144, stack(0x000000bf3dc00000,0x000000bf3dd00000)]
  0x00000224841960c0 JavaThread "Attach Listener" daemon [_thread_blocked, id=15400, stack(0x000000bf3dd00000,0x000000bf3de00000)]
  0x0000022484196a80 JavaThread "Service Thread" daemon [_thread_blocked, id=11056, stack(0x000000bf3de00000,0x000000bf3df00000)]
  0x000002248419f450 JavaThread "Monitor Deflation Thread" daemon [_thread_blocked, id=19104, stack(0x000000bf3df00000,0x000000bf3e000000)]
=>0x00000224841a0f30 JavaThread "C2 CompilerThread0" daemon [_thread_in_native, id=14456, stack(0x000000bf3e000000,0x000000bf3e100000)]
  0x00000224841f4460 JavaThread "C1 CompilerThread0" daemon [_thread_blocked, id=476, stack(0x000000bf3e100000,0x000000bf3e200000)]
  0x00000224841fe670 JavaThread "Sweeper thread" daemon [_thread_blocked, id=1996, stack(0x000000bf3e200000,0x000000bf3e300000)]
  0x00000224843b8560 JavaThread "Common-Cleaner" daemon [_thread_blocked, id=18636, stack(0x000000bf3e300000,0x000000bf3e400000)]
  0x00000224843b6c10 JavaThread "Notification Thread" daemon [_thread_blocked, id=280, stack(0x000000bf3e400000,0x000000bf3e500000)]
  0x00000224843b8a70 JavaThread "Daemon health stats" [_thread_blocked, id=9176, stack(0x000000bf3eb00000,0x000000bf3ec00000)]
  0x00000224843b7630 JavaThread "Incoming local TCP Connector on port 59611" [_thread_in_native, id=16308, stack(0x000000bf3ec00000,0x000000bf3ed00000)]
  0x00000224843b5ce0 JavaThread "Daemon periodic checks" [_thread_blocked, id=960, stack(0x000000bf3ed00000,0x000000bf3ee00000)]
  0x00000224a50f7b70 JavaThread "Cache worker for journal cache (C:\Users\PAVILION\.gradle\caches\journal-1)" [_thread_blocked, id=8424, stack(0x000000bf3f500000,0x000000bf3f600000)]
  0x00000224a50f7150 JavaThread "File lock request listener" [_thread_in_native, id=1096, stack(0x000000bf3f600000,0x000000bf3f700000)]
  0x00000224a50f7660 JavaThread "Cache worker for file hash cache (C:\Users\PAVILION\.gradle\caches\8.13\fileHashes)" [_thread_blocked, id=5736, stack(0x000000bf3f700000,0x000000bf3f800000)]
  0x00000224a50f6c40 JavaThread "File watcher server" daemon [_thread_in_native, id=18624, stack(0x000000bf3f300000,0x000000bf3f400000)]
  0x00000224a50f9ee0 JavaThread "File watcher consumer" daemon [_thread_blocked, id=13840, stack(0x000000bf3fa00000,0x000000bf3fb00000)]
  0x00000224a50f8590 JavaThread "jar transforms" [_thread_blocked, id=13472, stack(0x000000bf3fd00000,0x000000bf3fe00000)]
  0x00000224a50f2f80 JavaThread "Cache worker for file content cache (C:\Users\PAVILION\.gradle\caches\8.13\fileContent)" [_thread_blocked, id=15608, stack(0x000000bf3ff00000,0x000000bf40000000)]
  0x00000224a8876b70 JavaThread "Memory manager" [_thread_blocked, id=1448, stack(0x000000bf41300000,0x000000bf41400000)]
  0x00000224a46be930 JavaThread "jar transforms Thread 2" [_thread_blocked, id=18704, stack(0x000000bf43500000,0x000000bf43600000)]
  0x00000224a46c1bd0 JavaThread "jar transforms Thread 3" [_thread_blocked, id=10380, stack(0x000000bf43600000,0x000000bf43700000)]
  0x00000224a46ac3d0 JavaThread "jar transforms Thread 4" [_thread_blocked, id=2580, stack(0x000000bf43a00000,0x000000bf43b00000)]
  0x00000224a46b0ab0 JavaThread "pool-3-thread-1" [_thread_blocked, id=6884, stack(0x000000bf43e00000,0x000000bf43f00000)]
  0x00000224aaa0e460 JavaThread "RMI Scheduler(0)" daemon [_thread_blocked, id=5636, stack(0x000000bf3d300000,0x000000bf3d400000)]
  0x00000224a8877590 JavaThread "RMI GC Daemon" daemon [_thread_blocked, id=15884, stack(0x000000bf41700000,0x000000bf41800000)]
  0x00000224a88784c0 JavaThread "RMI TCP Accept-0" daemon [_thread_in_native, id=16392, stack(0x000000bf41800000,0x000000bf41900000)]
  0x00000224a46bf860 JavaThread "RMI Reaper" [_thread_blocked, id=15364, stack(0x000000bf41900000,0x000000bf41a00000)]
  0x00000224a50f3eb0 JavaThread "pool-7-thread-1" [_thread_blocked, id=17632, stack(0x000000bf43200000,0x000000bf43300000)]
  0x00000224843b8f80 JavaThread "pool-10-thread-1" [_thread_blocked, id=1704, stack(0x000000bf43700000,0x000000bf43800000)]
  0x00000224a6724a90 JavaThread "pool-13-thread-1" [_thread_blocked, id=18896, stack(0x000000bf42300000,0x000000bf42400000)]
  0x00000224a50f94c0 JavaThread "pool-16-thread-1" [_thread_blocked, id=14300, stack(0x000000bf43c00000,0x000000bf43d00000)]
  0x00000224a50f39a0 JavaThread "pool-19-thread-1" [_thread_blocked, id=7264, stack(0x000000bf43d00000,0x000000bf43e00000)]
  0x00000224a46b05a0 JavaThread "pool-22-thread-1" [_thread_blocked, id=16996, stack(0x000000bf43f00000,0x000000bf44000000)]
  0x00000224a8875730 JavaThread "pool-26-thread-1" [_thread_blocked, id=9408, stack(0x000000bf43900000,0x000000bf43a00000)]
  0x00000224a6724070 JavaThread "Daemon Thread 3" [_thread_blocked, id=18396, stack(0x000000bf3d000000,0x000000bf3d100000)]
  0x00000224a67263e0 JavaThread "Handler for socket connection from /127.0.0.1:59611 to /127.0.0.1:62172" [_thread_in_native, id=16612, stack(0x000000bf3d100000,0x000000bf3d200000)]
  0x00000224a6724fa0 JavaThread "Cancel handler" [_thread_blocked, id=6364, stack(0x000000bf3e600000,0x000000bf3e700000)]
  0x00000224a67259c0 JavaThread "Daemon worker Thread 3" [_thread_in_Java, id=17484, stack(0x000000bf3ee00000,0x000000bf3ef00000)]
  0x00000224a67254b0 JavaThread "Asynchronous log dispatcher for DefaultDaemonConnection: socket connection from /127.0.0.1:59611 to /127.0.0.1:62172" [_thread_blocked, id=7040, stack(0x000000bf3ef00000,0x000000bf3f000000)]
  0x00000224a6725ed0 JavaThread "Stdin handler" [_thread_blocked, id=16300, stack(0x000000bf3f000000,0x000000bf3f100000)]
  0x00000224a67268f0 JavaThread "Daemon client event forwarder" [_thread_blocked, id=2932, stack(0x000000bf3f100000,0x000000bf3f200000)]
  0x00000224a7293e30 JavaThread "Cache worker for file hash cache (D:\Dev space\Gemma showcase\SmartMoney\android\.gradle\8.13\fileHashes)" [_thread_blocked, id=18876, stack(0x000000bf3f200000,0x000000bf3f300000)]
  0x00000224a7295270 JavaThread "Cache worker for Build Output Cleanup Cache (D:\Dev space\Gemma showcase\SmartMoney\android\.gradle\buildOutputCleanup)" [_thread_blocked, id=7204, stack(0x000000bf3f400000,0x000000bf3f500000)]
  0x00000224a72924e0 JavaThread "Cache worker for checksums cache (D:\Dev space\Gemma showcase\SmartMoney\android\.gradle\8.13\checksums)" [_thread_blocked, id=17712, stack(0x000000bf3f800000,0x000000bf3f900000)]
  0x00000224a72910a0 JavaThread "Cache worker for cache directory md-supplier (C:\Users\PAVILION\.gradle\caches\8.13\md-supplier)" [_thread_blocked, id=8024, stack(0x000000bf3f900000,0x000000bf3fa00000)]
  0x00000224a7293410 JavaThread "Cache worker for cache directory md-rule (C:\Users\PAVILION\.gradle\caches\8.13\md-rule)" [_thread_blocked, id=14936, stack(0x000000bf3fb00000,0x000000bf3fc00000)]
  0x00000224a7293920 JavaThread "Cache worker for Build Output Cleanup Cache (D:\Dev space\Gemma showcase\SmartMoney\node_modules\@react-native\gradle-plugin\.gradle\buildOutputCleanup)" [_thread_blocked, id=7120, stack(0x000000bf3fe00000,0x000000bf3ff00000)]
  0x00000224a7291fd0 JavaThread "Unconstrained build operations" [_thread_blocked, id=1656, stack(0x000000bf40000000,0x000000bf40100000)]
  0x00000224a7294340 JavaThread "Unconstrained build operations Thread 2" [_thread_blocked, id=18256, stack(0x000000bf40100000,0x000000bf40200000)]
  0x00000224a72966b0 JavaThread "Unconstrained build operations Thread 3" [_thread_blocked, id=15284, stack(0x000000bf40200000,0x000000bf40300000)]
  0x00000224a72929f0 JavaThread "Unconstrained build operations Thread 4" [_thread_blocked, id=18500, stack(0x000000bf40300000,0x000000bf40400000)]
  0x00000224a7294d60 JavaThread "Unconstrained build operations Thread 5" [_thread_blocked, id=17100, stack(0x000000bf40400000,0x000000bf40500000)]
  0x00000224a7295c90 JavaThread "Unconstrained build operations Thread 6" [_thread_blocked, id=16400, stack(0x000000bf40500000,0x000000bf40600000)]
  0x00000224a72961a0 JavaThread "Unconstrained build operations Thread 7" [_thread_blocked, id=12516, stack(0x000000bf40600000,0x000000bf40700000)]
  0x00000224a72975e0 JavaThread "Unconstrained build operations Thread 8" [_thread_blocked, id=17680, stack(0x000000bf40700000,0x000000bf40800000)]
  0x00000224a7297af0 JavaThread "Unconstrained build operations Thread 9" [_thread_blocked, id=2720, stack(0x000000bf40800000,0x000000bf40900000)]
  0x00000224a7298000 JavaThread "Unconstrained build operations Thread 10" [_thread_blocked, id=4060, stack(0x000000bf40900000,0x000000bf40a00000)]
  0x00000224a7298510 JavaThread "build event listener" [_thread_blocked, id=18448, stack(0x000000bf40a00000,0x000000bf40b00000)]
  0x00000224a7298a20 JavaThread "ForkJoinPool.commonPool-worker-7" daemon [_thread_blocked, id=8264, stack(0x000000bf40c00000,0x000000bf40d00000)]
  0x00000224a72915b0 JavaThread "ForkJoinPool.commonPool-worker-8" daemon [_thread_blocked, id=18048, stack(0x000000bf40d00000,0x000000bf40e00000)]
  0x00000224a7291ac0 JavaThread "ForkJoinPool.commonPool-worker-9" daemon [_thread_blocked, id=17448, stack(0x000000bf40e00000,0x000000bf40f00000)]
  0x00000224a46bda00 JavaThread "included builds" [_thread_blocked, id=16664, stack(0x000000bf40f00000,0x000000bf41000000)]
  0x00000224a46c0790 JavaThread "Execution worker" [_thread_blocked, id=14524, stack(0x000000bf41000000,0x000000bf41100000)]
  0x00000224a46bc5c0 JavaThread "Execution worker Thread 2" [_thread_blocked, id=4584, stack(0x000000bf41100000,0x000000bf41200000)]
  0x00000224a46bd4f0 JavaThread "Execution worker Thread 3" [_thread_blocked, id=4256, stack(0x000000bf41200000,0x000000bf41300000)]
  0x00000224a46bfd70 JavaThread "Cache worker for execution history cache (D:\Dev space\Gemma showcase\SmartMoney\node_modules\@react-native\gradle-plugin\.gradle\8.13\executionHistory)" [_thread_blocked, id=17264, stack(0x000000bf41400000,0x000000bf41500000)]
  0x00000224a46be420 JavaThread "Unconstrained build operations Thread 11" [_thread_blocked, id=10628, stack(0x000000bf41500000,0x000000bf41600000)]
  0x00000224a46bac70 JavaThread "Unconstrained build operations Thread 12" [_thread_blocked, id=14312, stack(0x000000bf41600000,0x000000bf41700000)]
  0x00000224a46bb690 JavaThread "Unconstrained build operations Thread 13" [_thread_blocked, id=2964, stack(0x000000bf41a00000,0x000000bf41b00000)]
  0x00000224a46bee40 JavaThread "Unconstrained build operations Thread 14" [_thread_blocked, id=14872, stack(0x000000bf41b00000,0x000000bf41c00000)]
  0x00000224a46bbba0 JavaThread "Unconstrained build operations Thread 15" [_thread_blocked, id=13704, stack(0x000000bf41c00000,0x000000bf41d00000)]
  0x00000224a46c25f0 JavaThread "Unconstrained build operations Thread 16" [_thread_blocked, id=15356, stack(0x000000bf41d00000,0x000000bf41e00000)]
  0x00000224a46bf350 JavaThread "Unconstrained build operations Thread 17" [_thread_blocked, id=17476, stack(0x000000bf41e00000,0x000000bf41f00000)]
  0x00000224a46c20e0 JavaThread "Unconstrained build operations Thread 18" [_thread_blocked, id=14928, stack(0x000000bf41f00000,0x000000bf42000000)]
  0x00000224a46c0280 JavaThread "Unconstrained build operations Thread 19" [_thread_blocked, id=9640, stack(0x000000bf42000000,0x000000bf42100000)]
  0x00000224a46c0ca0 JavaThread "Unconstrained build operations Thread 20" [_thread_blocked, id=2140, stack(0x000000bf42100000,0x000000bf42200000)]
  0x00000224a46bc0b0 JavaThread "Unconstrained build operations Thread 21" [_thread_blocked, id=18292, stack(0x000000bf42200000,0x000000bf42300000)]
  0x00000224a46c16c0 JavaThread "Unconstrained build operations Thread 22" [_thread_blocked, id=18208, stack(0x000000bf42400000,0x000000bf42500000)]
  0x00000224a8875220 JavaThread "Unconstrained build operations Thread 23" [_thread_blocked, id=6556, stack(0x000000bf42500000,0x000000bf42600000)]
  0x00000224a8879e10 JavaThread "Unconstrained build operations Thread 24" [_thread_blocked, id=1540, stack(0x000000bf42600000,0x000000bf42700000)]
  0x00000224a8873de0 JavaThread "Unconstrained build operations Thread 25" [_thread_blocked, id=19044, stack(0x000000bf42700000,0x000000bf42800000)]
  0x00000224a8875c40 JavaThread "Unconstrained build operations Thread 26" [_thread_blocked, id=4248, stack(0x000000bf42800000,0x000000bf42900000)]
  0x00000224a88793f0 JavaThread "Unconstrained build operations Thread 27" [_thread_blocked, id=7444, stack(0x000000bf42900000,0x000000bf42a00000)]
  0x00000224a8876150 JavaThread "Unconstrained build operations Thread 28" [_thread_blocked, id=15416, stack(0x000000bf42a00000,0x000000bf42b00000)]
  0x00000224a8877aa0 JavaThread "Unconstrained build operations Thread 29" [_thread_blocked, id=6332, stack(0x000000bf42b00000,0x000000bf42c00000)]
  0x00000224a8872eb0 JavaThread "Unconstrained build operations Thread 30" [_thread_blocked, id=18664, stack(0x000000bf42c00000,0x000000bf42d00000)]
  0x00000224a887a830 JavaThread "Unconstrained build operations Thread 31" [_thread_blocked, id=16548, stack(0x000000bf42d00000,0x000000bf42e00000)]
  0x00000224a88742f0 JavaThread "Unconstrained build operations Thread 32" [_thread_blocked, id=4812, stack(0x000000bf42e00000,0x000000bf42f00000)]
  0x00000224a8874d10 JavaThread "RMI TCP Connection(10)-127.0.0.1" daemon [_thread_in_native, id=14168, stack(0x000000bf42f00000,0x000000bf43000000)]
  0x00000224af6c0040 JavaThread "C2 CompilerThread1" daemon [_thread_in_native, id=19264, stack(0x000000bf40b00000,0x000000bf40c00000)]

Other Threads:
  0x0000022484174310 VMThread "VM Thread" [stack: 0x000000bf3d900000,0x000000bf3da00000] [id=5004]
  0x00000224e63c3cb0 WatcherThread [stack: 0x000000bf3e500000,0x000000bf3e600000] [id=1316]
  0x00000224e641ee00 GCTaskThread "GC Thread#0" [stack: 0x000000bf3d400000,0x000000bf3d500000] [id=9760]
  0x00000224845844b0 GCTaskThread "GC Thread#1" [stack: 0x000000bf3e700000,0x000000bf3e800000] [id=15680]
  0x0000022484709ab0 GCTaskThread "GC Thread#2" [stack: 0x000000bf3e800000,0x000000bf3e900000] [id=16884]
  0x00000224a4627ee0 GCTaskThread "GC Thread#3" [stack: 0x000000bf3e900000,0x000000bf3ea00000] [id=17384]
  0x00000224e6431d60 ConcurrentGCThread "G1 Main Marker" [stack: 0x000000bf3d500000,0x000000bf3d600000] [id=3936]
  0x00000224e6432780 ConcurrentGCThread "G1 Conc#0" [stack: 0x000000bf3d600000,0x000000bf3d700000] [id=13172]
  0x00000224e647e120 ConcurrentGCThread "G1 Refine#0" [stack: 0x000000bf3d700000,0x000000bf3d800000] [id=1048]
  0x00000224a41d6a60 ConcurrentGCThread "G1 Refine#1" [stack: 0x000000bf3ea00000,0x000000bf3eb00000] [id=19140]
  0x00000224a6fbd020 ConcurrentGCThread "G1 Refine#2" [stack: 0x000000bf3fc00000,0x000000bf3fd00000] [id=5160]
  0x00000224a9e0fe50 ConcurrentGCThread "G1 Refine#3" [stack: 0x000000bf44500000,0x000000bf44600000] [id=16812]
  0x00000224e647eb50 ConcurrentGCThread "G1 Service" [stack: 0x000000bf3d800000,0x000000bf3d900000] [id=6908]

Threads with active compile tasks:
C2 CompilerThread0  1947990 32594   !   4       java.net.URLClassLoader$1::run (81 bytes)
C2 CompilerThread1  1947990 32701       4       groovyjarjarantlr4.v4.runtime.atn.ParserATNSimulator::closure (784 bytes)

VM state: not at safepoint (normal execution)

VM Mutex/Monitor currently owned by a thread: None

Heap address: 0x0000000080000000, size: 2048 MB, Compressed Oops mode: 32-bit

CDS archive(s) mapped at: [0x0000022485000000-0x0000022485bb0000-0x0000022485bb0000), size 12255232, SharedBaseAddress: 0x0000022485000000, ArchiveRelocationMode: 1.
Compressed class space mapped at: 0x0000022486000000-0x00000224a0000000, reserved size: 436207616
Narrow klass base: 0x0000022485000000, Narrow klass shift: 0, Narrow klass range: 0x100000000

GC Precious Log:
 CPUs: 4 total, 4 available
 Memory: 8077M
 Large Page Support: Disabled
 NUMA Support: Disabled
 Compressed Oops: Enabled (32-bit)
 Heap Region Size: 1M
 Heap Min Capacity: 8M
 Heap Initial Capacity: 128M
 Heap Max Capacity: 2G
 Pre-touch: Disabled
 Parallel Workers: 4
 Concurrent Workers: 1
 Concurrent Refinement Workers: 4
 Periodic GC: Disabled

Heap:
 garbage-first heap   total 599040K, used 438872K [0x0000000080000000, 0x0000000100000000)
  region size 1024K, 17 young (17408K), 10 survivors (10240K)
 Metaspace       used 159804K, committed 161984K, reserved 622592K
  class space    used 21208K, committed 22272K, reserved 425984K

Heap Regions: E=young(eden), S=young(survivor), O=old, HS=humongous(starts), HC=humongous(continues), CS=collection set, F=free, OA=open archive, CA=closed archive, TAMS=top-at-mark-start (previous, next)
|   0|0x0000000080000000, 0x0000000080100000, 0x0000000080100000|100%|HS|  |TAMS 0x0000000080100000, 0x0000000080000000| Complete 
|   1|0x0000000080100000, 0x0000000080200000, 0x0000000080200000|100%|HC|  |TAMS 0x0000000080200000, 0x0000000080100000| Complete 
|   2|0x0000000080200000, 0x0000000080300000, 0x0000000080300000|100%|HC|  |TAMS 0x0000000080300000, 0x0000000080200000| Complete 
|   3|0x0000000080300000, 0x0000000080400000, 0x0000000080400000|100%| O|  |TAMS 0x0000000080400000, 0x0000000080300000| Untracked 
|   4|0x0000000080400000, 0x0000000080500000, 0x0000000080500000|100%| O|  |TAMS 0x0000000080500000, 0x0000000080400000| Untracked 
|   5|0x0000000080500000, 0x0000000080600000, 0x0000000080600000|100%| O|  |TAMS 0x0000000080600000, 0x0000000080500000| Untracked 
|   6|0x0000000080600000, 0x0000000080700000, 0x0000000080700000|100%| O|  |TAMS 0x0000000080700000, 0x0000000080600000| Untracked 
|   7|0x0000000080700000, 0x0000000080800000, 0x0000000080800000|100%|HS|  |TAMS 0x0000000080800000, 0x0000000080700000| Complete 
|   8|0x0000000080800000, 0x0000000080900000, 0x0000000080900000|100%| O|  |TAMS 0x0000000080900000, 0x0000000080800000| Untracked 
|   9|0x0000000080900000, 0x0000000080a00000, 0x0000000080a00000|100%| O|  |TAMS 0x0000000080a00000, 0x0000000080900000| Untracked 
|  10|0x0000000080a00000, 0x0000000080b00000, 0x0000000080b00000|100%| O|  |TAMS 0x0000000080b00000, 0x0000000080a00000| Untracked 
|  11|0x0000000080b00000, 0x0000000080c00000, 0x0000000080c00000|100%| O|  |TAMS 0x0000000080c00000, 0x0000000080b00000| Untracked 
|  12|0x0000000080c00000, 0x0000000080d00000, 0x0000000080d00000|100%| O|  |TAMS 0x0000000080d00000, 0x0000000080c00000| Untracked 
|  13|0x0000000080d00000, 0x0000000080e00000, 0x0000000080e00000|100%| O|  |TAMS 0x0000000080e00000, 0x0000000080d00000| Untracked 
|  14|0x0000000080e00000, 0x0000000080f00000, 0x0000000080f00000|100%| O|  |TAMS 0x0000000080f00000, 0x0000000080e00000| Untracked 
|  15|0x0000000080f00000, 0x0000000081000000, 0x0000000081000000|100%| O|  |TAMS 0x0000000081000000, 0x0000000080f00000| Untracked 
|  16|0x0000000081000000, 0x0000000081100000, 0x0000000081100000|100%|HS|  |TAMS 0x0000000081100000, 0x0000000081000000| Complete 
|  17|0x0000000081100000, 0x0000000081200000, 0x0000000081200000|100%| O|  |TAMS 0x0000000081200000, 0x0000000081100000| Untracked 
|  18|0x0000000081200000, 0x0000000081300000, 0x0000000081300000|100%| O|  |TAMS 0x0000000081300000, 0x0000000081200000| Untracked 
|  19|0x0000000081300000, 0x0000000081400000, 0x0000000081400000|100%| O|  |TAMS 0x0000000081400000, 0x0000000081300000| Untracked 
|  20|0x0000000081400000, 0x0000000081500000, 0x0000000081500000|100%| O|  |TAMS 0x0000000081500000, 0x0000000081400000| Untracked 
|  21|0x0000000081500000, 0x0000000081600000, 0x0000000081600000|100%| O|  |TAMS 0x0000000081600000, 0x0000000081500000| Untracked 
|  22|0x0000000081600000, 0x0000000081700000, 0x0000000081700000|100%| O|  |TAMS 0x0000000081700000, 0x0000000081600000| Untracked 
|  23|0x0000000081700000, 0x0000000081800000, 0x0000000081800000|100%| O|  |TAMS 0x0000000081800000, 0x0000000081700000| Untracked 
|  24|0x0000000081800000, 0x0000000081900000, 0x0000000081900000|100%| O|  |TAMS 0x0000000081900000, 0x0000000081800000| Untracked 
|  25|0x0000000081900000, 0x0000000081a00000, 0x0000000081a00000|100%| O|  |TAMS 0x0000000081a00000, 0x0000000081900000| Untracked 
|  26|0x0000000081a00000, 0x0000000081b00000, 0x0000000081b00000|100%| O|  |TAMS 0x0000000081b00000, 0x0000000081a00000| Untracked 
|  27|0x0000000081b00000, 0x0000000081c00000, 0x0000000081c00000|100%| O|  |TAMS 0x0000000081c00000, 0x0000000081b00000| Untracked 
|  28|0x0000000081c00000, 0x0000000081d00000, 0x0000000081d00000|100%| O|  |TAMS 0x0000000081d00000, 0x0000000081c00000| Untracked 
|  29|0x0000000081d00000, 0x0000000081e00000, 0x0000000081e00000|100%| O|  |TAMS 0x0000000081e00000, 0x0000000081d00000| Untracked 
|  30|0x0000000081e00000, 0x0000000081f00000, 0x0000000081f00000|100%| O|  |TAMS 0x0000000081f00000, 0x0000000081e00000| Untracked 
|  31|0x0000000081f00000, 0x0000000082000000, 0x0000000082000000|100%| O|  |TAMS 0x0000000082000000, 0x0000000081f00000| Untracked 
|  32|0x0000000082000000, 0x0000000082100000, 0x0000000082100000|100%| O|  |TAMS 0x0000000082100000, 0x0000000082000000| Untracked 
|  33|0x0000000082100000, 0x0000000082200000, 0x0000000082200000|100%| O|  |TAMS 0x0000000082200000, 0x0000000082100000| Untracked 
|  34|0x0000000082200000, 0x0000000082300000, 0x0000000082300000|100%| O|  |TAMS 0x0000000082300000, 0x0000000082200000| Untracked 
|  35|0x0000000082300000, 0x0000000082400000, 0x0000000082400000|100%| O|  |TAMS 0x0000000082400000, 0x0000000082300000| Untracked 
|  36|0x0000000082400000, 0x0000000082500000, 0x0000000082500000|100%| O|  |TAMS 0x0000000082500000, 0x0000000082400000| Untracked 
|  37|0x0000000082500000, 0x0000000082600000, 0x0000000082600000|100%|HS|  |TAMS 0x0000000082600000, 0x0000000082500000| Complete 
|  38|0x0000000082600000, 0x0000000082700000, 0x0000000082700000|100%|HC|  |TAMS 0x0000000082700000, 0x0000000082600000| Complete 
|  39|0x0000000082700000, 0x0000000082800000, 0x0000000082800000|100%|HS|  |TAMS 0x0000000082800000, 0x0000000082700000| Complete 
|  40|0x0000000082800000, 0x0000000082900000, 0x0000000082900000|100%|HC|  |TAMS 0x0000000082900000, 0x0000000082800000| Complete 
|  41|0x0000000082900000, 0x0000000082a00000, 0x0000000082a00000|100%|HC|  |TAMS 0x0000000082a00000, 0x0000000082900000| Complete 
|  42|0x0000000082a00000, 0x0000000082b00000, 0x0000000082b00000|100%|HS|  |TAMS 0x0000000082b00000, 0x0000000082a00000| Complete 
|  43|0x0000000082b00000, 0x0000000082c00000, 0x0000000082c00000|100%|HC|  |TAMS 0x0000000082c00000, 0x0000000082b00000| Complete 
|  44|0x0000000082c00000, 0x0000000082d00000, 0x0000000082d00000|100%| O|  |TAMS 0x0000000082d00000, 0x0000000082c00000| Untracked 
|  45|0x0000000082d00000, 0x0000000082e00000, 0x0000000082e00000|100%| O|  |TAMS 0x0000000082e00000, 0x0000000082d00000| Untracked 
|  46|0x0000000082e00000, 0x0000000082f00000, 0x0000000082f00000|100%| O|  |TAMS 0x0000000082f00000, 0x0000000082e00000| Untracked 
|  47|0x0000000082f00000, 0x0000000083000000, 0x0000000083000000|100%| O|  |TAMS 0x0000000083000000, 0x0000000082f00000| Untracked 
|  48|0x0000000083000000, 0x0000000083100000, 0x0000000083100000|100%| O|  |TAMS 0x0000000083100000, 0x0000000083000000| Untracked 
|  49|0x0000000083100000, 0x0000000083200000, 0x0000000083200000|100%| O|  |TAMS 0x0000000083200000, 0x0000000083100000| Untracked 
|  50|0x0000000083200000, 0x0000000083300000, 0x0000000083300000|100%| O|  |TAMS 0x0000000083300000, 0x0000000083200000| Untracked 
|  51|0x0000000083300000, 0x0000000083400000, 0x0000000083400000|100%| O|  |TAMS 0x0000000083400000, 0x0000000083300000| Untracked 
|  52|0x0000000083400000, 0x0000000083500000, 0x0000000083500000|100%| O|  |TAMS 0x0000000083500000, 0x0000000083400000| Untracked 
|  53|0x0000000083500000, 0x0000000083600000, 0x0000000083600000|100%|HS|  |TAMS 0x0000000083600000, 0x0000000083500000| Complete 
|  54|0x0000000083600000, 0x0000000083700000, 0x0000000083700000|100%|HC|  |TAMS 0x0000000083700000, 0x0000000083600000| Complete 
|  55|0x0000000083700000, 0x0000000083800000, 0x0000000083800000|100%|HC|  |TAMS 0x0000000083800000, 0x0000000083700000| Complete 
|  56|0x0000000083800000, 0x0000000083900000, 0x0000000083900000|100%| O|  |TAMS 0x0000000083900000, 0x0000000083800000| Untracked 
|  57|0x0000000083900000, 0x0000000083a00000, 0x0000000083a00000|100%| O|  |TAMS 0x0000000083a00000, 0x0000000083900000| Untracked 
|  58|0x0000000083a00000, 0x0000000083b00000, 0x0000000083b00000|100%| O|  |TAMS 0x0000000083b00000, 0x0000000083a00000| Untracked 
|  59|0x0000000083b00000, 0x0000000083c00000, 0x0000000083c00000|100%| O|  |TAMS 0x0000000083c00000, 0x0000000083b00000| Untracked 
|  60|0x0000000083c00000, 0x0000000083d00000, 0x0000000083d00000|100%| O|  |TAMS 0x0000000083d00000, 0x0000000083c00000| Untracked 
|  61|0x0000000083d00000, 0x0000000083e00000, 0x0000000083e00000|100%| O|  |TAMS 0x0000000083e00000, 0x0000000083d00000| Untracked 
|  62|0x0000000083e00000, 0x0000000083f00000, 0x0000000083f00000|100%| O|  |TAMS 0x0000000083f00000, 0x0000000083e00000| Untracked 
|  63|0x0000000083f00000, 0x0000000084000000, 0x0000000084000000|100%| O|  |TAMS 0x0000000084000000, 0x0000000083f00000| Untracked 
|  64|0x0000000084000000, 0x0000000084100000, 0x0000000084100000|100%| O|  |TAMS 0x0000000084100000, 0x0000000084000000| Untracked 
|  65|0x0000000084100000, 0x0000000084200000, 0x0000000084200000|100%| O|  |TAMS 0x0000000084200000, 0x0000000084100000| Untracked 
|  66|0x0000000084200000, 0x0000000084300000, 0x0000000084300000|100%| O|  |TAMS 0x0000000084300000, 0x0000000084200000| Untracked 
|  67|0x0000000084300000, 0x0000000084400000, 0x0000000084400000|100%| O|  |TAMS 0x0000000084400000, 0x0000000084300000| Untracked 
|  68|0x0000000084400000, 0x0000000084500000, 0x0000000084500000|100%| O|  |TAMS 0x0000000084500000, 0x0000000084400000| Untracked 
|  69|0x0000000084500000, 0x0000000084600000, 0x0000000084600000|100%| O|  |TAMS 0x0000000084600000, 0x0000000084500000| Untracked 
|  70|0x0000000084600000, 0x0000000084700000, 0x0000000084700000|100%| O|  |TAMS 0x0000000084700000, 0x0000000084600000| Untracked 
|  71|0x0000000084700000, 0x0000000084800000, 0x0000000084800000|100%| O|  |TAMS 0x0000000084800000, 0x0000000084700000| Untracked 
|  72|0x0000000084800000, 0x0000000084900000, 0x0000000084900000|100%|HS|  |TAMS 0x0000000084800000, 0x0000000084800000| Complete 
|  73|0x0000000084900000, 0x0000000084a00000, 0x0000000084a00000|100%|HS|  |TAMS 0x0000000084900000, 0x0000000084900000| Complete 
|  74|0x0000000084a00000, 0x0000000084b00000, 0x0000000084b00000|100%| O|  |TAMS 0x0000000084a00000, 0x0000000084a00000| Untracked 
|  75|0x0000000084b00000, 0x0000000084c00000, 0x0000000084c00000|100%| O|  |TAMS 0x0000000084c00000, 0x0000000084b00000| Untracked 
|  76|0x0000000084c00000, 0x0000000084d00000, 0x0000000084d00000|100%|HS|  |TAMS 0x0000000084d00000, 0x0000000084c00000| Complete 
|  77|0x0000000084d00000, 0x0000000084e00000, 0x0000000084e00000|100%|HS|  |TAMS 0x0000000084e00000, 0x0000000084d00000| Complete 
|  78|0x0000000084e00000, 0x0000000084f00000, 0x0000000084f00000|100%|HS|  |TAMS 0x0000000084f00000, 0x0000000084e00000| Complete 
|  79|0x0000000084f00000, 0x0000000085000000, 0x0000000085000000|100%| O|  |TAMS 0x0000000085000000, 0x0000000084f00000| Untracked 
|  80|0x0000000085000000, 0x0000000085100000, 0x0000000085100000|100%|HS|  |TAMS 0x0000000085100000, 0x0000000085000000| Complete 
|  81|0x0000000085100000, 0x0000000085200000, 0x0000000085200000|100%|HS|  |TAMS 0x0000000085200000, 0x0000000085100000| Complete 
|  82|0x0000000085200000, 0x0000000085300000, 0x0000000085300000|100%| O|  |TAMS 0x0000000085300000, 0x0000000085200000| Untracked 
|  83|0x0000000085300000, 0x0000000085400000, 0x0000000085400000|100%| O|  |TAMS 0x0000000085400000, 0x0000000085300000| Untracked 
|  84|0x0000000085400000, 0x0000000085500000, 0x0000000085500000|100%| O|  |TAMS 0x0000000085500000, 0x0000000085400000| Untracked 
|  85|0x0000000085500000, 0x0000000085600000, 0x0000000085600000|100%| O|  |TAMS 0x0000000085600000, 0x0000000085500000| Untracked 
|  86|0x0000000085600000, 0x0000000085700000, 0x0000000085700000|100%| O|  |TAMS 0x0000000085700000, 0x0000000085600000| Untracked 
|  87|0x0000000085700000, 0x0000000085800000, 0x0000000085800000|100%| O|  |TAMS 0x0000000085800000, 0x0000000085700000| Untracked 
|  88|0x0000000085800000, 0x0000000085900000, 0x0000000085900000|100%| O|  |TAMS 0x0000000085900000, 0x0000000085800000| Untracked 
|  89|0x0000000085900000, 0x0000000085a00000, 0x0000000085a00000|100%| O|  |TAMS 0x0000000085a00000, 0x0000000085900000| Untracked 
|  90|0x0000000085a00000, 0x0000000085b00000, 0x0000000085b00000|100%| O|  |TAMS 0x0000000085b00000, 0x0000000085a00000| Untracked 
|  91|0x0000000085b00000, 0x0000000085c00000, 0x0000000085c00000|100%| O|  |TAMS 0x0000000085c00000, 0x0000000085b00000| Untracked 
|  92|0x0000000085c00000, 0x0000000085d00000, 0x0000000085d00000|100%| O|  |TAMS 0x0000000085d00000, 0x0000000085c00000| Untracked 
|  93|0x0000000085d00000, 0x0000000085e00000, 0x0000000085e00000|100%|HS|  |TAMS 0x0000000085e00000, 0x0000000085d00000| Complete 
|  94|0x0000000085e00000, 0x0000000085f00000, 0x0000000085f00000|100%| O|  |TAMS 0x0000000085f00000, 0x0000000085e00000| Untracked 
|  95|0x0000000085f00000, 0x0000000086000000, 0x0000000086000000|100%| O|  |TAMS 0x0000000086000000, 0x0000000085f00000| Untracked 
|  96|0x0000000086000000, 0x0000000086100000, 0x0000000086100000|100%| O|  |TAMS 0x0000000086100000, 0x0000000086000000| Untracked 
|  97|0x0000000086100000, 0x0000000086200000, 0x0000000086200000|100%|HS|  |TAMS 0x0000000086200000, 0x0000000086100000| Complete 
|  98|0x0000000086200000, 0x0000000086300000, 0x0000000086300000|100%|HC|  |TAMS 0x0000000086300000, 0x0000000086200000| Complete 
|  99|0x0000000086300000, 0x0000000086400000, 0x0000000086400000|100%| O|  |TAMS 0x0000000086400000, 0x0000000086300000| Untracked 
| 100|0x0000000086400000, 0x0000000086500000, 0x0000000086500000|100%| O|  |TAMS 0x0000000086500000, 0x0000000086400000| Untracked 
| 101|0x0000000086500000, 0x0000000086600000, 0x0000000086600000|100%| O|  |TAMS 0x0000000086600000, 0x0000000086500000| Untracked 
| 102|0x0000000086600000, 0x0000000086700000, 0x0000000086700000|100%| O|  |TAMS 0x0000000086700000, 0x0000000086600000| Untracked 
| 103|0x0000000086700000, 0x0000000086800000, 0x0000000086800000|100%| O|  |TAMS 0x0000000086800000, 0x0000000086700000| Untracked 
| 104|0x0000000086800000, 0x0000000086900000, 0x0000000086900000|100%| O|  |TAMS 0x0000000086900000, 0x0000000086800000| Untracked 
| 105|0x0000000086900000, 0x0000000086a00000, 0x0000000086a00000|100%| O|  |TAMS 0x0000000086900000, 0x0000000086900000| Untracked 
| 106|0x0000000086a00000, 0x0000000086b00000, 0x0000000086b00000|100%| O|  |TAMS 0x0000000086a00000, 0x0000000086a00000| Untracked 
| 107|0x0000000086b00000, 0x0000000086c00000, 0x0000000086c00000|100%| O|  |TAMS 0x0000000086b00000, 0x0000000086b00000| Untracked 
| 108|0x0000000086c00000, 0x0000000086d00000, 0x0000000086d00000|100%| O|  |TAMS 0x0000000086c00000, 0x0000000086c00000| Untracked 
| 109|0x0000000086d00000, 0x0000000086e00000, 0x0000000086e00000|100%| O|  |TAMS 0x0000000086d00000, 0x0000000086d00000| Untracked 
| 110|0x0000000086e00000, 0x0000000086f00000, 0x0000000086f00000|100%| O|  |TAMS 0x0000000086e00000, 0x0000000086e00000| Untracked 
| 111|0x0000000086f00000, 0x0000000087000000, 0x0000000087000000|100%| O|  |TAMS 0x0000000086f00000, 0x0000000086f00000| Untracked 
| 112|0x0000000087000000, 0x0000000087100000, 0x0000000087100000|100%| O|  |TAMS 0x0000000087100000, 0x0000000087000000| Untracked 
| 113|0x0000000087100000, 0x0000000087200000, 0x0000000087200000|100%| O|  |TAMS 0x0000000087100000, 0x0000000087100000| Untracked 
| 114|0x0000000087200000, 0x0000000087300000, 0x0000000087300000|100%| O|  |TAMS 0x0000000087200000, 0x0000000087200000| Untracked 
| 115|0x0000000087300000, 0x0000000087400000, 0x0000000087400000|100%| O|  |TAMS 0x0000000087300000, 0x0000000087300000| Untracked 
| 116|0x0000000087400000, 0x0000000087500000, 0x0000000087500000|100%| O|  |TAMS 0x0000000087400000, 0x0000000087400000| Untracked 
| 117|0x0000000087500000, 0x0000000087600000, 0x0000000087600000|100%| O|  |TAMS 0x0000000087500000, 0x0000000087500000| Untracked 
| 118|0x0000000087600000, 0x0000000087700000, 0x0000000087700000|100%| O|  |TAMS 0x0000000087600000, 0x0000000087600000| Untracked 
| 119|0x0000000087700000, 0x0000000087800000, 0x0000000087800000|100%| O|  |TAMS 0x0000000087700000, 0x0000000087700000| Untracked 
| 120|0x0000000087800000, 0x0000000087900000, 0x0000000087900000|100%| O|  |TAMS 0x0000000087800000, 0x0000000087800000| Untracked 
| 121|0x0000000087900000, 0x0000000087a00000, 0x0000000087a00000|100%|HS|  |TAMS 0x0000000087900000, 0x0000000087900000| Complete 
| 122|0x0000000087a00000, 0x0000000087b00000, 0x0000000087b00000|100%|HC|  |TAMS 0x0000000087a00000, 0x0000000087a00000| Complete 
| 123|0x0000000087b00000, 0x0000000087c00000, 0x0000000087c00000|100%|HC|  |TAMS 0x0000000087b00000, 0x0000000087b00000| Complete 
| 124|0x0000000087c00000, 0x0000000087d00000, 0x0000000087d00000|100%|HS|  |TAMS 0x0000000087c00000, 0x0000000087c00000| Complete 
| 125|0x0000000087d00000, 0x0000000087e00000, 0x0000000087e00000|100%|HS|  |TAMS 0x0000000087d00000, 0x0000000087d00000| Complete 
| 126|0x0000000087e00000, 0x0000000087f00000, 0x0000000087f00000|100%|HC|  |TAMS 0x0000000087e00000, 0x0000000087e00000| Complete 
| 127|0x0000000087f00000, 0x0000000088000000, 0x0000000088000000|100%|HS|  |TAMS 0x0000000087f00000, 0x0000000087f00000| Complete 
| 128|0x0000000088000000, 0x0000000088100000, 0x0000000088100000|100%| O|  |TAMS 0x0000000088100000, 0x0000000088000000| Untracked 
| 129|0x0000000088100000, 0x0000000088200000, 0x0000000088200000|100%|HS|  |TAMS 0x0000000088100000, 0x0000000088100000| Complete 
| 130|0x0000000088200000, 0x0000000088300000, 0x0000000088300000|100%|HC|  |TAMS 0x0000000088200000, 0x0000000088200000| Complete 
| 131|0x0000000088300000, 0x0000000088400000, 0x0000000088400000|100%|HS|  |TAMS 0x0000000088300000, 0x0000000088300000| Complete 
| 132|0x0000000088400000, 0x0000000088500000, 0x0000000088500000|100%|HC|  |TAMS 0x0000000088400000, 0x0000000088400000| Complete 
| 133|0x0000000088500000, 0x0000000088600000, 0x0000000088600000|100%| O|  |TAMS 0x0000000088600000, 0x0000000088500000| Untracked 
| 134|0x0000000088600000, 0x0000000088700000, 0x0000000088700000|100%|HS|  |TAMS 0x0000000088600000, 0x0000000088600000| Complete 
| 135|0x0000000088700000, 0x0000000088800000, 0x0000000088800000|100%| O|  |TAMS 0x0000000088800000, 0x0000000088700000| Untracked 
| 136|0x0000000088800000, 0x0000000088900000, 0x0000000088900000|100%| O|  |TAMS 0x0000000088800000, 0x0000000088800000| Untracked 
| 137|0x0000000088900000, 0x0000000088a00000, 0x0000000088a00000|100%| O|  |TAMS 0x0000000088a00000, 0x0000000088900000| Untracked 
| 138|0x0000000088a00000, 0x0000000088b00000, 0x0000000088b00000|100%|HS|  |TAMS 0x0000000088a00000, 0x0000000088a00000| Complete 
| 139|0x0000000088b00000, 0x0000000088c00000, 0x0000000088c00000|100%| O|  |TAMS 0x0000000088c00000, 0x0000000088b00000| Untracked 
| 140|0x0000000088c00000, 0x0000000088d00000, 0x0000000088d00000|100%| O|  |TAMS 0x0000000088d00000, 0x0000000088c00000| Untracked 
| 141|0x0000000088d00000, 0x0000000088e00000, 0x0000000088e00000|100%| O|  |TAMS 0x0000000088e00000, 0x0000000088d00000| Untracked 
| 142|0x0000000088e00000, 0x0000000088f00000, 0x0000000088f00000|100%|HS|  |TAMS 0x0000000088e00000, 0x0000000088e00000| Complete 
| 143|0x0000000088f00000, 0x0000000089000000, 0x0000000089000000|100%|HC|  |TAMS 0x0000000088f00000, 0x0000000088f00000| Complete 
| 144|0x0000000089000000, 0x0000000089100000, 0x0000000089100000|100%|HC|  |TAMS 0x0000000089000000, 0x0000000089000000| Complete 
| 145|0x0000000089100000, 0x0000000089200000, 0x0000000089200000|100%|HS|  |TAMS 0x0000000089100000, 0x0000000089100000| Complete 
| 146|0x0000000089200000, 0x0000000089300000, 0x0000000089300000|100%|HC|  |TAMS 0x0000000089200000, 0x0000000089200000| Complete 
| 147|0x0000000089300000, 0x0000000089400000, 0x0000000089400000|100%|HC|  |TAMS 0x0000000089300000, 0x0000000089300000| Complete 
| 148|0x0000000089400000, 0x0000000089500000, 0x0000000089500000|100%| O|  |TAMS 0x0000000089400000, 0x0000000089400000| Untracked 
| 149|0x0000000089500000, 0x0000000089600000, 0x0000000089600000|100%| O|  |TAMS 0x0000000089500000, 0x0000000089500000| Untracked 
| 150|0x0000000089600000, 0x0000000089700000, 0x0000000089700000|100%| O|  |TAMS 0x0000000089600000, 0x0000000089600000| Untracked 
| 151|0x0000000089700000, 0x0000000089800000, 0x0000000089800000|100%| O|  |TAMS 0x0000000089800000, 0x0000000089700000| Untracked 
| 152|0x0000000089800000, 0x0000000089900000, 0x0000000089900000|100%|HS|  |TAMS 0x0000000089800000, 0x0000000089800000| Complete 
| 153|0x0000000089900000, 0x0000000089a00000, 0x0000000089a00000|100%| O|  |TAMS 0x0000000089900000, 0x0000000089900000| Untracked 
| 154|0x0000000089a00000, 0x0000000089b00000, 0x0000000089b00000|100%| O|  |TAMS 0x0000000089b00000, 0x0000000089a00000| Untracked 
| 155|0x0000000089b00000, 0x0000000089c00000, 0x0000000089c00000|100%| O|  |TAMS 0x0000000089c00000, 0x0000000089b00000| Untracked 
| 156|0x0000000089c00000, 0x0000000089d00000, 0x0000000089d00000|100%| O|  |TAMS 0x0000000089c00000, 0x0000000089c00000| Untracked 
| 157|0x0000000089d00000, 0x0000000089e00000, 0x0000000089e00000|100%| O|  |TAMS 0x0000000089d00000, 0x0000000089d00000| Untracked 
| 158|0x0000000089e00000, 0x0000000089f00000, 0x0000000089f00000|100%| O|  |TAMS 0x0000000089e00000, 0x0000000089e00000| Untracked 
| 159|0x0000000089f00000, 0x000000008a000000, 0x000000008a000000|100%|HS|  |TAMS 0x0000000089f00000, 0x0000000089f00000| Complete 
| 160|0x000000008a000000, 0x000000008a100000, 0x000000008a100000|100%|HC|  |TAMS 0x000000008a000000, 0x000000008a000000| Complete 
| 161|0x000000008a100000, 0x000000008a200000, 0x000000008a200000|100%|HC|  |TAMS 0x000000008a100000, 0x000000008a100000| Complete 
| 162|0x000000008a200000, 0x000000008a300000, 0x000000008a300000|100%|HS|  |TAMS 0x000000008a200000, 0x000000008a200000| Complete 
| 163|0x000000008a300000, 0x000000008a400000, 0x000000008a400000|100%| O|  |TAMS 0x000000008a300000, 0x000000008a300000| Untracked 
| 164|0x000000008a400000, 0x000000008a500000, 0x000000008a500000|100%| O|  |TAMS 0x000000008a400000, 0x000000008a400000| Untracked 
| 165|0x000000008a500000, 0x000000008a600000, 0x000000008a600000|100%| O|  |TAMS 0x000000008a500000, 0x000000008a500000| Untracked 
| 166|0x000000008a600000, 0x000000008a700000, 0x000000008a700000|100%|HS|  |TAMS 0x000000008a600000, 0x000000008a600000| Complete 
| 167|0x000000008a700000, 0x000000008a800000, 0x000000008a800000|100%|HC|  |TAMS 0x000000008a700000, 0x000000008a700000| Complete 
| 168|0x000000008a800000, 0x000000008a900000, 0x000000008a900000|100%| O|  |TAMS 0x000000008a800000, 0x000000008a800000| Untracked 
| 169|0x000000008a900000, 0x000000008aa00000, 0x000000008aa00000|100%| O|  |TAMS 0x000000008a900000, 0x000000008a900000| Untracked 
| 170|0x000000008aa00000, 0x000000008ab00000, 0x000000008ab00000|100%| O|  |TAMS 0x000000008aa00000, 0x000000008aa00000| Untracked 
| 171|0x000000008ab00000, 0x000000008ac00000, 0x000000008ac00000|100%|HS|  |TAMS 0x000000008ab00000, 0x000000008ab00000| Complete 
| 172|0x000000008ac00000, 0x000000008ad00000, 0x000000008ad00000|100%|HC|  |TAMS 0x000000008ac00000, 0x000000008ac00000| Complete 
| 173|0x000000008ad00000, 0x000000008ae00000, 0x000000008ae00000|100%| O|  |TAMS 0x000000008ad00000, 0x000000008ad00000| Untracked 
| 174|0x000000008ae00000, 0x000000008af00000, 0x000000008af00000|100%| O|  |TAMS 0x000000008ae00000, 0x000000008ae00000| Untracked 
| 175|0x000000008af00000, 0x000000008b000000, 0x000000008b000000|100%| O|  |TAMS 0x000000008af00000, 0x000000008af00000| Untracked 
| 176|0x000000008b000000, 0x000000008b100000, 0x000000008b100000|100%| O|  |TAMS 0x000000008b100000, 0x000000008b000000| Untracked 
| 177|0x000000008b100000, 0x000000008b200000, 0x000000008b200000|100%| O|  |TAMS 0x000000008b200000, 0x000000008b100000| Untracked 
| 178|0x000000008b200000, 0x000000008b300000, 0x000000008b300000|100%| O|  |TAMS 0x000000008b300000, 0x000000008b200000| Untracked 
| 179|0x000000008b300000, 0x000000008b400000, 0x000000008b400000|100%| O|  |TAMS 0x000000008b400000, 0x000000008b300000| Untracked 
| 180|0x000000008b400000, 0x000000008b500000, 0x000000008b500000|100%| O|  |TAMS 0x000000008b500000, 0x000000008b400000| Untracked 
| 181|0x000000008b500000, 0x000000008b600000, 0x000000008b600000|100%| O|  |TAMS 0x000000008b500000, 0x000000008b500000| Untracked 
| 182|0x000000008b600000, 0x000000008b700000, 0x000000008b700000|100%| O|  |TAMS 0x000000008b700000, 0x000000008b600000| Untracked 
| 183|0x000000008b700000, 0x000000008b800000, 0x000000008b800000|100%| O|  |TAMS 0x000000008b800000, 0x000000008b700000| Untracked 
| 184|0x000000008b800000, 0x000000008b900000, 0x000000008b900000|100%| O|  |TAMS 0x000000008b900000, 0x000000008b800000| Untracked 
| 185|0x000000008b900000, 0x000000008ba00000, 0x000000008ba00000|100%| O|  |TAMS 0x000000008ba00000, 0x000000008b900000| Untracked 
| 186|0x000000008ba00000, 0x000000008bb00000, 0x000000008bb00000|100%| O|  |TAMS 0x000000008bb00000, 0x000000008ba00000| Untracked 
| 187|0x000000008bb00000, 0x000000008bc00000, 0x000000008bc00000|100%| O|  |TAMS 0x000000008bc00000, 0x000000008bb00000| Untracked 
| 188|0x000000008bc00000, 0x000000008bd00000, 0x000000008bd00000|100%| O|  |TAMS 0x000000008bd00000, 0x000000008bc00000| Untracked 
| 189|0x000000008bd00000, 0x000000008be00000, 0x000000008be00000|100%| O|  |TAMS 0x000000008bd00000, 0x000000008bd00000| Untracked 
| 190|0x000000008be00000, 0x000000008bf00000, 0x000000008bf00000|100%| O|  |TAMS 0x000000008bf00000, 0x000000008be00000| Untracked 
| 191|0x000000008bf00000, 0x000000008c000000, 0x000000008c000000|100%| O|  |TAMS 0x000000008bf00000, 0x000000008bf00000| Untracked 
| 192|0x000000008c000000, 0x000000008c100000, 0x000000008c100000|100%| O|  |TAMS 0x000000008c100000, 0x000000008c000000| Untracked 
| 193|0x000000008c100000, 0x000000008c200000, 0x000000008c200000|100%|HS|  |TAMS 0x000000008c100000, 0x000000008c100000| Complete 
| 194|0x000000008c200000, 0x000000008c300000, 0x000000008c300000|100%|HS|  |TAMS 0x000000008c200000, 0x000000008c200000| Complete 
| 195|0x000000008c300000, 0x000000008c400000, 0x000000008c400000|100%|HS|  |TAMS 0x000000008c300000, 0x000000008c300000| Complete 
| 196|0x000000008c400000, 0x000000008c500000, 0x000000008c500000|100%| O|  |TAMS 0x000000008c500000, 0x000000008c400000| Untracked 
| 197|0x000000008c500000, 0x000000008c600000, 0x000000008c600000|100%| O|  |TAMS 0x000000008c600000, 0x000000008c500000| Untracked 
| 198|0x000000008c600000, 0x000000008c700000, 0x000000008c700000|100%| O|  |TAMS 0x000000008c600000, 0x000000008c600000| Untracked 
| 199|0x000000008c700000, 0x000000008c800000, 0x000000008c800000|100%| O|  |TAMS 0x000000008c700000, 0x000000008c700000| Untracked 
| 200|0x000000008c800000, 0x000000008c900000, 0x000000008c900000|100%| O|  |TAMS 0x000000008c800000, 0x000000008c800000| Untracked 
| 201|0x000000008c900000, 0x000000008ca00000, 0x000000008ca00000|100%| O|  |TAMS 0x000000008c900000, 0x000000008c900000| Untracked 
| 202|0x000000008ca00000, 0x000000008cb00000, 0x000000008cb00000|100%| O|  |TAMS 0x000000008ca00000, 0x000000008ca00000| Untracked 
| 203|0x000000008cb00000, 0x000000008cc00000, 0x000000008cc00000|100%|HS|  |TAMS 0x000000008cb00000, 0x000000008cb00000| Complete 
| 204|0x000000008cc00000, 0x000000008cd00000, 0x000000008cd00000|100%|HC|  |TAMS 0x000000008cc00000, 0x000000008cc00000| Complete 
| 205|0x000000008cd00000, 0x000000008ce00000, 0x000000008ce00000|100%| O|  |TAMS 0x000000008cd00000, 0x000000008cd00000| Untracked 
| 206|0x000000008ce00000, 0x000000008cf00000, 0x000000008cf00000|100%| O|  |TAMS 0x000000008ce00000, 0x000000008ce00000| Untracked 
| 207|0x000000008cf00000, 0x000000008d000000, 0x000000008d000000|100%| O|  |TAMS 0x000000008cf00000, 0x000000008cf00000| Untracked 
| 208|0x000000008d000000, 0x000000008d100000, 0x000000008d100000|100%| O|  |TAMS 0x000000008d000000, 0x000000008d000000| Untracked 
| 209|0x000000008d100000, 0x000000008d200000, 0x000000008d200000|100%| O|  |TAMS 0x000000008d100000, 0x000000008d100000| Untracked 
| 210|0x000000008d200000, 0x000000008d300000, 0x000000008d300000|100%| O|  |TAMS 0x000000008d200000, 0x000000008d200000| Untracked 
| 211|0x000000008d300000, 0x000000008d400000, 0x000000008d400000|100%|HS|  |TAMS 0x000000008d300000, 0x000000008d300000| Complete 
| 212|0x000000008d400000, 0x000000008d500000, 0x000000008d500000|100%|HC|  |TAMS 0x000000008d400000, 0x000000008d400000| Complete 
| 213|0x000000008d500000, 0x000000008d600000, 0x000000008d600000|100%| O|  |TAMS 0x000000008d500000, 0x000000008d500000| Untracked 
| 214|0x000000008d600000, 0x000000008d700000, 0x000000008d700000|100%|HS|  |TAMS 0x000000008d600000, 0x000000008d600000| Complete 
| 215|0x000000008d700000, 0x000000008d800000, 0x000000008d800000|100%|HS|  |TAMS 0x000000008d700000, 0x000000008d700000| Complete 
| 216|0x000000008d800000, 0x000000008d900000, 0x000000008d900000|100%|HS|  |TAMS 0x000000008d800000, 0x000000008d800000| Complete 
| 217|0x000000008d900000, 0x000000008da00000, 0x000000008da00000|100%|HC|  |TAMS 0x000000008d900000, 0x000000008d900000| Complete 
| 218|0x000000008da00000, 0x000000008db00000, 0x000000008db00000|100%|HS|  |TAMS 0x000000008da00000, 0x000000008da00000| Complete 
| 219|0x000000008db00000, 0x000000008dc00000, 0x000000008dc00000|100%|HC|  |TAMS 0x000000008db00000, 0x000000008db00000| Complete 
| 220|0x000000008dc00000, 0x000000008dd00000, 0x000000008dd00000|100%| O|  |TAMS 0x000000008dc00000, 0x000000008dc00000| Untracked 
| 221|0x000000008dd00000, 0x000000008de00000, 0x000000008de00000|100%| O|  |TAMS 0x000000008dd00000, 0x000000008dd00000| Untracked 
| 222|0x000000008de00000, 0x000000008df00000, 0x000000008df00000|100%| O|  |TAMS 0x000000008de00000, 0x000000008de00000| Untracked 
| 223|0x000000008df00000, 0x000000008e000000, 0x000000008e000000|100%| O|  |TAMS 0x000000008df00000, 0x000000008df00000| Untracked 
| 224|0x000000008e000000, 0x000000008e100000, 0x000000008e100000|100%| O|  |TAMS 0x000000008e000000, 0x000000008e000000| Untracked 
| 225|0x000000008e100000, 0x000000008e200000, 0x000000008e200000|100%| O|  |TAMS 0x000000008e100000, 0x000000008e100000| Untracked 
| 226|0x000000008e200000, 0x000000008e300000, 0x000000008e300000|100%| O|  |TAMS 0x000000008e200000, 0x000000008e200000| Untracked 
| 227|0x000000008e300000, 0x000000008e400000, 0x000000008e400000|100%| O|  |TAMS 0x000000008e300000, 0x000000008e300000| Untracked 
| 228|0x000000008e400000, 0x000000008e500000, 0x000000008e500000|100%| O|  |TAMS 0x000000008e400000, 0x000000008e400000| Untracked 
| 229|0x000000008e500000, 0x000000008e600000, 0x000000008e600000|100%| O|  |TAMS 0x000000008e500000, 0x000000008e500000| Untracked 
| 230|0x000000008e600000, 0x000000008e700000, 0x000000008e700000|100%| O|  |TAMS 0x000000008e600000, 0x000000008e600000| Untracked 
| 231|0x000000008e700000, 0x000000008e800000, 0x000000008e800000|100%| O|  |TAMS 0x000000008e700000, 0x000000008e700000| Untracked 
| 232|0x000000008e800000, 0x000000008e900000, 0x000000008e900000|100%| O|  |TAMS 0x000000008e800000, 0x000000008e800000| Untracked 
| 233|0x000000008e900000, 0x000000008ea00000, 0x000000008ea00000|100%| O|  |TAMS 0x000000008e900000, 0x000000008e900000| Untracked 
| 234|0x000000008ea00000, 0x000000008eb00000, 0x000000008eb00000|100%| O|  |TAMS 0x000000008ea00000, 0x000000008ea00000| Untracked 
| 235|0x000000008eb00000, 0x000000008ec00000, 0x000000008ec00000|100%| O|  |TAMS 0x000000008eb00000, 0x000000008eb00000| Untracked 
| 236|0x000000008ec00000, 0x000000008ed00000, 0x000000008ed00000|100%| O|  |TAMS 0x000000008ec00000, 0x000000008ec00000| Untracked 
| 237|0x000000008ed00000, 0x000000008ee00000, 0x000000008ee00000|100%| O|  |TAMS 0x000000008ed00000, 0x000000008ed00000| Untracked 
| 238|0x000000008ee00000, 0x000000008ef00000, 0x000000008ef00000|100%| O|  |TAMS 0x000000008ee00000, 0x000000008ee00000| Untracked 
| 239|0x000000008ef00000, 0x000000008f000000, 0x000000008f000000|100%| O|  |TAMS 0x000000008ef00000, 0x000000008ef00000| Untracked 
| 240|0x000000008f000000, 0x000000008f100000, 0x000000008f100000|100%| O|  |TAMS 0x000000008f000000, 0x000000008f000000| Untracked 
| 241|0x000000008f100000, 0x000000008f200000, 0x000000008f200000|100%| O|  |TAMS 0x000000008f100000, 0x000000008f100000| Untracked 
| 242|0x000000008f200000, 0x000000008f300000, 0x000000008f300000|100%| O|  |TAMS 0x000000008f200000, 0x000000008f200000| Untracked 
| 243|0x000000008f300000, 0x000000008f400000, 0x000000008f400000|100%| O|  |TAMS 0x000000008f300000, 0x000000008f300000| Untracked 
| 244|0x000000008f400000, 0x000000008f500000, 0x000000008f500000|100%| O|  |TAMS 0x000000008f400000, 0x000000008f400000| Untracked 
| 245|0x000000008f500000, 0x000000008f600000, 0x000000008f600000|100%|HS|  |TAMS 0x000000008f500000, 0x000000008f500000| Complete 
| 246|0x000000008f600000, 0x000000008f700000, 0x000000008f700000|100%|HS|  |TAMS 0x000000008f600000, 0x000000008f600000| Complete 
| 247|0x000000008f700000, 0x000000008f800000, 0x000000008f800000|100%|HS|  |TAMS 0x000000008f700000, 0x000000008f700000| Complete 
| 248|0x000000008f800000, 0x000000008f900000, 0x000000008f900000|100%|HC|  |TAMS 0x000000008f800000, 0x000000008f800000| Complete 
| 249|0x000000008f900000, 0x000000008fa00000, 0x000000008fa00000|100%| O|  |TAMS 0x000000008f900000, 0x000000008f900000| Untracked 
| 250|0x000000008fa00000, 0x000000008fb00000, 0x000000008fb00000|100%|HS|  |TAMS 0x000000008fa00000, 0x000000008fa00000| Complete 
| 251|0x000000008fb00000, 0x000000008fc00000, 0x000000008fc00000|100%|HS|  |TAMS 0x000000008fb00000, 0x000000008fb00000| Complete 
| 252|0x000000008fc00000, 0x000000008fd00000, 0x000000008fd00000|100%|HS|  |TAMS 0x000000008fc00000, 0x000000008fc00000| Complete 
| 253|0x000000008fd00000, 0x000000008fe00000, 0x000000008fe00000|100%|HS|  |TAMS 0x000000008fd00000, 0x000000008fd00000| Complete 
| 254|0x000000008fe00000, 0x000000008ff00000, 0x000000008ff00000|100%|HS|  |TAMS 0x000000008fe00000, 0x000000008fe00000| Complete 
| 255|0x000000008ff00000, 0x0000000090000000, 0x0000000090000000|100%|HS|  |TAMS 0x000000008ff00000, 0x000000008ff00000| Complete 
| 256|0x0000000090000000, 0x0000000090100000, 0x0000000090100000|100%|HS|  |TAMS 0x0000000090000000, 0x0000000090000000| Complete 
| 257|0x0000000090100000, 0x0000000090200000, 0x0000000090200000|100%| O|  |TAMS 0x0000000090100000, 0x0000000090100000| Untracked 
| 258|0x0000000090200000, 0x0000000090300000, 0x0000000090300000|100%| O|  |TAMS 0x0000000090200000, 0x0000000090200000| Untracked 
| 259|0x0000000090300000, 0x0000000090400000, 0x0000000090400000|100%| O|  |TAMS 0x0000000090300000, 0x0000000090300000| Untracked 
| 260|0x0000000090400000, 0x0000000090500000, 0x0000000090500000|100%| O|  |TAMS 0x0000000090400000, 0x0000000090400000| Untracked 
| 261|0x0000000090500000, 0x0000000090600000, 0x0000000090600000|100%| O|  |TAMS 0x0000000090500000, 0x0000000090500000| Untracked 
| 262|0x0000000090600000, 0x0000000090700000, 0x0000000090700000|100%| O|  |TAMS 0x0000000090600000, 0x0000000090600000| Untracked 
| 263|0x0000000090700000, 0x0000000090800000, 0x0000000090800000|100%| O|  |TAMS 0x0000000090700000, 0x0000000090700000| Untracked 
| 264|0x0000000090800000, 0x0000000090900000, 0x0000000090900000|100%| O|  |TAMS 0x0000000090800000, 0x0000000090800000| Untracked 
| 265|0x0000000090900000, 0x0000000090a00000, 0x0000000090a00000|100%| O|  |TAMS 0x0000000090900000, 0x0000000090900000| Untracked 
| 266|0x0000000090a00000, 0x0000000090b00000, 0x0000000090b00000|100%| O|  |TAMS 0x0000000090a00000, 0x0000000090a00000| Untracked 
| 267|0x0000000090b00000, 0x0000000090c00000, 0x0000000090c00000|100%| O|  |TAMS 0x0000000090b00000, 0x0000000090b00000| Untracked 
| 268|0x0000000090c00000, 0x0000000090d00000, 0x0000000090d00000|100%| O|  |TAMS 0x0000000090c00000, 0x0000000090c00000| Untracked 
| 269|0x0000000090d00000, 0x0000000090e00000, 0x0000000090e00000|100%| O|  |TAMS 0x0000000090e00000, 0x0000000090d00000| Untracked 
| 270|0x0000000090e00000, 0x0000000090f00000, 0x0000000090f00000|100%|HS|  |TAMS 0x0000000090e00000, 0x0000000090e00000| Complete 
| 271|0x0000000090f00000, 0x0000000091000000, 0x0000000091000000|100%|HC|  |TAMS 0x0000000090f00000, 0x0000000090f00000| Complete 
| 272|0x0000000091000000, 0x0000000091100000, 0x0000000091100000|100%|HS|  |TAMS 0x0000000091000000, 0x0000000091000000| Complete 
| 273|0x0000000091100000, 0x0000000091200000, 0x0000000091200000|100%|HS|  |TAMS 0x0000000091100000, 0x0000000091100000| Complete 
| 274|0x0000000091200000, 0x0000000091300000, 0x0000000091300000|100%|HS|  |TAMS 0x0000000091200000, 0x0000000091200000| Complete 
| 275|0x0000000091300000, 0x0000000091400000, 0x0000000091400000|100%|HC|  |TAMS 0x0000000091300000, 0x0000000091300000| Complete 
| 276|0x0000000091400000, 0x0000000091500000, 0x0000000091500000|100%|HS|  |TAMS 0x0000000091400000, 0x0000000091400000| Complete 
| 277|0x0000000091500000, 0x0000000091600000, 0x0000000091600000|100%|HS|  |TAMS 0x0000000091500000, 0x0000000091500000| Complete 
| 278|0x0000000091600000, 0x0000000091700000, 0x0000000091700000|100%|HS|  |TAMS 0x0000000091600000, 0x0000000091600000| Complete 
| 279|0x0000000091700000, 0x0000000091800000, 0x0000000091800000|100%|HS|  |TAMS 0x0000000091700000, 0x0000000091700000| Complete 
| 280|0x0000000091800000, 0x0000000091900000, 0x0000000091900000|100%|HS|  |TAMS 0x0000000091800000, 0x0000000091800000| Complete 
| 281|0x0000000091900000, 0x0000000091a00000, 0x0000000091a00000|100%|HS|  |TAMS 0x0000000091900000, 0x0000000091900000| Complete 
| 282|0x0000000091a00000, 0x0000000091b00000, 0x0000000091b00000|100%|HS|  |TAMS 0x0000000091a00000, 0x0000000091a00000| Complete 
| 283|0x0000000091b00000, 0x0000000091c00000, 0x0000000091c00000|100%|HS|  |TAMS 0x0000000091b00000, 0x0000000091b00000| Complete 
| 284|0x0000000091c00000, 0x0000000091d00000, 0x0000000091d00000|100%|HC|  |TAMS 0x0000000091c00000, 0x0000000091c00000| Complete 
| 285|0x0000000091d00000, 0x0000000091e00000, 0x0000000091e00000|100%|HS|  |TAMS 0x0000000091d00000, 0x0000000091d00000| Complete 
| 286|0x0000000091e00000, 0x0000000091f00000, 0x0000000091f00000|100%|HC|  |TAMS 0x0000000091e00000, 0x0000000091e00000| Complete 
| 287|0x0000000091f00000, 0x0000000092000000, 0x0000000092000000|100%| O|  |TAMS 0x0000000091f00000, 0x0000000091f00000| Untracked 
| 288|0x0000000092000000, 0x0000000092100000, 0x0000000092100000|100%| O|  |TAMS 0x0000000092000000, 0x0000000092000000| Untracked 
| 289|0x0000000092100000, 0x0000000092200000, 0x0000000092200000|100%| O|  |TAMS 0x0000000092100000, 0x0000000092100000| Untracked 
| 290|0x0000000092200000, 0x0000000092300000, 0x0000000092300000|100%| O|  |TAMS 0x0000000092200000, 0x0000000092200000| Untracked 
| 291|0x0000000092300000, 0x0000000092400000, 0x0000000092400000|100%| O|  |TAMS 0x0000000092300000, 0x0000000092300000| Untracked 
| 292|0x0000000092400000, 0x0000000092500000, 0x0000000092500000|100%| O|  |TAMS 0x0000000092400000, 0x0000000092400000| Untracked 
| 293|0x0000000092500000, 0x0000000092600000, 0x0000000092600000|100%| O|  |TAMS 0x0000000092500000, 0x0000000092500000| Untracked 
| 294|0x0000000092600000, 0x0000000092700000, 0x0000000092700000|100%| O|  |TAMS 0x0000000092600000, 0x0000000092600000| Untracked 
| 295|0x0000000092700000, 0x0000000092800000, 0x0000000092800000|100%| O|  |TAMS 0x0000000092700000, 0x0000000092700000| Untracked 
| 296|0x0000000092800000, 0x0000000092900000, 0x0000000092900000|100%| O|  |TAMS 0x0000000092800000, 0x0000000092800000| Untracked 
| 297|0x0000000092900000, 0x0000000092a00000, 0x0000000092a00000|100%| O|  |TAMS 0x0000000092900000, 0x0000000092900000| Untracked 
| 298|0x0000000092a00000, 0x0000000092b00000, 0x0000000092b00000|100%| O|  |TAMS 0x0000000092a00000, 0x0000000092a00000| Untracked 
| 299|0x0000000092b00000, 0x0000000092c00000, 0x0000000092c00000|100%| O|  |TAMS 0x0000000092b00000, 0x0000000092b00000| Untracked 
| 300|0x0000000092c00000, 0x0000000092d00000, 0x0000000092d00000|100%| O|  |TAMS 0x0000000092c00000, 0x0000000092c00000| Untracked 
| 301|0x0000000092d00000, 0x0000000092e00000, 0x0000000092e00000|100%| O|  |TAMS 0x0000000092d00000, 0x0000000092d00000| Untracked 
| 302|0x0000000092e00000, 0x0000000092f00000, 0x0000000092f00000|100%| O|  |TAMS 0x0000000092e00000, 0x0000000092e00000| Untracked 
| 303|0x0000000092f00000, 0x0000000093000000, 0x0000000093000000|100%| O|  |TAMS 0x0000000092f00000, 0x0000000092f00000| Untracked 
| 304|0x0000000093000000, 0x0000000093100000, 0x0000000093100000|100%| O|  |TAMS 0x0000000093000000, 0x0000000093000000| Untracked 
| 305|0x0000000093100000, 0x0000000093200000, 0x0000000093200000|100%| O|  |TAMS 0x0000000093100000, 0x0000000093100000| Untracked 
| 306|0x0000000093200000, 0x0000000093300000, 0x0000000093300000|100%| O|  |TAMS 0x0000000093200000, 0x0000000093200000| Untracked 
| 307|0x0000000093300000, 0x0000000093400000, 0x0000000093400000|100%| O|  |TAMS 0x0000000093300000, 0x0000000093300000| Untracked 
| 308|0x0000000093400000, 0x0000000093500000, 0x0000000093500000|100%| O|  |TAMS 0x0000000093400000, 0x0000000093400000| Untracked 
| 309|0x0000000093500000, 0x0000000093600000, 0x0000000093600000|100%| O|  |TAMS 0x0000000093500000, 0x0000000093500000| Untracked 
| 310|0x0000000093600000, 0x0000000093700000, 0x0000000093700000|100%| O|  |TAMS 0x0000000093600000, 0x0000000093600000| Untracked 
| 311|0x0000000093700000, 0x0000000093800000, 0x0000000093800000|100%| O|  |TAMS 0x0000000093800000, 0x0000000093700000| Untracked 
| 312|0x0000000093800000, 0x0000000093900000, 0x0000000093900000|100%| O|  |TAMS 0x0000000093900000, 0x0000000093800000| Untracked 
| 313|0x0000000093900000, 0x0000000093a00000, 0x0000000093a00000|100%| O|  |TAMS 0x0000000093a00000, 0x0000000093900000| Untracked 
| 314|0x0000000093a00000, 0x0000000093b00000, 0x0000000093b00000|100%| O|  |TAMS 0x0000000093b00000, 0x0000000093a00000| Untracked 
| 315|0x0000000093b00000, 0x0000000093c00000, 0x0000000093c00000|100%| O|  |TAMS 0x0000000093c00000, 0x0000000093b00000| Untracked 
| 316|0x0000000093c00000, 0x0000000093d00000, 0x0000000093d00000|100%| O|  |TAMS 0x0000000093d00000, 0x0000000093c00000| Untracked 
| 317|0x0000000093d00000, 0x0000000093e00000, 0x0000000093e00000|100%| O|  |TAMS 0x0000000093d00000, 0x0000000093d00000| Untracked 
| 318|0x0000000093e00000, 0x0000000093f00000, 0x0000000093f00000|100%| O|  |TAMS 0x0000000093e00000, 0x0000000093e00000| Untracked 
| 319|0x0000000093f00000, 0x0000000094000000, 0x0000000094000000|100%| O|  |TAMS 0x0000000094000000, 0x0000000093f00000| Untracked 
| 320|0x0000000094000000, 0x0000000094100000, 0x0000000094100000|100%| O|  |TAMS 0x0000000094000000, 0x0000000094000000| Untracked 
| 321|0x0000000094100000, 0x0000000094200000, 0x0000000094200000|100%| O|  |TAMS 0x0000000094100000, 0x0000000094100000| Untracked 
| 322|0x0000000094200000, 0x0000000094300000, 0x0000000094300000|100%| O|  |TAMS 0x0000000094200000, 0x0000000094200000| Untracked 
| 323|0x0000000094300000, 0x0000000094400000, 0x0000000094400000|100%| O|  |TAMS 0x0000000094300000, 0x0000000094300000| Untracked 
| 324|0x0000000094400000, 0x0000000094500000, 0x0000000094500000|100%| O|  |TAMS 0x0000000094400000, 0x0000000094400000| Untracked 
| 325|0x0000000094500000, 0x0000000094600000, 0x0000000094600000|100%| O|  |TAMS 0x0000000094500000, 0x0000000094500000| Untracked 
| 326|0x0000000094600000, 0x0000000094700000, 0x0000000094700000|100%| O|  |TAMS 0x0000000094600000, 0x0000000094600000| Untracked 
| 327|0x0000000094700000, 0x0000000094800000, 0x0000000094800000|100%| O|  |TAMS 0x0000000094700000, 0x0000000094700000| Untracked 
| 328|0x0000000094800000, 0x0000000094800000, 0x0000000094900000|  0%| F|  |TAMS 0x0000000094800000, 0x0000000094800000| Untracked 
| 329|0x0000000094900000, 0x0000000094900000, 0x0000000094a00000|  0%| F|  |TAMS 0x0000000094900000, 0x0000000094900000| Untracked 
| 330|0x0000000094a00000, 0x0000000094a00000, 0x0000000094b00000|  0%| F|  |TAMS 0x0000000094a00000, 0x0000000094a00000| Untracked 
| 331|0x0000000094b00000, 0x0000000094b00000, 0x0000000094c00000|  0%| F|  |TAMS 0x0000000094b00000, 0x0000000094b00000| Untracked 
| 332|0x0000000094c00000, 0x0000000094c00000, 0x0000000094d00000|  0%| F|  |TAMS 0x0000000094c00000, 0x0000000094c00000| Untracked 
| 333|0x0000000094d00000, 0x0000000094d00000, 0x0000000094e00000|  0%| F|  |TAMS 0x0000000094d00000, 0x0000000094d00000| Untracked 
| 334|0x0000000094e00000, 0x0000000094e00000, 0x0000000094f00000|  0%| F|  |TAMS 0x0000000094e00000, 0x0000000094e00000| Untracked 
| 335|0x0000000094f00000, 0x0000000094f00000, 0x0000000095000000|  0%| F|  |TAMS 0x0000000094f00000, 0x0000000094f00000| Untracked 
| 336|0x0000000095000000, 0x0000000095000000, 0x0000000095100000|  0%| F|  |TAMS 0x0000000095000000, 0x0000000095000000| Untracked 
| 337|0x0000000095100000, 0x0000000095100000, 0x0000000095200000|  0%| F|  |TAMS 0x0000000095100000, 0x0000000095100000| Untracked 
| 338|0x0000000095200000, 0x0000000095200000, 0x0000000095300000|  0%| F|  |TAMS 0x0000000095200000, 0x0000000095200000| Untracked 
| 339|0x0000000095300000, 0x0000000095300000, 0x0000000095400000|  0%| F|  |TAMS 0x0000000095300000, 0x0000000095300000| Untracked 
| 340|0x0000000095400000, 0x0000000095400000, 0x0000000095500000|  0%| F|  |TAMS 0x0000000095400000, 0x0000000095400000| Untracked 
| 341|0x0000000095500000, 0x0000000095500000, 0x0000000095600000|  0%| F|  |TAMS 0x0000000095500000, 0x0000000095500000| Untracked 
| 342|0x0000000095600000, 0x0000000095700000, 0x0000000095700000|100%| O|  |TAMS 0x0000000095600000, 0x0000000095600000| Untracked 
| 343|0x0000000095700000, 0x0000000095800000, 0x0000000095800000|100%| O|  |TAMS 0x0000000095700000, 0x0000000095700000| Untracked 
| 344|0x0000000095800000, 0x0000000095900000, 0x0000000095900000|100%| O|  |TAMS 0x0000000095800000, 0x0000000095800000| Untracked 
| 345|0x0000000095900000, 0x0000000095a00000, 0x0000000095a00000|100%| O|  |TAMS 0x0000000095900000, 0x0000000095900000| Untracked 
| 346|0x0000000095a00000, 0x0000000095b00000, 0x0000000095b00000|100%| O|  |TAMS 0x0000000095a00000, 0x0000000095a00000| Untracked 
| 347|0x0000000095b00000, 0x0000000095c00000, 0x0000000095c00000|100%| O|  |TAMS 0x0000000095b00000, 0x0000000095b00000| Untracked 
| 348|0x0000000095c00000, 0x0000000095d00000, 0x0000000095d00000|100%| O|  |TAMS 0x0000000095c00000, 0x0000000095c00000| Untracked 
| 349|0x0000000095d00000, 0x0000000095e00000, 0x0000000095e00000|100%| O|  |TAMS 0x0000000095d00000, 0x0000000095d00000| Untracked 
| 350|0x0000000095e00000, 0x0000000095f00000, 0x0000000095f00000|100%| O|  |TAMS 0x0000000095e00000, 0x0000000095e00000| Untracked 
| 351|0x0000000095f00000, 0x0000000096000000, 0x0000000096000000|100%| O|  |TAMS 0x0000000095f00000, 0x0000000095f00000| Untracked 
| 352|0x0000000096000000, 0x0000000096100000, 0x0000000096100000|100%| O|  |TAMS 0x0000000096000000, 0x0000000096000000| Untracked 
| 353|0x0000000096100000, 0x0000000096100000, 0x0000000096200000|  0%| F|  |TAMS 0x0000000096100000, 0x0000000096100000| Untracked 
| 354|0x0000000096200000, 0x0000000096200000, 0x0000000096300000|  0%| F|  |TAMS 0x0000000096200000, 0x0000000096200000| Untracked 
| 355|0x0000000096300000, 0x0000000096300000, 0x0000000096400000|  0%| F|  |TAMS 0x0000000096300000, 0x0000000096300000| Untracked 
| 356|0x0000000096400000, 0x0000000096400000, 0x0000000096500000|  0%| F|  |TAMS 0x0000000096400000, 0x0000000096400000| Untracked 
| 357|0x0000000096500000, 0x0000000096500000, 0x0000000096600000|  0%| F|  |TAMS 0x0000000096500000, 0x0000000096500000| Untracked 
| 358|0x0000000096600000, 0x0000000096600000, 0x0000000096700000|  0%| F|  |TAMS 0x0000000096600000, 0x0000000096600000| Untracked 
| 359|0x0000000096700000, 0x0000000096700000, 0x0000000096800000|  0%| F|  |TAMS 0x0000000096700000, 0x0000000096700000| Untracked 
| 360|0x0000000096800000, 0x0000000096800000, 0x0000000096900000|  0%| F|  |TAMS 0x0000000096800000, 0x0000000096800000| Untracked 
| 361|0x0000000096900000, 0x0000000096900000, 0x0000000096a00000|  0%| F|  |TAMS 0x0000000096900000, 0x0000000096900000| Untracked 
| 362|0x0000000096a00000, 0x0000000096a00000, 0x0000000096b00000|  0%| F|  |TAMS 0x0000000096a00000, 0x0000000096a00000| Untracked 
| 363|0x0000000096b00000, 0x0000000096b00000, 0x0000000096c00000|  0%| F|  |TAMS 0x0000000096b00000, 0x0000000096b00000| Untracked 
| 364|0x0000000096c00000, 0x0000000096c00000, 0x0000000096d00000|  0%| F|  |TAMS 0x0000000096c00000, 0x0000000096c00000| Untracked 
| 365|0x0000000096d00000, 0x0000000096d00000, 0x0000000096e00000|  0%| F|  |TAMS 0x0000000096d00000, 0x0000000096d00000| Untracked 
| 366|0x0000000096e00000, 0x0000000096e00000, 0x0000000096f00000|  0%| F|  |TAMS 0x0000000096e00000, 0x0000000096e00000| Untracked 
| 367|0x0000000096f00000, 0x0000000096f00000, 0x0000000097000000|  0%| F|  |TAMS 0x0000000096f00000, 0x0000000096f00000| Untracked 
| 368|0x0000000097000000, 0x0000000097000000, 0x0000000097100000|  0%| F|  |TAMS 0x0000000097000000, 0x0000000097000000| Untracked 
| 369|0x0000000097100000, 0x0000000097100000, 0x0000000097200000|  0%| F|  |TAMS 0x0000000097100000, 0x0000000097100000| Untracked 
| 370|0x0000000097200000, 0x0000000097200000, 0x0000000097300000|  0%| F|  |TAMS 0x0000000097200000, 0x0000000097200000| Untracked 
| 371|0x0000000097300000, 0x0000000097300000, 0x0000000097400000|  0%| F|  |TAMS 0x0000000097300000, 0x0000000097300000| Untracked 
| 372|0x0000000097400000, 0x0000000097400000, 0x0000000097500000|  0%| F|  |TAMS 0x0000000097400000, 0x0000000097400000| Untracked 
| 373|0x0000000097500000, 0x0000000097500000, 0x0000000097600000|  0%| F|  |TAMS 0x0000000097500000, 0x0000000097500000| Untracked 
| 374|0x0000000097600000, 0x0000000097600000, 0x0000000097700000|  0%| F|  |TAMS 0x0000000097600000, 0x0000000097600000| Untracked 
| 375|0x0000000097700000, 0x0000000097700000, 0x0000000097800000|  0%| F|  |TAMS 0x0000000097700000, 0x0000000097700000| Untracked 
| 376|0x0000000097800000, 0x0000000097800000, 0x0000000097900000|  0%| F|  |TAMS 0x0000000097800000, 0x0000000097800000| Untracked 
| 377|0x0000000097900000, 0x0000000097900000, 0x0000000097a00000|  0%| F|  |TAMS 0x0000000097900000, 0x0000000097900000| Untracked 
| 378|0x0000000097a00000, 0x0000000097a00000, 0x0000000097b00000|  0%| F|  |TAMS 0x0000000097a00000, 0x0000000097a00000| Untracked 
| 379|0x0000000097b00000, 0x0000000097b00000, 0x0000000097c00000|  0%| F|  |TAMS 0x0000000097b00000, 0x0000000097b00000| Untracked 
| 380|0x0000000097c00000, 0x0000000097c00000, 0x0000000097d00000|  0%| F|  |TAMS 0x0000000097c00000, 0x0000000097c00000| Untracked 
| 381|0x0000000097d00000, 0x0000000097d00000, 0x0000000097e00000|  0%| F|  |TAMS 0x0000000097d00000, 0x0000000097d00000| Untracked 
| 382|0x0000000097e00000, 0x0000000097e00000, 0x0000000097f00000|  0%| F|  |TAMS 0x0000000097e00000, 0x0000000097e00000| Untracked 
| 383|0x0000000097f00000, 0x0000000097f00000, 0x0000000098000000|  0%| F|  |TAMS 0x0000000097f00000, 0x0000000097f00000| Untracked 
| 384|0x0000000098000000, 0x0000000098100000, 0x0000000098100000|100%| O|  |TAMS 0x0000000098100000, 0x0000000098000000| Untracked 
| 385|0x0000000098100000, 0x0000000098100000, 0x0000000098200000|  0%| F|  |TAMS 0x0000000098100000, 0x0000000098100000| Untracked 
| 386|0x0000000098200000, 0x0000000098200000, 0x0000000098300000|  0%| F|  |TAMS 0x0000000098200000, 0x0000000098200000| Untracked 
| 387|0x0000000098300000, 0x0000000098300000, 0x0000000098400000|  0%| F|  |TAMS 0x0000000098300000, 0x0000000098300000| Untracked 
| 388|0x0000000098400000, 0x0000000098400000, 0x0000000098500000|  0%| F|  |TAMS 0x0000000098400000, 0x0000000098400000| Untracked 
| 389|0x0000000098500000, 0x0000000098500000, 0x0000000098600000|  0%| F|  |TAMS 0x0000000098500000, 0x0000000098500000| Untracked 
| 390|0x0000000098600000, 0x0000000098600000, 0x0000000098700000|  0%| F|  |TAMS 0x0000000098600000, 0x0000000098600000| Untracked 
| 391|0x0000000098700000, 0x0000000098700000, 0x0000000098800000|  0%| F|  |TAMS 0x0000000098700000, 0x0000000098700000| Untracked 
| 392|0x0000000098800000, 0x0000000098800000, 0x0000000098900000|  0%| F|  |TAMS 0x0000000098800000, 0x0000000098800000| Untracked 
| 393|0x0000000098900000, 0x0000000098900000, 0x0000000098a00000|  0%| F|  |TAMS 0x0000000098900000, 0x0000000098900000| Untracked 
| 394|0x0000000098a00000, 0x0000000098a00000, 0x0000000098b00000|  0%| F|  |TAMS 0x0000000098a00000, 0x0000000098a00000| Untracked 
| 395|0x0000000098b00000, 0x0000000098b00000, 0x0000000098c00000|  0%| F|  |TAMS 0x0000000098b00000, 0x0000000098b00000| Untracked 
| 396|0x0000000098c00000, 0x0000000098c00000, 0x0000000098d00000|  0%| F|  |TAMS 0x0000000098c00000, 0x0000000098c00000| Untracked 
| 397|0x0000000098d00000, 0x0000000098d00000, 0x0000000098e00000|  0%| F|  |TAMS 0x0000000098d00000, 0x0000000098d00000| Untracked 
| 398|0x0000000098e00000, 0x0000000098e00000, 0x0000000098f00000|  0%| F|  |TAMS 0x0000000098e00000, 0x0000000098e00000| Untracked 
| 399|0x0000000098f00000, 0x0000000099000000, 0x0000000099000000|100%| O|  |TAMS 0x0000000099000000, 0x0000000098f00000| Untracked 
| 400|0x0000000099000000, 0x0000000099100000, 0x0000000099100000|100%| O|  |TAMS 0x0000000099100000, 0x0000000099000000| Untracked 
| 401|0x0000000099100000, 0x0000000099200000, 0x0000000099200000|100%| O|  |TAMS 0x0000000099200000, 0x0000000099100000| Untracked 
| 402|0x0000000099200000, 0x0000000099300000, 0x0000000099300000|100%| O|  |TAMS 0x0000000099300000, 0x0000000099200000| Untracked 
| 403|0x0000000099300000, 0x0000000099400000, 0x0000000099400000|100%| O|  |TAMS 0x0000000099400000, 0x0000000099300000| Untracked 
| 404|0x0000000099400000, 0x0000000099500000, 0x0000000099500000|100%| O|  |TAMS 0x0000000099500000, 0x0000000099400000| Untracked 
| 405|0x0000000099500000, 0x0000000099600000, 0x0000000099600000|100%| O|  |TAMS 0x0000000099600000, 0x0000000099500000| Untracked 
| 406|0x0000000099600000, 0x0000000099600000, 0x0000000099700000|  0%| F|  |TAMS 0x0000000099600000, 0x0000000099600000| Untracked 
| 407|0x0000000099700000, 0x0000000099800000, 0x0000000099800000|100%| O|  |TAMS 0x0000000099720400, 0x0000000099700000| Untracked 
| 408|0x0000000099800000, 0x0000000099900000, 0x0000000099900000|100%| O|  |TAMS 0x0000000099800000, 0x0000000099800000| Untracked 
| 409|0x0000000099900000, 0x0000000099a00000, 0x0000000099a00000|100%| O|  |TAMS 0x0000000099900000, 0x0000000099900000| Untracked 
| 410|0x0000000099a00000, 0x0000000099b00000, 0x0000000099b00000|100%| O|  |TAMS 0x0000000099a00000, 0x0000000099a00000| Untracked 
| 411|0x0000000099b00000, 0x0000000099c00000, 0x0000000099c00000|100%| O|  |TAMS 0x0000000099b00000, 0x0000000099b00000| Untracked 
| 412|0x0000000099c00000, 0x0000000099c00000, 0x0000000099d00000|  0%| F|  |TAMS 0x0000000099c00000, 0x0000000099c00000| Untracked 
| 413|0x0000000099d00000, 0x0000000099d00000, 0x0000000099e00000|  0%| F|  |TAMS 0x0000000099d00000, 0x0000000099d00000| Untracked 
| 414|0x0000000099e00000, 0x0000000099e00000, 0x0000000099f00000|  0%| F|  |TAMS 0x0000000099e00000, 0x0000000099e00000| Untracked 
| 415|0x0000000099f00000, 0x0000000099f00000, 0x000000009a000000|  0%| F|  |TAMS 0x0000000099f00000, 0x0000000099f00000| Untracked 
| 416|0x000000009a000000, 0x000000009a000000, 0x000000009a100000|  0%| F|  |TAMS 0x000000009a000000, 0x000000009a000000| Untracked 
| 417|0x000000009a100000, 0x000000009a100000, 0x000000009a200000|  0%| F|  |TAMS 0x000000009a100000, 0x000000009a100000| Untracked 
| 418|0x000000009a200000, 0x000000009a200000, 0x000000009a300000|  0%| F|  |TAMS 0x000000009a200000, 0x000000009a200000| Untracked 
| 419|0x000000009a300000, 0x000000009a300000, 0x000000009a400000|  0%| F|  |TAMS 0x000000009a300000, 0x000000009a300000| Untracked 
| 420|0x000000009a400000, 0x000000009a400000, 0x000000009a500000|  0%| F|  |TAMS 0x000000009a400000, 0x000000009a400000| Untracked 
| 421|0x000000009a500000, 0x000000009a500000, 0x000000009a600000|  0%| F|  |TAMS 0x000000009a500000, 0x000000009a500000| Untracked 
| 422|0x000000009a600000, 0x000000009a600000, 0x000000009a700000|  0%| F|  |TAMS 0x000000009a600000, 0x000000009a600000| Untracked 
| 423|0x000000009a700000, 0x000000009a700000, 0x000000009a800000|  0%| F|  |TAMS 0x000000009a700000, 0x000000009a700000| Untracked 
| 424|0x000000009a800000, 0x000000009a800000, 0x000000009a900000|  0%| F|  |TAMS 0x000000009a800000, 0x000000009a800000| Untracked 
| 425|0x000000009a900000, 0x000000009a900000, 0x000000009aa00000|  0%| F|  |TAMS 0x000000009a900000, 0x000000009a900000| Untracked 
| 426|0x000000009aa00000, 0x000000009aa96270, 0x000000009ab00000| 58%| S|CS|TAMS 0x000000009aa00000, 0x000000009aa00000| Complete 
| 427|0x000000009ab00000, 0x000000009ac00000, 0x000000009ac00000|100%| S|CS|TAMS 0x000000009ab00000, 0x000000009ab00000| Complete 
| 428|0x000000009ac00000, 0x000000009ad00000, 0x000000009ad00000|100%| S|CS|TAMS 0x000000009ac00000, 0x000000009ac00000| Complete 
| 429|0x000000009ad00000, 0x000000009ae00000, 0x000000009ae00000|100%| S|CS|TAMS 0x000000009ad00000, 0x000000009ad00000| Complete 
| 430|0x000000009ae00000, 0x000000009af00000, 0x000000009af00000|100%| S|CS|TAMS 0x000000009ae00000, 0x000000009ae00000| Complete 
| 431|0x000000009af00000, 0x000000009b000000, 0x000000009b000000|100%| S|CS|TAMS 0x000000009af00000, 0x000000009af00000| Complete 
| 432|0x000000009b000000, 0x000000009b100000, 0x000000009b100000|100%| S|CS|TAMS 0x000000009b000000, 0x000000009b000000| Complete 
| 433|0x000000009b100000, 0x000000009b200000, 0x000000009b200000|100%| S|CS|TAMS 0x000000009b100000, 0x000000009b100000| Complete 
| 434|0x000000009b200000, 0x000000009b300000, 0x000000009b300000|100%| S|CS|TAMS 0x000000009b200000, 0x000000009b200000| Complete 
| 435|0x000000009b300000, 0x000000009b400000, 0x000000009b400000|100%| S|CS|TAMS 0x000000009b300000, 0x000000009b300000| Complete 
| 436|0x000000009b400000, 0x000000009b400000, 0x000000009b500000|  0%| F|  |TAMS 0x000000009b400000, 0x000000009b400000| Untracked 
| 437|0x000000009b500000, 0x000000009b500000, 0x000000009b600000|  0%| F|  |TAMS 0x000000009b500000, 0x000000009b500000| Untracked 
| 438|0x000000009b600000, 0x000000009b600000, 0x000000009b700000|  0%| F|  |TAMS 0x000000009b600000, 0x000000009b600000| Untracked 
| 439|0x000000009b700000, 0x000000009b700000, 0x000000009b800000|  0%| F|  |TAMS 0x000000009b700000, 0x000000009b700000| Untracked 
| 440|0x000000009b800000, 0x000000009b800000, 0x000000009b900000|  0%| F|  |TAMS 0x000000009b800000, 0x000000009b800000| Untracked 
| 441|0x000000009b900000, 0x000000009b900000, 0x000000009ba00000|  0%| F|  |TAMS 0x000000009b900000, 0x000000009b900000| Untracked 
| 442|0x000000009ba00000, 0x000000009ba00000, 0x000000009bb00000|  0%| F|  |TAMS 0x000000009ba00000, 0x000000009ba00000| Untracked 
| 443|0x000000009bb00000, 0x000000009bb00000, 0x000000009bc00000|  0%| F|  |TAMS 0x000000009bb00000, 0x000000009bb00000| Untracked 
| 444|0x000000009bc00000, 0x000000009bc00000, 0x000000009bd00000|  0%| F|  |TAMS 0x000000009bc00000, 0x000000009bc00000| Untracked 
| 445|0x000000009bd00000, 0x000000009bd00000, 0x000000009be00000|  0%| F|  |TAMS 0x000000009bd00000, 0x000000009bd00000| Untracked 
| 446|0x000000009be00000, 0x000000009be00000, 0x000000009bf00000|  0%| F|  |TAMS 0x000000009be00000, 0x000000009be00000| Untracked 
| 447|0x000000009bf00000, 0x000000009bf00000, 0x000000009c000000|  0%| F|  |TAMS 0x000000009bf00000, 0x000000009bf00000| Untracked 
| 448|0x000000009c000000, 0x000000009c000000, 0x000000009c100000|  0%| F|  |TAMS 0x000000009c000000, 0x000000009c000000| Untracked 
| 449|0x000000009c100000, 0x000000009c100000, 0x000000009c200000|  0%| F|  |TAMS 0x000000009c100000, 0x000000009c100000| Untracked 
| 450|0x000000009c200000, 0x000000009c200000, 0x000000009c300000|  0%| F|  |TAMS 0x000000009c200000, 0x000000009c200000| Untracked 
| 451|0x000000009c300000, 0x000000009c300000, 0x000000009c400000|  0%| F|  |TAMS 0x000000009c300000, 0x000000009c300000| Untracked 
| 452|0x000000009c400000, 0x000000009c400000, 0x000000009c500000|  0%| F|  |TAMS 0x000000009c400000, 0x000000009c400000| Untracked 
| 453|0x000000009c500000, 0x000000009c500000, 0x000000009c600000|  0%| F|  |TAMS 0x000000009c500000, 0x000000009c500000| Untracked 
| 454|0x000000009c600000, 0x000000009c600000, 0x000000009c700000|  0%| F|  |TAMS 0x000000009c600000, 0x000000009c600000| Untracked 
| 455|0x000000009c700000, 0x000000009c700000, 0x000000009c800000|  0%| F|  |TAMS 0x000000009c700000, 0x000000009c700000| Untracked 
| 456|0x000000009c800000, 0x000000009c800000, 0x000000009c900000|  0%| F|  |TAMS 0x000000009c800000, 0x000000009c800000| Untracked 
| 457|0x000000009c900000, 0x000000009c900000, 0x000000009ca00000|  0%| F|  |TAMS 0x000000009c900000, 0x000000009c900000| Untracked 
| 458|0x000000009ca00000, 0x000000009ca00000, 0x000000009cb00000|  0%| F|  |TAMS 0x000000009ca00000, 0x000000009ca00000| Untracked 
| 459|0x000000009cb00000, 0x000000009cb00000, 0x000000009cc00000|  0%| F|  |TAMS 0x000000009cb00000, 0x000000009cb00000| Untracked 
| 460|0x000000009cc00000, 0x000000009cc00000, 0x000000009cd00000|  0%| F|  |TAMS 0x000000009cc00000, 0x000000009cc00000| Untracked 
| 461|0x000000009cd00000, 0x000000009cd00000, 0x000000009ce00000|  0%| F|  |TAMS 0x000000009cd00000, 0x000000009cd00000| Untracked 
| 462|0x000000009ce00000, 0x000000009ce00000, 0x000000009cf00000|  0%| F|  |TAMS 0x000000009ce00000, 0x000000009ce00000| Untracked 
| 463|0x000000009cf00000, 0x000000009cf00000, 0x000000009d000000|  0%| F|  |TAMS 0x000000009cf00000, 0x000000009cf00000| Untracked 
| 464|0x000000009d000000, 0x000000009d000000, 0x000000009d100000|  0%| F|  |TAMS 0x000000009d000000, 0x000000009d000000| Untracked 
| 465|0x000000009d100000, 0x000000009d100000, 0x000000009d200000|  0%| F|  |TAMS 0x000000009d100000, 0x000000009d100000| Untracked 
| 466|0x000000009d200000, 0x000000009d200000, 0x000000009d300000|  0%| F|  |TAMS 0x000000009d200000, 0x000000009d200000| Untracked 
| 467|0x000000009d300000, 0x000000009d300000, 0x000000009d400000|  0%| F|  |TAMS 0x000000009d300000, 0x000000009d300000| Untracked 
| 468|0x000000009d400000, 0x000000009d400000, 0x000000009d500000|  0%| F|  |TAMS 0x000000009d400000, 0x000000009d400000| Untracked 
| 469|0x000000009d500000, 0x000000009d500000, 0x000000009d600000|  0%| F|  |TAMS 0x000000009d500000, 0x000000009d500000| Untracked 
| 470|0x000000009d600000, 0x000000009d600000, 0x000000009d700000|  0%| F|  |TAMS 0x000000009d600000, 0x000000009d600000| Untracked 
| 471|0x000000009d700000, 0x000000009d700000, 0x000000009d800000|  0%| F|  |TAMS 0x000000009d700000, 0x000000009d700000| Untracked 
| 472|0x000000009d800000, 0x000000009d800000, 0x000000009d900000|  0%| F|  |TAMS 0x000000009d800000, 0x000000009d800000| Untracked 
| 473|0x000000009d900000, 0x000000009d900000, 0x000000009da00000|  0%| F|  |TAMS 0x000000009d900000, 0x000000009d900000| Untracked 
| 474|0x000000009da00000, 0x000000009da00000, 0x000000009db00000|  0%| F|  |TAMS 0x000000009da00000, 0x000000009da00000| Untracked 
| 475|0x000000009db00000, 0x000000009db00000, 0x000000009dc00000|  0%| F|  |TAMS 0x000000009db00000, 0x000000009db00000| Untracked 
| 476|0x000000009dc00000, 0x000000009dc00000, 0x000000009dd00000|  0%| F|  |TAMS 0x000000009dc00000, 0x000000009dc00000| Untracked 
| 477|0x000000009dd00000, 0x000000009dd00000, 0x000000009de00000|  0%| F|  |TAMS 0x000000009dd00000, 0x000000009dd00000| Untracked 
| 478|0x000000009de00000, 0x000000009de00000, 0x000000009df00000|  0%| F|  |TAMS 0x000000009de00000, 0x000000009de00000| Untracked 
| 479|0x000000009df00000, 0x000000009df00000, 0x000000009e000000|  0%| F|  |TAMS 0x000000009df00000, 0x000000009df00000| Untracked 
| 480|0x000000009e000000, 0x000000009e000000, 0x000000009e100000|  0%| F|  |TAMS 0x000000009e000000, 0x000000009e000000| Untracked 
| 481|0x000000009e100000, 0x000000009e100000, 0x000000009e200000|  0%| F|  |TAMS 0x000000009e100000, 0x000000009e100000| Untracked 
| 482|0x000000009e200000, 0x000000009e200000, 0x000000009e300000|  0%| F|  |TAMS 0x000000009e200000, 0x000000009e200000| Untracked 
| 483|0x000000009e300000, 0x000000009e300000, 0x000000009e400000|  0%| F|  |TAMS 0x000000009e300000, 0x000000009e300000| Untracked 
| 484|0x000000009e400000, 0x000000009e400000, 0x000000009e500000|  0%| F|  |TAMS 0x000000009e400000, 0x000000009e400000| Untracked 
| 485|0x000000009e500000, 0x000000009e500000, 0x000000009e600000|  0%| F|  |TAMS 0x000000009e500000, 0x000000009e500000| Untracked 
| 486|0x000000009e600000, 0x000000009e600000, 0x000000009e700000|  0%| F|  |TAMS 0x000000009e600000, 0x000000009e600000| Untracked 
| 487|0x000000009e700000, 0x000000009e700000, 0x000000009e800000|  0%| F|  |TAMS 0x000000009e700000, 0x000000009e700000| Untracked 
| 488|0x000000009e800000, 0x000000009e800000, 0x000000009e900000|  0%| F|  |TAMS 0x000000009e800000, 0x000000009e800000| Untracked 
| 489|0x000000009e900000, 0x000000009e900000, 0x000000009ea00000|  0%| F|  |TAMS 0x000000009e900000, 0x000000009e900000| Untracked 
| 490|0x000000009ea00000, 0x000000009ea00000, 0x000000009eb00000|  0%| F|  |TAMS 0x000000009ea00000, 0x000000009ea00000| Untracked 
| 491|0x000000009eb00000, 0x000000009eb00000, 0x000000009ec00000|  0%| F|  |TAMS 0x000000009eb00000, 0x000000009eb00000| Untracked 
| 492|0x000000009ec00000, 0x000000009ec00000, 0x000000009ed00000|  0%| F|  |TAMS 0x000000009ec00000, 0x000000009ec00000| Untracked 
| 493|0x000000009ed00000, 0x000000009ed00000, 0x000000009ee00000|  0%| F|  |TAMS 0x000000009ed00000, 0x000000009ed00000| Untracked 
| 494|0x000000009ee00000, 0x000000009ee00000, 0x000000009ef00000|  0%| F|  |TAMS 0x000000009ee00000, 0x000000009ee00000| Untracked 
| 495|0x000000009ef00000, 0x000000009ef00000, 0x000000009f000000|  0%| F|  |TAMS 0x000000009ef00000, 0x000000009ef00000| Untracked 
| 496|0x000000009f000000, 0x000000009f000000, 0x000000009f100000|  0%| F|  |TAMS 0x000000009f000000, 0x000000009f000000| Untracked 
| 497|0x000000009f100000, 0x000000009f100000, 0x000000009f200000|  0%| F|  |TAMS 0x000000009f100000, 0x000000009f100000| Untracked 
| 498|0x000000009f200000, 0x000000009f200000, 0x000000009f300000|  0%| F|  |TAMS 0x000000009f200000, 0x000000009f200000| Untracked 
| 499|0x000000009f300000, 0x000000009f300000, 0x000000009f400000|  0%| F|  |TAMS 0x000000009f300000, 0x000000009f300000| Untracked 
| 500|0x000000009f400000, 0x000000009f400000, 0x000000009f500000|  0%| F|  |TAMS 0x000000009f400000, 0x000000009f400000| Untracked 
| 501|0x000000009f500000, 0x000000009f500000, 0x000000009f600000|  0%| F|  |TAMS 0x000000009f500000, 0x000000009f500000| Untracked 
| 502|0x000000009f600000, 0x000000009f600000, 0x000000009f700000|  0%| F|  |TAMS 0x000000009f600000, 0x000000009f600000| Untracked 
| 503|0x000000009f700000, 0x000000009f700000, 0x000000009f800000|  0%| F|  |TAMS 0x000000009f700000, 0x000000009f700000| Untracked 
| 504|0x000000009f800000, 0x000000009f800000, 0x000000009f900000|  0%| F|  |TAMS 0x000000009f800000, 0x000000009f800000| Untracked 
| 505|0x000000009f900000, 0x000000009f900000, 0x000000009fa00000|  0%| F|  |TAMS 0x000000009f900000, 0x000000009f900000| Untracked 
| 506|0x000000009fa00000, 0x000000009fa00000, 0x000000009fb00000|  0%| F|  |TAMS 0x000000009fa00000, 0x000000009fa00000| Untracked 
| 507|0x000000009fb00000, 0x000000009fb00000, 0x000000009fc00000|  0%| F|  |TAMS 0x000000009fb00000, 0x000000009fb00000| Untracked 
| 508|0x000000009fc00000, 0x000000009fc00000, 0x000000009fd00000|  0%| F|  |TAMS 0x000000009fc00000, 0x000000009fc00000| Untracked 
| 509|0x000000009fd00000, 0x000000009fd00000, 0x000000009fe00000|  0%| F|  |TAMS 0x000000009fd00000, 0x000000009fd00000| Untracked 
| 510|0x000000009fe00000, 0x000000009fe00000, 0x000000009ff00000|  0%| F|  |TAMS 0x000000009fe00000, 0x000000009fe00000| Untracked 
| 511|0x000000009ff00000, 0x000000009ff00000, 0x00000000a0000000|  0%| F|  |TAMS 0x000000009ff00000, 0x000000009ff00000| Untracked 
|1975|0x00000000fb700000, 0x00000000fb800000, 0x00000000fb800000|100%| O|  |TAMS 0x00000000fb700000, 0x00000000fb700000| Untracked 
|1976|0x00000000fb800000, 0x00000000fb900000, 0x00000000fb900000|100%| O|  |TAMS 0x00000000fb800000, 0x00000000fb800000| Untracked 
|1977|0x00000000fb900000, 0x00000000fba00000, 0x00000000fba00000|100%| O|  |TAMS 0x00000000fb900000, 0x00000000fb900000| Untracked 
|1978|0x00000000fba00000, 0x00000000fbb00000, 0x00000000fbb00000|100%| O|  |TAMS 0x00000000fba00000, 0x00000000fba00000| Untracked 
|1979|0x00000000fbb00000, 0x00000000fbc00000, 0x00000000fbc00000|100%| O|  |TAMS 0x00000000fbb00000, 0x00000000fbb00000| Untracked 
|1980|0x00000000fbc00000, 0x00000000fbd00000, 0x00000000fbd00000|100%| O|  |TAMS 0x00000000fbc00000, 0x00000000fbc00000| Untracked 
|1981|0x00000000fbd00000, 0x00000000fbe00000, 0x00000000fbe00000|100%| O|  |TAMS 0x00000000fbd00000, 0x00000000fbd00000| Untracked 
|1982|0x00000000fbe00000, 0x00000000fbf00000, 0x00000000fbf00000|100%| O|  |TAMS 0x00000000fbe00000, 0x00000000fbe00000| Untracked 
|1983|0x00000000fbf00000, 0x00000000fc000000, 0x00000000fc000000|100%| O|  |TAMS 0x00000000fbf00000, 0x00000000fbf00000| Untracked 
|1984|0x00000000fc000000, 0x00000000fc100000, 0x00000000fc100000|100%| O|  |TAMS 0x00000000fc000000, 0x00000000fc000000| Untracked 
|1985|0x00000000fc100000, 0x00000000fc200000, 0x00000000fc200000|100%| O|  |TAMS 0x00000000fc100000, 0x00000000fc100000| Untracked 
|1986|0x00000000fc200000, 0x00000000fc300000, 0x00000000fc300000|100%| O|  |TAMS 0x00000000fc200000, 0x00000000fc200000| Untracked 
|1987|0x00000000fc300000, 0x00000000fc400000, 0x00000000fc400000|100%| O|  |TAMS 0x00000000fc300000, 0x00000000fc300000| Untracked 
|1988|0x00000000fc400000, 0x00000000fc500000, 0x00000000fc500000|100%| O|  |TAMS 0x00000000fc400000, 0x00000000fc400000| Untracked 
|1989|0x00000000fc500000, 0x00000000fc600000, 0x00000000fc600000|100%| O|  |TAMS 0x00000000fc500000, 0x00000000fc500000| Untracked 
|1990|0x00000000fc600000, 0x00000000fc700000, 0x00000000fc700000|100%| O|  |TAMS 0x00000000fc600000, 0x00000000fc600000| Untracked 
|1991|0x00000000fc700000, 0x00000000fc800000, 0x00000000fc800000|100%| O|  |TAMS 0x00000000fc700000, 0x00000000fc700000| Untracked 
|1992|0x00000000fc800000, 0x00000000fc900000, 0x00000000fc900000|100%| O|  |TAMS 0x00000000fc800000, 0x00000000fc800000| Untracked 
|1993|0x00000000fc900000, 0x00000000fca00000, 0x00000000fca00000|100%| O|  |TAMS 0x00000000fc900000, 0x00000000fc900000| Untracked 
|1994|0x00000000fca00000, 0x00000000fcb00000, 0x00000000fcb00000|100%| O|  |TAMS 0x00000000fca00000, 0x00000000fca00000| Untracked 
|1995|0x00000000fcb00000, 0x00000000fcc00000, 0x00000000fcc00000|100%| O|  |TAMS 0x00000000fcb00000, 0x00000000fcb00000| Untracked 
|1996|0x00000000fcc00000, 0x00000000fcd00000, 0x00000000fcd00000|100%| O|  |TAMS 0x00000000fcc00000, 0x00000000fcc00000| Untracked 
|1997|0x00000000fcd00000, 0x00000000fce00000, 0x00000000fce00000|100%| O|  |TAMS 0x00000000fcd00000, 0x00000000fcd00000| Untracked 
|1998|0x00000000fce00000, 0x00000000fcf00000, 0x00000000fcf00000|100%| O|  |TAMS 0x00000000fce00000, 0x00000000fce00000| Untracked 
|1999|0x00000000fcf00000, 0x00000000fd000000, 0x00000000fd000000|100%| O|  |TAMS 0x00000000fcf00000, 0x00000000fcf00000| Untracked 
|2000|0x00000000fd000000, 0x00000000fd100000, 0x00000000fd100000|100%| O|  |TAMS 0x00000000fd000000, 0x00000000fd000000| Untracked 
|2001|0x00000000fd100000, 0x00000000fd200000, 0x00000000fd200000|100%| O|  |TAMS 0x00000000fd100000, 0x00000000fd100000| Untracked 
|2002|0x00000000fd200000, 0x00000000fd300000, 0x00000000fd300000|100%| O|  |TAMS 0x00000000fd200000, 0x00000000fd200000| Untracked 
|2003|0x00000000fd300000, 0x00000000fd400000, 0x00000000fd400000|100%| O|  |TAMS 0x00000000fd300000, 0x00000000fd300000| Untracked 
|2004|0x00000000fd400000, 0x00000000fd500000, 0x00000000fd500000|100%| O|  |TAMS 0x00000000fd400000, 0x00000000fd400000| Untracked 
|2005|0x00000000fd500000, 0x00000000fd600000, 0x00000000fd600000|100%| O|  |TAMS 0x00000000fd500000, 0x00000000fd500000| Untracked 
|2006|0x00000000fd600000, 0x00000000fd700000, 0x00000000fd700000|100%| O|  |TAMS 0x00000000fd600000, 0x00000000fd600000| Untracked 
|2007|0x00000000fd700000, 0x00000000fd800000, 0x00000000fd800000|100%| O|  |TAMS 0x00000000fd700000, 0x00000000fd700000| Untracked 
|2008|0x00000000fd800000, 0x00000000fd900000, 0x00000000fd900000|100%| O|  |TAMS 0x00000000fd800000, 0x00000000fd800000| Untracked 
|2009|0x00000000fd900000, 0x00000000fda00000, 0x00000000fda00000|100%| O|  |TAMS 0x00000000fd900000, 0x00000000fd900000| Untracked 
|2010|0x00000000fda00000, 0x00000000fdb00000, 0x00000000fdb00000|100%| O|  |TAMS 0x00000000fda00000, 0x00000000fda00000| Untracked 
|2011|0x00000000fdb00000, 0x00000000fdc00000, 0x00000000fdc00000|100%| O|  |TAMS 0x00000000fdb00000, 0x00000000fdb00000| Untracked 
|2012|0x00000000fdc00000, 0x00000000fdd00000, 0x00000000fdd00000|100%| O|  |TAMS 0x00000000fdc00000, 0x00000000fdc00000| Untracked 
|2013|0x00000000fdd00000, 0x00000000fde00000, 0x00000000fde00000|100%| O|  |TAMS 0x00000000fdd00000, 0x00000000fdd00000| Untracked 
|2014|0x00000000fde00000, 0x00000000fdf00000, 0x00000000fdf00000|100%| O|  |TAMS 0x00000000fde00000, 0x00000000fde00000| Untracked 
|2015|0x00000000fdf00000, 0x00000000fe000000, 0x00000000fe000000|100%| O|  |TAMS 0x00000000fdf00000, 0x00000000fdf00000| Untracked 
|2016|0x00000000fe000000, 0x00000000fe100000, 0x00000000fe100000|100%| O|  |TAMS 0x00000000fe000000, 0x00000000fe000000| Untracked 
|2017|0x00000000fe100000, 0x00000000fe200000, 0x00000000fe200000|100%| O|  |TAMS 0x00000000fe100000, 0x00000000fe100000| Untracked 
|2018|0x00000000fe200000, 0x00000000fe300000, 0x00000000fe300000|100%| O|  |TAMS 0x00000000fe200000, 0x00000000fe200000| Untracked 
|2019|0x00000000fe300000, 0x00000000fe400000, 0x00000000fe400000|100%| O|  |TAMS 0x00000000fe300000, 0x00000000fe300000| Untracked 
|2020|0x00000000fe400000, 0x00000000fe500000, 0x00000000fe500000|100%| O|  |TAMS 0x00000000fe400000, 0x00000000fe400000| Untracked 
|2021|0x00000000fe500000, 0x00000000fe600000, 0x00000000fe600000|100%| O|  |TAMS 0x00000000fe500000, 0x00000000fe500000| Untracked 
|2022|0x00000000fe600000, 0x00000000fe700000, 0x00000000fe700000|100%| O|  |TAMS 0x00000000fe600000, 0x00000000fe600000| Untracked 
|2023|0x00000000fe700000, 0x00000000fe800000, 0x00000000fe800000|100%| O|  |TAMS 0x00000000fe700000, 0x00000000fe700000| Untracked 
|2024|0x00000000fe800000, 0x00000000fe900000, 0x00000000fe900000|100%| O|  |TAMS 0x00000000fe800000, 0x00000000fe800000| Untracked 
|2025|0x00000000fe900000, 0x00000000fea00000, 0x00000000fea00000|100%| O|  |TAMS 0x00000000fe900000, 0x00000000fe900000| Untracked 
|2026|0x00000000fea00000, 0x00000000feb00000, 0x00000000feb00000|100%| O|  |TAMS 0x00000000fea00000, 0x00000000fea00000| Untracked 
|2027|0x00000000feb00000, 0x00000000fec00000, 0x00000000fec00000|100%| O|  |TAMS 0x00000000feb00000, 0x00000000feb00000| Untracked 
|2028|0x00000000fec00000, 0x00000000fed00000, 0x00000000fed00000|100%| O|  |TAMS 0x00000000fec00000, 0x00000000fec00000| Untracked 
|2029|0x00000000fed00000, 0x00000000fee00000, 0x00000000fee00000|100%| O|  |TAMS 0x00000000fed00000, 0x00000000fed00000| Untracked 
|2030|0x00000000fee00000, 0x00000000fef00000, 0x00000000fef00000|100%| O|  |TAMS 0x00000000fee00000, 0x00000000fee00000| Untracked 
|2031|0x00000000fef00000, 0x00000000ff000000, 0x00000000ff000000|100%| O|  |TAMS 0x00000000fef00000, 0x00000000fef00000| Untracked 
|2032|0x00000000ff000000, 0x00000000ff100000, 0x00000000ff100000|100%| O|  |TAMS 0x00000000ff000000, 0x00000000ff000000| Untracked 
|2033|0x00000000ff100000, 0x00000000ff200000, 0x00000000ff200000|100%| O|  |TAMS 0x00000000ff100000, 0x00000000ff100000| Untracked 
|2034|0x00000000ff200000, 0x00000000ff300000, 0x00000000ff300000|100%| O|  |TAMS 0x00000000ff200000, 0x00000000ff200000| Untracked 
|2035|0x00000000ff300000, 0x00000000ff400000, 0x00000000ff400000|100%| O|  |TAMS 0x00000000ff300000, 0x00000000ff300000| Untracked 
|2036|0x00000000ff400000, 0x00000000ff400000, 0x00000000ff500000|  0%| F|  |TAMS 0x00000000ff400000, 0x00000000ff400000| Untracked 
|2037|0x00000000ff500000, 0x00000000ff500000, 0x00000000ff600000|  0%| F|  |TAMS 0x00000000ff500000, 0x00000000ff500000| Untracked 
|2038|0x00000000ff600000, 0x00000000ff600000, 0x00000000ff700000|  0%| F|  |TAMS 0x00000000ff600000, 0x00000000ff600000| Untracked 
|2039|0x00000000ff700000, 0x00000000ff700000, 0x00000000ff800000|  0%| F|  |TAMS 0x00000000ff700000, 0x00000000ff700000| Untracked 
|2040|0x00000000ff800000, 0x00000000ff800000, 0x00000000ff900000|  0%| F|  |TAMS 0x00000000ff800000, 0x00000000ff800000| Untracked 
|2041|0x00000000ff900000, 0x00000000ff980800, 0x00000000ffa00000| 50%| E|  |TAMS 0x00000000ff900000, 0x00000000ff900000| Complete 
|2042|0x00000000ffa00000, 0x00000000ffb00000, 0x00000000ffb00000|100%| E|CS|TAMS 0x00000000ffa00000, 0x00000000ffa00000| Complete 
|2043|0x00000000ffb00000, 0x00000000ffc00000, 0x00000000ffc00000|100%| E|CS|TAMS 0x00000000ffb00000, 0x00000000ffb00000| Complete 
|2044|0x00000000ffc00000, 0x00000000ffd00000, 0x00000000ffd00000|100%| E|CS|TAMS 0x00000000ffc00000, 0x00000000ffc00000| Complete 
|2045|0x00000000ffd00000, 0x00000000ffe00000, 0x00000000ffe00000|100%| E|CS|TAMS 0x00000000ffd00000, 0x00000000ffd00000| Complete 
|2046|0x00000000ffe00000, 0x00000000fff00000, 0x00000000fff00000|100%| E|CS|TAMS 0x00000000ffe00000, 0x00000000ffe00000| Complete 
|2047|0x00000000fff00000, 0x0000000100000000, 0x0000000100000000|100%| E|CS|TAMS 0x00000000fff00000, 0x00000000fff00000| Complete 

Card table byte_map: [0x00000224fd2e0000,0x00000224fd6e0000] _byte_map_base: 0x00000224fcee0000

Marking Bits (Prev, Next): (CMBitMap*) 0x00000224e641f420, (CMBitMap*) 0x00000224e641f460
 Prev Bits: [0x00000224fdae0000, 0x00000224ffae0000)
 Next Bits: [0x0000022480000000, 0x0000022482000000)

Polling page: 0x00000224e5b80000

Metaspace:

Usage:
  Non-class:    135.35 MB used.
      Class:     20.71 MB used.
       Both:    156.06 MB used.

Virtual space:
  Non-class space:      192.00 MB reserved,     136.44 MB ( 71%) committed,  3 nodes.
      Class space:      416.00 MB reserved,      21.75 MB (  5%) committed,  1 nodes.
             Both:      608.00 MB reserved,     158.19 MB ( 26%) committed. 

Chunk freelists:
   Non-Class:  6.83 MB
       Class:  10.27 MB
        Both:  17.09 MB

MaxMetaspaceSize: 512.00 MB
CompressedClassSpaceSize: 416.00 MB
Initial GC threshold: 21.00 MB
Current GC threshold: 249.06 MB
CDS: on
MetaspaceReclaimPolicy: balanced
 - commit_granule_bytes: 65536.
 - commit_granule_words: 8192.
 - virtual_space_node_default_size: 8388608.
 - enlarge_chunks_in_place: 1.
 - new_chunks_are_fully_committed: 0.
 - uncommit_free_chunks: 1.
 - use_allocation_guard: 0.
 - handle_deallocations: 1.


Internal statistics:

num_allocs_failed_limit: 15.
num_arena_births: 3748.
num_arena_deaths: 0.
num_vsnodes_births: 4.
num_vsnodes_deaths: 0.
num_space_committed: 2528.
num_space_uncommitted: 0.
num_chunks_returned_to_freelist: 15.
num_chunks_taken_from_freelist: 11413.
num_chunk_merges: 15.
num_chunk_splits: 6999.
num_chunks_enlarged: 3870.
num_inconsistent_stats: 0.

CodeHeap 'non-profiled nmethods': size=120000Kb used=25452Kb max_used=25452Kb free=94547Kb
 bounds [0x00000224f59b0000, 0x00000224f7290000, 0x00000224fcee0000]
CodeHeap 'profiled nmethods': size=120000Kb used=47913Kb max_used=47913Kb free=72086Kb
 bounds [0x00000224edee0000, 0x00000224f0dc0000, 0x00000224f5410000]
CodeHeap 'non-nmethods': size=5760Kb used=2545Kb max_used=2695Kb free=3214Kb
 bounds [0x00000224f5410000, 0x00000224f56e0000, 0x00000224f59b0000]
 total_blobs=26480 nmethods=25383 adapters=1007
 compilation: enabled
              stopped_count=0, restarted_count=0
 full_count=0

Compilation events (20 events):
Event: 1947.853 Thread 0x00000224af6c0040 nmethod 32595 0x00000224f7282390 code [0x00000224f72825c0, 0x00000224f7283920]
Event: 1947.853 Thread 0x00000224af6c0040 32609       4       groovyjarjarantlr4.v4.runtime.misc.MurmurHash::update (75 bytes)
Event: 1947.853 Thread 0x00000224af6c0040 nmethod 32609 0x00000224f7284510 code [0x00000224f7284680, 0x00000224f72846f8]
Event: 1947.875 Thread 0x00000224841f4460 32621       3       groovyjarjarantlr4.v4.runtime.atn.ATNConfig::<init> (23 bytes)
Event: 1947.876 Thread 0x00000224841f4460 nmethod 32621 0x00000224f0000910 code [0x00000224f0000ac0, 0x00000224f0000cf8]
Event: 1947.876 Thread 0x00000224841f4460 32622       3       groovyjarjarantlr4.v4.runtime.atn.ATNConfig::transform (101 bytes)
Event: 1947.877 Thread 0x00000224841f4460 nmethod 32622 0x00000224effff590 code [0x00000224effff7e0, 0x00000224f00005a8]
Event: 1947.878 Thread 0x00000224841f4460 32623       3       groovyjarjarantlr4.v4.runtime.atn.ATNConfig::transform (19 bytes)
Event: 1947.878 Thread 0x00000224841f4460 nmethod 32623 0x00000224effff010 code [0x00000224effff1c0, 0x00000224effff4a8]
Event: 1947.878 Thread 0x00000224841f4460 32624       3       groovyjarjarantlr4.v4.runtime.atn.ATNConfigSet::add (356 bytes)
Event: 1947.879 Thread 0x00000224af6c0040 32627       4       groovyjarjarantlr4.v4.runtime.atn.ATNConfig::getSemanticContext (4 bytes)
Event: 1947.880 Thread 0x00000224af6c0040 nmethod 32627 0x00000224f7284810 code [0x00000224f7284980, 0x00000224f72849f8]
Event: 1947.880 Thread 0x00000224af6c0040 32631       4       groovyjarjarantlr4.v4.runtime.misc.MurmurHash::initialize (2 bytes)
Event: 1947.881 Thread 0x00000224af6c0040 nmethod 32631 0x00000224f7284b10 code [0x00000224f7284c80, 0x00000224f7284cd8]
Event: 1947.881 Thread 0x00000224841f4460 nmethod 32624 0x00000224efffb610 code [0x00000224efffba80, 0x00000224efffe2e8]
Event: 1947.881 Thread 0x00000224841f4460 32630       3       groovyjarjarantlr4.v4.runtime.atn.ParserATNSimulator::closure (784 bytes)
Event: 1947.881 Thread 0x00000224af6c0040 32632       4       groovyjarjarantlr4.v4.runtime.misc.MurmurHash::finish (39 bytes)
Event: 1947.882 Thread 0x00000224af6c0040 nmethod 32632 0x00000224f7284e10 code [0x00000224f7284f80, 0x00000224f7285018]
Event: 1947.882 Thread 0x00000224af6c0040 32636       4       groovyjarjarantlr4.v4.runtime.atn.ATNConfig::getAlt (8 bytes)
Event: 1947.883 Thread 0x00000224af6c0040 nmethod 32636 0x00000224f7285110 code [0x00000224f7285280, 0x00000224f72852f8]

GC Heap History (20 events):
Event: 347.752 GC heap before
{Heap before GC invocations=73 (full 0):
 garbage-first heap   total 536576K, used 496039K [0x0000000080000000, 0x0000000100000000)
  region size 1024K, 246 young (251904K), 8 survivors (8192K)
 Metaspace       used 155658K, committed 157632K, reserved 622592K
  class space    used 20584K, committed 21504K, reserved 425984K
}
Event: 347.953 GC heap after
{Heap after GC invocations=74 (full 0):
 garbage-first heap   total 599040K, used 315129K [0x0000000080000000, 0x0000000100000000)
  region size 1024K, 31 young (31744K), 31 survivors (31744K)
 Metaspace       used 155658K, committed 157632K, reserved 622592K
  class space    used 20584K, committed 21504K, reserved 425984K
}
Event: 351.613 GC heap before
{Heap before GC invocations=74 (full 0):
 garbage-first heap   total 599040K, used 449273K [0x0000000080000000, 0x0000000100000000)
  region size 1024K, 162 young (165888K), 31 survivors (31744K)
 Metaspace       used 155728K, committed 157696K, reserved 622592K
  class space    used 20585K, committed 21504K, reserved 425984K
}
Event: 351.767 GC heap after
{Heap after GC invocations=75 (full 0):
 garbage-first heap   total 599040K, used 340992K [0x0000000080000000, 0x0000000100000000)
  region size 1024K, 21 young (21504K), 21 survivors (21504K)
 Metaspace       used 155728K, committed 157696K, reserved 622592K
  class space    used 20585K, committed 21504K, reserved 425984K
}
Event: 353.164 GC heap before
{Heap before GC invocations=75 (full 0):
 garbage-first heap   total 599040K, used 412672K [0x0000000080000000, 0x0000000100000000)
  region size 1024K, 86 young (88064K), 21 survivors (21504K)
 Metaspace       used 155793K, committed 157696K, reserved 622592K
  class space    used 20585K, committed 21504K, reserved 425984K
}
Event: 353.210 GC heap after
{Heap after GC invocations=76 (full 0):
 garbage-first heap   total 599040K, used 352768K [0x0000000080000000, 0x0000000100000000)
  region size 1024K, 6 young (6144K), 6 survivors (6144K)
 Metaspace       used 155793K, committed 157696K, reserved 622592K
  class space    used 20585K, committed 21504K, reserved 425984K
}
Event: 357.897 GC heap before
{Heap before GC invocations=76 (full 0):
 garbage-first heap   total 599040K, used 498176K [0x0000000080000000, 0x0000000100000000)
  region size 1024K, 122 young (124928K), 6 survivors (6144K)
 Metaspace       used 155816K, committed 157760K, reserved 622592K
  class space    used 20585K, committed 21504K, reserved 425984K
}
Event: 357.929 GC heap after
{Heap after GC invocations=77 (full 0):
 garbage-first heap   total 599040K, used 386880K [0x0000000080000000, 0x0000000100000000)
  region size 1024K, 16 young (16384K), 16 survivors (16384K)
 Metaspace       used 155816K, committed 157760K, reserved 622592K
  class space    used 20585K, committed 21504K, reserved 425984K
}
Event: 359.027 GC heap before
{Heap before GC invocations=77 (full 0):
 garbage-first heap   total 599040K, used 500544K [0x0000000080000000, 0x0000000100000000)
  region size 1024K, 115 young (117760K), 16 survivors (16384K)
 Metaspace       used 155859K, committed 157824K, reserved 622592K
  class space    used 20589K, committed 21568K, reserved 425984K
}
Event: 359.110 GC heap after
{Heap after GC invocations=78 (full 0):
 garbage-first heap   total 599040K, used 415045K [0x0000000080000000, 0x0000000100000000)
  region size 1024K, 15 young (15360K), 15 survivors (15360K)
 Metaspace       used 155859K, committed 157824K, reserved 622592K
  class space    used 20589K, committed 21568K, reserved 425984K
}
Event: 362.785 GC heap before
{Heap before GC invocations=78 (full 0):
 garbage-first heap   total 599040K, used 518469K [0x0000000080000000, 0x0000000100000000)
  region size 1024K, 94 young (96256K), 15 survivors (15360K)
 Metaspace       used 155864K, committed 157824K, reserved 622592K
  class space    used 20590K, committed 21568K, reserved 425984K
}
Event: 362.800 GC heap after
{Heap after GC invocations=79 (full 0):
 garbage-first heap   total 599040K, used 418502K [0x0000000080000000, 0x0000000100000000)
  region size 1024K, 2 young (2048K), 2 survivors (2048K)
 Metaspace       used 155864K, committed 157824K, reserved 622592K
  class space    used 20590K, committed 21568K, reserved 425984K
}
Event: 444.838 GC heap before
{Heap before GC invocations=79 (full 0):
 garbage-first heap   total 599040K, used 520902K [0x0000000080000000, 0x0000000100000000)
  region size 1024K, 85 young (87040K), 2 survivors (2048K)
 Metaspace       used 156382K, committed 158464K, reserved 622592K
  class space    used 20676K, committed 21696K, reserved 425984K
}
Event: 444.849 GC heap after
{Heap after GC invocations=80 (full 0):
 garbage-first heap   total 599040K, used 413253K [0x0000000080000000, 0x0000000100000000)
  region size 1024K, 6 young (6144K), 6 survivors (6144K)
 Metaspace       used 156382K, committed 158464K, reserved 622592K
  class space    used 20676K, committed 21696K, reserved 425984K
}
Event: 446.134 GC heap before
{Heap before GC invocations=80 (full 0):
 garbage-first heap   total 599040K, used 504389K [0x0000000080000000, 0x0000000100000000)
  region size 1024K, 96 young (98304K), 6 survivors (6144K)
 Metaspace       used 156890K, committed 159104K, reserved 622592K
  class space    used 20748K, committed 21824K, reserved 425984K
}
Event: 446.160 GC heap after
{Heap after GC invocations=81 (full 0):
 garbage-first heap   total 599040K, used 423508K [0x0000000080000000, 0x0000000100000000)
  region size 1024K, 12 young (12288K), 12 survivors (12288K)
 Metaspace       used 156890K, committed 159104K, reserved 622592K
  class space    used 20748K, committed 21824K, reserved 425984K
}
Event: 1943.985 GC heap before
{Heap before GC invocations=81 (full 0):
 garbage-first heap   total 599040K, used 506452K [0x0000000080000000, 0x0000000100000000)
  region size 1024K, 94 young (96256K), 12 survivors (12288K)
 Metaspace       used 157108K, committed 159296K, reserved 622592K
  class space    used 20760K, committed 21824K, reserved 425984K
}
Event: 1944.137 GC heap after
{Heap after GC invocations=82 (full 0):
 garbage-first heap   total 599040K, used 425472K [0x0000000080000000, 0x0000000100000000)
  region size 1024K, 3 young (3072K), 3 survivors (3072K)
 Metaspace       used 157108K, committed 159296K, reserved 622592K
  class space    used 20760K, committed 21824K, reserved 425984K
}
Event: 1947.488 GC heap before
{Heap before GC invocations=82 (full 0):
 garbage-first heap   total 599040K, used 511488K [0x0000000080000000, 0x0000000100000000)
  region size 1024K, 88 young (90112K), 3 survivors (3072K)
 Metaspace       used 159252K, committed 161472K, reserved 622592K
  class space    used 21122K, committed 22208K, reserved 425984K
}
Event: 1947.518 GC heap after
{Heap after GC invocations=83 (full 0):
 garbage-first heap   total 599040K, used 432728K [0x0000000080000000, 0x0000000100000000)
  region size 1024K, 10 young (10240K), 10 survivors (10240K)
 Metaspace       used 159252K, committed 161472K, reserved 622592K
  class space    used 21122K, committed 22208K, reserved 425984K
}

Dll operation events (16 events):
Event: 0.009 Loaded shared library C:\Program Files\Microsoft\jdk-17.0.10.7-hotspot\bin\java.dll
Event: 0.031 Loaded shared library C:\Program Files\Microsoft\jdk-17.0.10.7-hotspot\bin\jsvml.dll
Event: 0.101 Loaded shared library C:\Program Files\Microsoft\jdk-17.0.10.7-hotspot\bin\zip.dll
Event: 0.104 Loaded shared library C:\Program Files\Microsoft\jdk-17.0.10.7-hotspot\bin\instrument.dll
Event: 0.109 Loaded shared library C:\Program Files\Microsoft\jdk-17.0.10.7-hotspot\bin\net.dll
Event: 0.111 Loaded shared library C:\Program Files\Microsoft\jdk-17.0.10.7-hotspot\bin\nio.dll
Event: 0.113 Loaded shared library C:\Program Files\Microsoft\jdk-17.0.10.7-hotspot\bin\zip.dll
Event: 0.432 Loaded shared library C:\Program Files\Microsoft\jdk-17.0.10.7-hotspot\bin\jimage.dll
Event: 0.712 Loaded shared library C:\Program Files\Microsoft\jdk-17.0.10.7-hotspot\bin\verify.dll
Event: 0.828 Loaded shared library C:\Users\PAVILION\.gradle\native\1def1411415f61bf3af743bc5b6707747c0891f09f0c88961ee8f79bc544acac\windows-amd64\native-platform.dll
Event: 0.845 Loaded shared library C:\Users\PAVILION\.gradle\native\0.2.7\x86_64-windows-gnu\gradle-fileevents.dll
Event: 2.298 Loaded shared library C:\Program Files\Microsoft\jdk-17.0.10.7-hotspot\bin\management.dll
Event: 2.300 Loaded shared library C:\Program Files\Microsoft\jdk-17.0.10.7-hotspot\bin\management_ext.dll
Event: 2.517 Loaded shared library C:\Program Files\Microsoft\jdk-17.0.10.7-hotspot\bin\extnet.dll
Event: 2.765 Loaded shared library C:\Program Files\Microsoft\jdk-17.0.10.7-hotspot\bin\sunmscapi.dll
Event: 97.789 Loaded shared library C:\Program Files\Microsoft\jdk-17.0.10.7-hotspot\bin\rmi.dll

Deoptimization events (20 events):
Event: 1946.671 Thread 0x00000224a67259c0 DEOPT PACKING pc=0x00000224f6d2cfc0 sp=0x000000bf3eef76e0
Event: 1946.671 Thread 0x00000224a67259c0 DEOPT UNPACKING pc=0x00000224f54669a3 sp=0x000000bf3eef73e8 mode 2
Event: 1946.727 Thread 0x00000224a67259c0 Uncommon trap: trap_request=0xffffff45 fr.pc=0x00000224f5af8720 relative=0x0000000000002680
Event: 1946.727 Thread 0x00000224a67259c0 Uncommon trap: reason=unstable_if action=reinterpret pc=0x00000224f5af8720 method=jdk.internal.reflect.Reflection.verifyMemberAccess(Ljava/lang/Class;Ljava/lang/Class;Ljava/lang/Class;I)Z @ 67 c2
Event: 1946.727 Thread 0x00000224a67259c0 DEOPT PACKING pc=0x00000224f5af8720 sp=0x000000bf3eef7780
Event: 1946.727 Thread 0x00000224a67259c0 DEOPT UNPACKING pc=0x00000224f54669a3 sp=0x000000bf3eef7710 mode 2
Event: 1946.727 Thread 0x00000224a67259c0 Uncommon trap: trap_request=0xffffff45 fr.pc=0x00000224f722e5a8 relative=0x0000000000000108
Event: 1946.727 Thread 0x00000224a67259c0 Uncommon trap: reason=unstable_if action=reinterpret pc=0x00000224f722e5a8 method=java.lang.reflect.AccessibleObject.checkAccess(Ljava/lang/Class;Ljava/lang/Class;Ljava/lang/Class;I)V @ 9 c2
Event: 1946.727 Thread 0x00000224a67259c0 DEOPT PACKING pc=0x00000224f722e5a8 sp=0x000000bf3eef7860
Event: 1946.727 Thread 0x00000224a67259c0 DEOPT UNPACKING pc=0x00000224f54669a3 sp=0x000000bf3eef7810 mode 2
Event: 1946.833 Thread 0x00000224a67259c0 Uncommon trap: trap_request=0xffffffde fr.pc=0x00000224f699e2d8 relative=0x0000000000000298
Event: 1946.833 Thread 0x00000224a67259c0 Uncommon trap: reason=class_check action=maybe_recompile pc=0x00000224f699e2d8 method=java.util.Spliterators$IteratorSpliterator.forEachRemaining(Ljava/util/function/Consumer;)V @ 26 c2
Event: 1946.833 Thread 0x00000224a67259c0 DEOPT PACKING pc=0x00000224f699e2d8 sp=0x000000bf3eef8070
Event: 1946.833 Thread 0x00000224a67259c0 DEOPT UNPACKING pc=0x00000224f54669a3 sp=0x000000bf3eef8020 mode 2
Event: 1947.715 Thread 0x00000224a67259c0 DEOPT PACKING pc=0x00000224f0002afe sp=0x000000bf3eef7330
Event: 1947.715 Thread 0x00000224a67259c0 DEOPT UNPACKING pc=0x00000224f5467143 sp=0x000000bf3eef6830 mode 0
Event: 1947.715 Thread 0x00000224a67259c0 DEOPT PACKING pc=0x00000224f0005e3c sp=0x000000bf3eef7490
Event: 1947.715 Thread 0x00000224a67259c0 DEOPT UNPACKING pc=0x00000224f5467143 sp=0x000000bf3eef6990 mode 0
Event: 1947.715 Thread 0x00000224a67259c0 DEOPT PACKING pc=0x00000224f0008cf4 sp=0x000000bf3eef7580
Event: 1947.715 Thread 0x00000224a67259c0 DEOPT UNPACKING pc=0x00000224f5467143 sp=0x000000bf3eef6a88 mode 0

Classes unloaded (0 events):
No events

Classes redefined (0 events):
No events

Internal exceptions (20 events):
Event: 1943.725 Thread 0x00000224a67259c0 Exception <a 'sun/nio/fs/WindowsException'{0x000000009c392a50}> (0x000000009c392a50) 
thrown [s\src\hotspot\share\prims\jni.cpp, line 516]
Event: 1944.245 Thread 0x00000224a67259c0 Exception <a 'sun/nio/fs/WindowsException'{0x000000009fd12cd0}> (0x000000009fd12cd0) 
thrown [s\src\hotspot\share\prims\jni.cpp, line 516]
Event: 1944.246 Thread 0x00000224a67259c0 Exception <a 'sun/nio/fs/WindowsException'{0x000000009fd12e80}> (0x000000009fd12e80) 
thrown [s\src\hotspot\share\prims\jni.cpp, line 516]
Event: 1944.248 Thread 0x00000224a67259c0 Exception <a 'sun/nio/fs/WindowsException'{0x000000009fd15ed8}> (0x000000009fd15ed8) 
thrown [s\src\hotspot\share\prims\jni.cpp, line 516]
Event: 1944.248 Thread 0x00000224a67259c0 Exception <a 'sun/nio/fs/WindowsException'{0x000000009fd16100}> (0x000000009fd16100) 
thrown [s\src\hotspot\share\prims\jni.cpp, line 516]
Event: 1944.248 Thread 0x00000224a67259c0 Exception <a 'sun/nio/fs/WindowsException'{0x000000009fd19d40}> (0x000000009fd19d40) 
thrown [s\src\hotspot\share\prims\jni.cpp, line 516]
Event: 1944.248 Thread 0x00000224a67259c0 Exception <a 'sun/nio/fs/WindowsException'{0x000000009fd19f68}> (0x000000009fd19f68) 
thrown [s\src\hotspot\share\prims\jni.cpp, line 516]
Event: 1945.406 Thread 0x00000224a46bda00 Exception <a 'sun/nio/fs/WindowsException'{0x000000009e20eb58}> (0x000000009e20eb58) 
thrown [s\src\hotspot\share\prims\jni.cpp, line 516]
Event: 1945.406 Thread 0x00000224a46bda00 Exception <a 'sun/nio/fs/WindowsException'{0x000000009e210ef8}> (0x000000009e210ef8) 
thrown [s\src\hotspot\share\prims\jni.cpp, line 516]
Event: 1945.407 Thread 0x00000224a46bda00 Exception <a 'sun/nio/fs/WindowsException'{0x000000009e2131d8}> (0x000000009e2131d8) 
thrown [s\src\hotspot\share\prims\jni.cpp, line 516]
Event: 1945.407 Thread 0x00000224a46bda00 Exception <a 'sun/nio/fs/WindowsException'{0x000000009e215180}> (0x000000009e215180) 
thrown [s\src\hotspot\share\prims\jni.cpp, line 516]
Event: 1945.409 Thread 0x00000224a46bda00 Exception <a 'sun/nio/fs/WindowsException'{0x000000009e21edd8}> (0x000000009e21edd8) 
thrown [s\src\hotspot\share\prims\jni.cpp, line 516]
Event: 1945.477 Thread 0x00000224a46bda00 Exception <a 'sun/nio/fs/WindowsException'{0x000000009e095ea8}> (0x000000009e095ea8) 
thrown [s\src\hotspot\share\prims\jni.cpp, line 516]
Event: 1945.479 Thread 0x00000224a46bda00 Exception <a 'sun/nio/fs/WindowsException'{0x000000009e0982c8}> (0x000000009e0982c8) 
thrown [s\src\hotspot\share\prims\jni.cpp, line 516]
Event: 1945.479 Thread 0x00000224a46bda00 Exception <a 'sun/nio/fs/WindowsException'{0x000000009e09a918}> (0x000000009e09a918) 
thrown [s\src\hotspot\share\prims\jni.cpp, line 516]
Event: 1945.479 Thread 0x00000224a46bda00 Exception <a 'sun/nio/fs/WindowsException'{0x000000009e09c950}> (0x000000009e09c950) 
thrown [s\src\hotspot\share\prims\jni.cpp, line 516]
Event: 1946.019 Thread 0x00000224a46bda00 Exception <a 'sun/nio/fs/WindowsException'{0x000000009d047620}> (0x000000009d047620) 
thrown [s\src\hotspot\share\prims\jni.cpp, line 516]
Event: 1946.019 Thread 0x00000224a46bda00 Exception <a 'sun/nio/fs/WindowsException'{0x000000009d049b18}> (0x000000009d049b18) 
thrown [s\src\hotspot\share\prims\jni.cpp, line 516]
Event: 1946.020 Thread 0x00000224a46bda00 Exception <a 'sun/nio/fs/WindowsException'{0x000000009d04bf90}> (0x000000009d04bf90) 
thrown [s\src\hotspot\share\prims\jni.cpp, line 516]
Event: 1946.020 Thread 0x00000224a46bda00 Exception <a 'sun/nio/fs/WindowsException'{0x000000009d04e2d8}> (0x000000009d04e2d8) 
thrown [s\src\hotspot\share\prims\jni.cpp, line 516]

VM Operations (20 events):
Event: 1916.815 Executing VM operation: Cleanup
Event: 1916.815 Executing VM operation: Cleanup done
Event: 1932.920 Executing VM operation: Cleanup
Event: 1932.920 Executing VM operation: Cleanup done
Event: 1942.988 Executing VM operation: Cleanup
Event: 1942.991 Executing VM operation: Cleanup done
Event: 1943.985 Executing VM operation: G1CollectForAllocation
Event: 1944.138 Executing VM operation: G1CollectForAllocation done
Event: 1945.138 Executing VM operation: Cleanup
Event: 1945.138 Executing VM operation: Cleanup done
Event: 1946.139 Executing VM operation: Cleanup
Event: 1946.143 Executing VM operation: Cleanup done
Event: 1946.192 Executing VM operation: HandshakeAllThreads
Event: 1946.194 Executing VM operation: HandshakeAllThreads done
Event: 1946.763 Executing VM operation: HandshakeAllThreads
Event: 1946.763 Executing VM operation: HandshakeAllThreads done
Event: 1947.484 Executing VM operation: G1CollectForAllocation
Event: 1947.518 Executing VM operation: G1CollectForAllocation done
Event: 1947.715 Executing VM operation: HandshakeAllThreads
Event: 1947.715 Executing VM operation: HandshakeAllThreads done

Events (20 events):
Event: 1946.668 Thread 0x00000224841fe670 flushing nmethod 0x00000224eee43190
Event: 1946.668 Thread 0x00000224841fe670 flushing nmethod 0x00000224eee45010
Event: 1946.668 Thread 0x00000224841fe670 flushing nmethod 0x00000224eee45a10
Event: 1946.668 Thread 0x00000224841fe670 flushing nmethod 0x00000224eee46390
Event: 1946.698 Thread 0x00000224841fe670 flushing nmethod 0x00000224ef518e90
Event: 1946.767 Thread 0x00000224841fe670 flushing nmethod 0x00000224efd26090
Event: 1946.767 Thread 0x00000224841fe670 flushing nmethod 0x00000224efd29f90
Event: 1946.767 Thread 0x00000224841fe670 flushing nmethod 0x00000224efd2c910
Event: 1946.767 Thread 0x00000224841fe670 flushing nmethod 0x00000224efd2cc90
Event: 1946.769 Thread 0x00000224841fe670 flushing nmethod 0x00000224efd8ae90
Event: 1946.769 Thread 0x00000224841fe670 flushing nmethod 0x00000224efd8cd90
Event: 1946.770 Thread 0x00000224841fe670 flushing nmethod 0x00000224efdad690
Event: 1946.770 Thread 0x00000224841fe670 flushing nmethod 0x00000224efdb0590
Event: 1946.770 Thread 0x00000224841fe670 flushing nmethod 0x00000224efdb2010
Event: 1946.770 Thread 0x00000224841fe670 flushing nmethod 0x00000224efdb7d10
Event: 1946.776 Thread 0x00000224841fe670 flushing nmethod 0x00000224effa0c90
Event: 1946.777 Thread 0x00000224841fe670 flushing nmethod 0x00000224effee210
Event: 1947.582 Thread 0x00000224af6c0040 Thread added: 0x00000224af6c0040
Event: 1947.860 loading class java/lang/invoke/VarHandleInts$Array
Event: 1947.863 loading class java/lang/invoke/VarHandleInts$Array done


Dynamic libraries:
0x00007ff7179b0000 - 0x00007ff7179be000 	C:\Program Files\Microsoft\jdk-17.0.10.7-hotspot\bin\java.exe
0x00007ffcd13c0000 - 0x00007ffcd15c9000 	C:\Windows\SYSTEM32\ntdll.dll
0x00007ffccf4b0000 - 0x00007ffccf56e000 	C:\Windows\System32\KERNEL32.DLL
0x00007ffccede0000 - 0x00007ffccf164000 	C:\Windows\System32\KERNELBASE.dll
0x00007ffcce850000 - 0x00007ffcce961000 	C:\Windows\System32\ucrtbase.dll
0x00007ffcacfd0000 - 0x00007ffcacfe7000 	C:\Program Files\Microsoft\jdk-17.0.10.7-hotspot\bin\jli.dll
0x00007ffcd0d20000 - 0x00007ffcd0ecd000 	C:\Windows\System32\USER32.dll
0x00007ffccf170000 - 0x00007ffccf196000 	C:\Windows\System32\win32u.dll
0x00007ffccf8f0000 - 0x00007ffccf91a000 	C:\Windows\System32\GDI32.dll
0x00007ffcce9f0000 - 0x00007ffcceb0f000 	C:\Windows\System32\gdi32full.dll
0x00007ffcceb10000 - 0x00007ffccebad000 	C:\Windows\System32\msvcp_win.dll
0x00007ffcac340000 - 0x00007ffcac35b000 	C:\Program Files\Microsoft\jdk-17.0.10.7-hotspot\bin\VCRUNTIME140.dll
0x00007ffcb25f0000 - 0x00007ffcb2895000 	C:\Windows\WinSxS\amd64_microsoft.windows.common-controls_6595b64144ccf1df_6.0.22000.120_none_9d947278b86cc467\COMCTL32.dll
0x00007ffcd1060000 - 0x00007ffcd1103000 	C:\Windows\System32\msvcrt.dll
0x00007ffccfa10000 - 0x00007ffccfa41000 	C:\Windows\System32\IMM32.DLL
0x00007ffcc93b0000 - 0x00007ffcc93bc000 	C:\Program Files\Microsoft\jdk-17.0.10.7-hotspot\bin\vcruntime140_1.dll
0x00007ffc88720000 - 0x00007ffc887ad000 	C:\Program Files\Microsoft\jdk-17.0.10.7-hotspot\bin\msvcp140.dll
0x00007ffc7c840000 - 0x00007ffc7d4a5000 	C:\Program Files\Microsoft\jdk-17.0.10.7-hotspot\bin\server\jvm.dll
0x00007ffcd12d0000 - 0x00007ffcd137f000 	C:\Windows\System32\ADVAPI32.dll
0x00007ffcd1230000 - 0x00007ffcd12ce000 	C:\Windows\System32\sechost.dll
0x00007ffccf210000 - 0x00007ffccf331000 	C:\Windows\System32\RPCRT4.dll
0x00007ffcc8520000 - 0x00007ffcc8529000 	C:\Windows\SYSTEM32\WSOCK32.dll
0x00007ffccf440000 - 0x00007ffccf4af000 	C:\Windows\System32\WS2_32.dll
0x00007ffccd1a0000 - 0x00007ffccd1ed000 	C:\Windows\SYSTEM32\POWRPROF.dll
0x00007ffcc8bf0000 - 0x00007ffcc8c23000 	C:\Windows\SYSTEM32\WINMM.dll
0x00007ffcc6d30000 - 0x00007ffcc6d3a000 	C:\Windows\SYSTEM32\VERSION.dll
0x00007ffccd290000 - 0x00007ffccd2a3000 	C:\Windows\SYSTEM32\UMPDC.dll
0x00007ffccd9a0000 - 0x00007ffccd9b8000 	C:\Windows\SYSTEM32\kernel.appcore.dll
0x00007ffcc7e80000 - 0x00007ffcc7e8a000 	C:\Program Files\Microsoft\jdk-17.0.10.7-hotspot\bin\jimage.dll
0x00007ffccbd20000 - 0x00007ffccbf41000 	C:\Windows\SYSTEM32\DBGHELP.DLL
0x00007ffcac280000 - 0x00007ffcac2b1000 	C:\Windows\SYSTEM32\dbgcore.DLL
0x00007ffcce970000 - 0x00007ffcce9ef000 	C:\Windows\System32\bcryptPrimitives.dll
0x00007ffcb3db0000 - 0x00007ffcb3dbe000 	C:\Program Files\Microsoft\jdk-17.0.10.7-hotspot\bin\instrument.dll
0x00007ffcab110000 - 0x00007ffcab135000 	C:\Program Files\Microsoft\jdk-17.0.10.7-hotspot\bin\java.dll
0x00007ffc884a0000 - 0x00007ffc88577000 	C:\Program Files\Microsoft\jdk-17.0.10.7-hotspot\bin\jsvml.dll
0x00007ffccfcd0000 - 0x00007ffcd0495000 	C:\Windows\System32\SHELL32.dll
0x00007ffccc920000 - 0x00007ffccd184000 	C:\Windows\SYSTEM32\windows.storage.dll
0x00007ffccf570000 - 0x00007ffccf8e6000 	C:\Windows\System32\combase.dll
0x00007ffccc7b0000 - 0x00007ffccc917000 	C:\Windows\SYSTEM32\wintypes.dll
0x00007ffccf340000 - 0x00007ffccf42a000 	C:\Windows\System32\SHCORE.dll
0x00007ffcd0ee0000 - 0x00007ffcd0f3d000 	C:\Windows\System32\shlwapi.dll
0x00007ffcce780000 - 0x00007ffcce7a5000 	C:\Windows\SYSTEM32\profapi.dll
0x00007ffc96640000 - 0x00007ffc96658000 	C:\Program Files\Microsoft\jdk-17.0.10.7-hotspot\bin\zip.dll
0x00007ffca9f20000 - 0x00007ffca9f39000 	C:\Program Files\Microsoft\jdk-17.0.10.7-hotspot\bin\net.dll
0x00007ffcc9410000 - 0x00007ffcc9523000 	C:\Windows\SYSTEM32\WINHTTP.dll
0x00007ffccde50000 - 0x00007ffccdeb7000 	C:\Windows\system32\mswsock.dll
0x00007ffca9c70000 - 0x00007ffca9c86000 	C:\Program Files\Microsoft\jdk-17.0.10.7-hotspot\bin\nio.dll
0x00007ffcb4eb0000 - 0x00007ffcb4ec0000 	C:\Program Files\Microsoft\jdk-17.0.10.7-hotspot\bin\verify.dll
0x00007ffc97c70000 - 0x00007ffc97c97000 	C:\Users\PAVILION\.gradle\native\1def1411415f61bf3af743bc5b6707747c0891f09f0c88961ee8f79bc544acac\windows-amd64\native-platform.dll
0x00007ffc888e0000 - 0x00007ffc88958000 	C:\Users\PAVILION\.gradle\native\0.2.7\x86_64-windows-gnu\gradle-fileevents.dll
0x00007ffcab080000 - 0x00007ffcab089000 	C:\Program Files\Microsoft\jdk-17.0.10.7-hotspot\bin\management.dll
0x00007ffca9d80000 - 0x00007ffca9d8b000 	C:\Program Files\Microsoft\jdk-17.0.10.7-hotspot\bin\management_ext.dll
0x00007ffccf430000 - 0x00007ffccf438000 	C:\Windows\System32\PSAPI.DLL
0x00007ffccd440000 - 0x00007ffccd46d000 	C:\Windows\SYSTEM32\IPHLPAPI.DLL
0x00007ffcd0b90000 - 0x00007ffcd0b99000 	C:\Windows\System32\NSI.dll
0x00007ffcc9620000 - 0x00007ffcc9639000 	C:\Windows\SYSTEM32\dhcpcsvc6.DLL
0x00007ffcc9800000 - 0x00007ffcc981e000 	C:\Windows\SYSTEM32\dhcpcsvc.DLL
0x00007ffccd470000 - 0x00007ffccd557000 	C:\Windows\SYSTEM32\DNSAPI.dll
0x00007ffca9be0000 - 0x00007ffca9be9000 	C:\Program Files\Microsoft\jdk-17.0.10.7-hotspot\bin\extnet.dll
0x00007ffcce0a0000 - 0x00007ffcce0b8000 	C:\Windows\SYSTEM32\CRYPTSP.dll
0x00007ffccd900000 - 0x00007ffccd935000 	C:\Windows\system32\rsaenh.dll
0x00007ffccdf50000 - 0x00007ffccdf7c000 	C:\Windows\SYSTEM32\USERENV.dll
0x00007ffcce220000 - 0x00007ffcce247000 	C:\Windows\SYSTEM32\bcrypt.dll
0x00007ffcce0c0000 - 0x00007ffcce0cc000 	C:\Windows\SYSTEM32\CRYPTBASE.dll
0x00007ffcaf3e0000 - 0x00007ffcaf3ee000 	C:\Program Files\Microsoft\jdk-17.0.10.7-hotspot\bin\sunmscapi.dll
0x00007ffccec70000 - 0x00007ffccedda000 	C:\Windows\System32\CRYPT32.dll
0x00007ffcce1f0000 - 0x00007ffcce21a000 	C:\Windows\SYSTEM32\ncrypt.dll
0x00007ffcce1b0000 - 0x00007ffcce1e7000 	C:\Windows\SYSTEM32\NTASN1.dll
0x00007ffcb4550000 - 0x00007ffcb4558000 	C:\Windows\system32\wshunix.dll
0x00007ffc9dd60000 - 0x00007ffc9dd77000 	C:\Windows\system32\napinsp.dll
0x00007ffc9dd40000 - 0x00007ffc9dd5b000 	C:\Windows\system32\pnrpnsp.dll
0x00007ffc9dd20000 - 0x00007ffc9dd32000 	C:\Windows\System32\winrnr.dll
0x00007ffcc7eb0000 - 0x00007ffcc7ec5000 	C:\Windows\system32\wshbth.dll
0x00007ffc9dd00000 - 0x00007ffc9dd1f000 	C:\Windows\system32\nlansp_c.dll
0x0000000066890000 - 0x00000000668b6000 	C:\Program Files\Bonjour\mdnsNSP.dll
0x00007ffcbe170000 - 0x00007ffcbe17a000 	C:\Windows\System32\rasadhlp.dll
0x00007ffcc7600000 - 0x00007ffcc7682000 	C:\Windows\System32\fwpuclnt.dll
0x00007ffcac3f0000 - 0x00007ffcac3f7000 	C:\Program Files\Microsoft\jdk-17.0.10.7-hotspot\bin\rmi.dll
0x00007ffccd9c0000 - 0x00007ffccd9f4000 	C:\Windows\SYSTEM32\ntmarta.dll

dbghelp: loaded successfully - version: 4.0.5 - missing functions: none
symbol engine: initialized successfully - sym options: 0x614 - pdb path: .;C:\Program Files\Microsoft\jdk-17.0.10.7-hotspot\bin;C:\Windows\SYSTEM32;C:\Windows\WinSxS\amd64_microsoft.windows.common-controls_6595b64144ccf1df_6.0.22000.120_none_9d947278b86cc467;C:\Program Files\Microsoft\jdk-17.0.10.7-hotspot\bin\server;C:\Users\PAVILION\.gradle\native\1def1411415f61bf3af743bc5b6707747c0891f09f0c88961ee8f79bc544acac\windows-amd64;C:\Users\PAVILION\.gradle\native\0.2.7\x86_64-windows-gnu;C:\Program Files\Bonjour

VM Arguments:
jvm_args: --add-opens=java.base/java.lang=ALL-UNNAMED --add-opens=java.base/java.lang.invoke=ALL-UNNAMED --add-opens=java.base/java.util=ALL-UNNAMED --add-opens=java.prefs/java.util.prefs=ALL-UNNAMED --add-exports=jdk.compiler/com.sun.tools.javac.api=ALL-UNNAMED --add-exports=jdk.compiler/com.sun.tools.javac.util=ALL-UNNAMED --add-opens=java.base/java.util=ALL-UNNAMED --add-opens=java.prefs/java.util.prefs=ALL-UNNAMED --add-opens=java.base/java.nio.charset=ALL-UNNAMED --add-opens=java.base/java.net=ALL-UNNAMED --add-opens=java.base/java.util.concurrent.atomic=ALL-UNNAMED --add-opens=java.xml/javax.xml.namespace=ALL-UNNAMED -XX:MaxMetaspaceSize=512m -Xmx2048m -Dfile.encoding=windows-1252 -Duser.country=US -Duser.language=en -Duser.variant -javaagent:C:\Users\PAVILION\.gradle\wrapper\dists\gradle-8.13-bin\5xuhj0ry160q40clulazy9h7d\gradle-8.13\lib\agents\gradle-instrumentation-agent-8.13.jar 
java_command: org.gradle.launcher.daemon.bootstrap.GradleDaemon 8.13
java_class_path (initial): C:\Users\PAVILION\.gradle\wrapper\dists\gradle-8.13-bin\5xuhj0ry160q40clulazy9h7d\gradle-8.13\lib\gradle-daemon-main-8.13.jar
Launcher Type: SUN_STANDARD

[Global flags]
     intx CICompilerCount                          = 3                                         {product} {ergonomic}
   size_t CompressedClassSpaceSize                 = 436207616                                 {product} {ergonomic}
     uint ConcGCThreads                            = 1                                         {product} {ergonomic}
     uint G1ConcRefinementThreads                  = 4                                         {product} {ergonomic}
   size_t G1HeapRegionSize                         = 1048576                                   {product} {ergonomic}
    uintx GCDrainStackTargetSize                   = 64                                        {product} {ergonomic}
   size_t InitialHeapSize                          = 134217728                                 {product} {ergonomic}
   size_t MarkStackSize                            = 4194304                                   {product} {ergonomic}
   size_t MaxHeapSize                              = 2147483648                                {product} {command line}
   size_t MaxMetaspaceSize                         = 536870912                                 {product} {command line}
   size_t MaxNewSize                               = 1287651328                                {product} {ergonomic}
   size_t MinHeapDeltaBytes                        = 1048576                                   {product} {ergonomic}
   size_t MinHeapSize                              = 8388608                                   {product} {ergonomic}
    uintx NonNMethodCodeHeapSize                   = 5832780                                {pd product} {ergonomic}
    uintx NonProfiledCodeHeapSize                  = 122912730                              {pd product} {ergonomic}
    uintx ProfiledCodeHeapSize                     = 122912730                              {pd product} {ergonomic}
    uintx ReservedCodeCacheSize                    = 251658240                              {pd product} {ergonomic}
     bool SegmentedCodeCache                       = true                                      {product} {ergonomic}
   size_t SoftMaxHeapSize                          = 2147483648                             {manageable} {ergonomic}
     bool UseCompressedClassPointers               = true                           {product lp64_product} {ergonomic}
     bool UseCompressedOops                        = true                           {product lp64_product} {ergonomic}
     bool UseG1GC                                  = true                                      {product} {ergonomic}
     bool UseLargePagesIndividualAllocation        = false                                  {pd product} {ergonomic}

Logging:
Log output configuration:
 #0: stdout all=warning uptime,level,tags
 #1: stderr all=off uptime,level,tags

Environment Variables:
JAVA_HOME=C:\Program Files\Microsoft\jdk-17.0.10.7-hotspot\
CLASSPATH=D:\Dev space\Gemma showcase\SmartMoney\android\\gradle\wrapper\gradle-wrapper.jar
PATH=C:\Users\PAVILION\AppData\Local\Temp\yarn--1753856163941-0.6317237038156476;D:\Dev space\Gemma showcase\SmartMoney\node_modules\.bin;C:\Users\PAVILION\AppData\Local\Yarn\Data\link\node_modules\.bin;C:\Users\PAVILION\AppData\Local\Yarn\bin;C:\Program Files\libexec\lib\node_modules\npm\bin\node-gyp-bin;C:\Program Files\lib\node_modules\npm\bin\node-gyp-bin;C:\Program Files\nodejs\node_modules\npm\bin\node-gyp-bin;C:\Program Files\Microsoft\jdk-17.0.10.7-hotspot\bin;C:\Program Files\Common Files\Oracle\Java\javapath;C:\Program Files\Microsoft\jdk-11.0.20.8-hotspot\bin;C:\Program Files\Python311\Scripts\;C:\Program Files\Python311\;C:\Windows\system32;C:\Windows;C:\Windows\System32\Wbem;C:\Windows\System32\WindowsPowerShell\v1.0\;C:\Windows\System32\OpenSSH\;C:\Program Files\Git\cmd;C:\Program Files\dotnet\;C:\Program Files\Odoo 15.0e.20220315\python;C:\Program Files\Odoo 15.0e.20220315\PostgreSQL\bin;C:\Users\PAVILION\AppData\Roaming\npm;C:\Users\PAVILION\EspaceDev\Pro-Project\Logic Habit\Backend - Django\env\Scripts\celery;C:\EspaceDev\JobScraper\.env\Scripts;D:\Tools\android_sdk\platform-tools;C:\ProgramData\chocolatey\bin;C:\Users\PAVILION\Downloads\v1.1.11\coreybutler-nvm-windows-3f0dba1;C:\Users\PAVILION\AppData\Roaming\nvm;C:\Program Files\nodejs;E:\Program\Redis\;C:\Users\PAVILION\AppData\Local\Programs\Microsoft VS Code\bin;C:\Users\PAVILION\AppData\Roaming\npm;C:\Users\PAVILION\AppData\Roaming\nvm;C:\Program Files\nodejs;D:\Tools\android_sdk\platform-tools;D:\Tools\android_sdk\cmdline-tools\latest\bin;
USERNAME=PAVILION
OS=Windows_NT
PROCESSOR_IDENTIFIER=Intel64 Family 6 Model 142 Stepping 9, GenuineIntel
TMP=C:\Users\PAVILION\AppData\Local\Temp
TEMP=C:\Users\PAVILION\AppData\Local\Temp



Periodic native trim disabled


---------------  S Y S T E M  ---------------

OS:
 Windows 11 , 64 bit Build 22000 (10.0.22000.2124)
OS uptime: 0 days 8:10 hours

CPU: total 4 (initial active 4) (2 cores per cpu, 2 threads per core) family 6 model 142 stepping 9 microcode 0xde, cx8, cmov, fxsr, ht, mmx, 3dnowpref, sse, sse2, sse3, ssse3, sse4.1, sse4.2, popcnt, lzcnt, tsc, tscinvbit, avx, avx2, aes, erms, clmul, bmi1, bmi2, adx, fma, vzeroupper, clflush, clflushopt
Processor Information for all 4 processors :
  Max Mhz: 2904, Current Mhz: 2703, Mhz Limit: 2700

Memory: 4k page, system-wide physical 8077M (584M free)
TotalPageFile size 13035M (AvailPageFile size 6M)
current process WorkingSet (physical memory assigned to process): 526M, peak: 1065M
current process commit charge ("private bytes"): 1060M, peak: 1107M

vm_info: OpenJDK 64-Bit Server VM (17.0.10+7-LTS) for windows-amd64 JRE (17.0.10+7-LTS), built on Jan 10 2024 19:47:12 by "MicrosoftCorporation" with MS VC++ 16.10 / 16.11 (VS2019)

END.
